date,adj close,close,high,low,open,volume,ret_1d,signal,target,ret_5d,ret_10d,ret_20d,ret_intraday,ret_overnight,high_low_range,log_volume,ema50,close_vs_ma5,close_vs_ma20,close_vs_ma50,close_vs_252d_high,close_vs_252d_low,ma5_smooth_signal,momentum_5_20,vol_5d,vol_20d,vol_50d,volume_ratio_20d,volume_normalized,rsi_14,ret_zscore,dow,vix_level,vix_change,vix_5d_change,vix_ma_ratio
2022-01-03,36421.4765625,36421.8984375,36492.1015625,35526.6015625,35585.19921875,219000,,-1,1.0,,,,0.023512562445038653,,0.02717681842721288,12.296827008798639,,,,,,,,,,,,,,,,0,16.450000762939453,,,
2022-01-04,36839.71875,36840.1484375,36887.80078125,36374.3984375,36551.25,190500,0.011483476093859135,1,1.0,,,,0.007903927704250881,0.0035514777661018234,0.014114387200991082,12.157407473548894,,,,,,,,,,,,,,,,1,16.1200008392334,-0.020060784705221324,,
2022-01-05,37695.4609375,37695.8984375,37862.3984375,36756.3515625,36943.55078125,237400,0.023228733767232113,1,-1.0,,,,0.02036479007404561,0.002806784123723714,0.030091312874709366,12.377501761157705,,,,,,,,,,,,,,,,2,17.229999542236328,0.06885847675028511,,
2022-01-06,37489.8125,37490.25,37752.5,37058.44921875,37242.55078125,199000,-0.005455459241566207,-1,1.0,,,,0.006650973511586262,-0.012026445184789875,0.01872854358133367,12.201060103706629,,,,,,,,,,,,,,,,3,17.979999542236328,0.043528730117578185,,
2022-01-07,37739.1640625,37739.6015625,38134.8515625,37427.80078125,37667.05078125,183300,0.006651104287114684,1,1.0,,,,0.0019261072939141418,0.004715913637545762,0.018891058691436858,12.118879433827797,,0.013482145337297712,,,,,,,,,,,,,,4,17.600000381469727,-0.021134547855463315,,
2022-01-10,38347.453125,38347.8984375,38400.3515625,37929.3515625,37930.55078125,206500,0.01611826436462538,1,1.0,0.05288027485181801,,,0.011002942157547187,0.00505965115804871,0.012417823680003756,12.238055691383224,,0.019273946795668774,,,,,0.010206785022944143,,0.010678915244523485,,,,,,,0,17.68000030517578,0.004545450112051208,0.07477200517871219,
2022-01-11,38441.75390625,38442.19921875,38504.6015625,38031.75,38370.0,159500,0.0024590860279787297,1,1.0,0.04348654522844586,,,0.0018816580336200157,0.0005763435129573389,0.012433074010530676,11.979799201207037,,0.013152029565927474,,,,,0.00835535112236227,,0.011185667607346787,,,,,,,1,17.760000228881836,0.0045248824844552615,0.1017369295451247,
2022-01-12,38727.1015625,38727.55078125,38851.44921875,38604.6015625,38719.6015625,156100,0.007422872996319718,1,-1.0,0.027367761122884193,,,0.00020530218362832618,0.007216089333793846,0.00639425473282917,11.958252106503524,,0.015152250520976684,,,,,0.005367290970422989,,0.00781772673263119,,,,,,,2,17.18000030517578,-0.03265765294095224,-0.0029018710614577836,
2022-01-13,38469.50390625,38469.94921875,38717.55078125,38376.1484375,38717.55078125,159200,-0.006651635781334209,-1,-1.0,0.026132106847780445,,,-0.006395072970883985,-0.0002582141085162947,0.008896211778678447,11.97791655239242,,0.0032470451638409227,,,,,0.005059443207672795,,0.008243031199542148,,,,,,,3,16.700000762939453,-0.02793943735214721,-0.07119014526613665,
2022-01-14,38369.953125,38370.3984375,38448.05078125,38007.75,38302.3515625,148600,-0.0025877544231713845,-1,-1.0,0.01671445507858227,,,0.0017765717305623981,-0.004356586365555013,0.011584500036176832,11.909013411265796,,-0.0026305322187043104,,,,,0.003279426606014693,,0.008841612205448924,,,,,,,4,16.559999465942383,-0.008383310814437883,-0.059090959828746126,
2022-01-17,38215.703125,38216.1484375,38617.5,38138.25,38212.55078125,140300,-0.004020026016963385,-1,-1.0,-0.003435651114355842,0.0492629455622402,,9.414855005610579e-05,-0.004113787259913699,0.012566124559988987,11.851538266090552,,-0.005959144131084705,,,,,-0.0006867272969009951,,0.005608837331897913,,,,,,,0,16.770000457763672,0.012681219721847325,-0.05147057871631988,
2022-01-18,38209.85546875,38210.30078125,38855.55078125,38095.3984375,38337.3984375,168800,-0.00015301532177069976,-1,-1.0,-0.006032392584524482,0.03719182473095861,,-0.0033152394640758543,0.0031727425435950567,0.019953915037720885,12.036469861143994,,-0.004910789101396237,,,,,-0.001213614908782744,,0.0053589679820020076,,,,,,,1,17.780000686645508,0.06022660711462624,0.0011261518865943732,
2022-01-19,38040.91015625,38041.3515625,38330.5,37769.25,38145.75,165300,-0.004421562125805245,-1,-1.0,-0.017718631953410946,0.00916420988274802,,-0.0027368301186895,-0.0016893554860912118,0.014859972067223998,12.015517283809116,,-0.00575715479970686,,,,,-0.003591697551288206,,0.0024093328935993643,,,,,,,2,17.81999969482422,0.00224966291529749,0.03725258313619628,
2022-01-20,37850.41015625,37850.8515625,38167.94921875,37591.8515625,38106.1015625,149600,-0.005007708511276743,-1,-1.0,-0.01609301984594913,0.009618542487713544,,-0.00669840234329271,0.0017020951501583496,0.015325067329875553,11.915720344522514,,-0.007524254606500391,,,,,-0.003254866774293402,,0.001946809975494508,,,,,60.29208568039043,,3,17.790000915527344,-0.0016834332104723737,0.0652694672330083,
2022-01-21,37573.86328125,37574.30078125,37741.0,37224.25,37522.3515625,157800,-0.007306329179763704,-1,-1.0,-0.0207477036639776,-0.004380035146270611,,0.0013844872878894475,-0.008678800778301512,0.013882079558352418,11.96908368739391,,-0.010645203971415069,,,,,-0.004206497996144109,,0.0025956857940934042,,,,,52.73936712816236,,4,18.88999938964844,0.06183240120920974,0.1407004830222356,
2022-01-24,36947.12109375,36947.55078125,37694.69921875,36375.3515625,37601.94921875,231000,-0.01668028378355757,-1,1.0,-0.033195329935582274,-0.0365169334776535,,-0.01740331155954245,0.0007358337194606395,0.03627037539370861,12.35017298950393,,-0.020604982600690214,,,,,-0.006752475121948404,,0.006197830823350343,,,,,40.390516514763114,,0,22.82999992370605,0.2085760011308786,0.3613595289520044,
2022-01-25,37706.3125,37706.75,37788.80078125,36415.6015625,36598.05078125,267500,0.02054802558483182,1,1.0,-0.013178404015523837,-0.019131299293389192,,0.030293941755991316,-0.009459355021100964,0.0377090906048382,12.496874845318198,,0.0021951070918816533,,,,,-0.002725760006292783,,0.01378467335813643,,,,,54.33792103279986,,1,21.36000061035156,-0.06438893203096707,0.20134981920416783,
2022-01-27,37981.66015625,37982.1015625,38147.6484375,37012.25,37058.19921875,346300,0.007302447506083221,1,-1.0,-0.0015575156393340395,-0.01924855054636998,,0.024931118166220595,-0.017199858944353465,0.030676287918189247,12.755060730390513,,0.009831637987213251,,,,,-0.00031426733940205786,,0.014388209305423252,,,,,58.16150448662362,,3,21.06999969482422,-0.013576821500033032,0.18237935216934686,
2022-01-28,37688.9609375,37689.3984375,38421.69921875,37581.5,38246.6015625,294300,-0.007706343592345788,-1,1.0,-0.004265508392417683,-0.020289883327154645,,-0.014568696360889907,0.00696380634875514,0.02235672388675279,12.592354934221564,,0.002910539273008886,,,,,-0.0008501537216645805,,0.01465911872920712,,,,,53.07382463308986,,4,20.700000762939453,-0.01756046213781648,0.16357502516327727,
2022-01-31,37974.91015625,37975.3515625,38217.25,37647.8515625,38091.80078125,217800,0.007587097084454486,1,1.0,0.010673539438161184,-0.01029561565912529,,-0.0030570678298653714,0.010676804630280855,0.015124327521179516,12.291332489480997,,0.008367476508447914,0.0036566498187997933,,,,0.0021281888163594523,,0.014526051615671767,,,1.0895992796037821,0.3291956893556755,57.02854994358166,,0,21.950000762939453,0.06038647120428875,0.16199054908217025,1.1922220663067558
2022-02-01,38505.05078125,38505.5,38802.69921875,37690.6015625,38460.44921875,234100,0.01396032994263341,1,1.0,0.042166508626618304,0.007571447524943986,0.05720738489443278,0.00117135348559676,0.012774013571714383,0.029505967274252098,12.363503653479002,,0.014054624800916304,0.01487368274704189,,,,0.008205054882432993,-0.015040876267814474,0.01042427161189984,0.010558340959234505,,1.1667372722968428,0.61062740188586,63.21765555045588,1.0489392827488835,1,19.979999542236328,-0.08974948301729857,-0.12483575957047466,1.074915902472758
2022-02-02,39330.04296875,39330.5,39386.6015625,38752.6484375,38841.55078125,252600,0.02142551064133702,1,-1.0,0.04306258163326193,0.029316681519023557,0.06759884713073094,0.01258830321950046,0.008727344957213905,0.016358962562840966,12.439562488898527,,0.026997970812089284,0.03322696465535575,,,,0.008433860097908091,-0.024536265497469012,0.010677264858803097,0.011187235469929306,,1.2397546012269938,0.8734055764208228,70.36963199991683,1.6089546987663939,2,18.649999618530277,-0.06656656427316343,-0.12687270198428513,0.9965800731684372
2022-02-03,39009.546875,39010.0,39424.8515625,38861.1484375,39255.69921875,193800,-0.00814889208120928,-1,-1.0,0.02706270572755387,0.025463039500806417,0.03486059802179242,-0.006258943889417331,-0.001901851775339749,0.01450557041325215,12.174581978438804,,0.013190172496860527,0.023041440853296076,,,,0.005226978744231613,-0.007797892294238551,0.013066461929894673,0.010444854617398943,,0.9614525971126656,-0.14026020977614098,65.07585863607852,-0.9457110898942499,3,19.15999984741211,0.027345857335841828,-0.09065020764482001,1.0185800324159529
2022-02-04,38788.90234375,38789.3515625,39278.6015625,38562.6015625,39128.0,163100,-0.005656201935401173,-1,-1.0,0.029184682446551813,0.024794686546228295,0.034651717779956126,-0.008654887484665712,0.003024865419123302,0.01856721203935241,12.002118788609105,,0.001735723707810898,0.015525011831596287,,,,0.005639339271981506,-0.005467035333404313,0.012573368252692244,0.010452256769194944,,0.816418470779627,-0.6541826654304909,61.63801428845557,-0.7065159521946086,4,18.899999618530277,-0.01356994942340517,-0.08695657381964128,1.0023068686879264
2022-02-07,37995.0078125,37995.44921875,38837.55078125,37802.69921875,38592.05078125,241900,-0.020467017667743503,-1,1.0,0.0005292289715059795,0.011208417155966321,0.0067792887486184394,-0.01545918266644331,-0.005086467633574533,0.027375070666560166,12.39627969659812,,-0.018868664865087866,-0.005592794546491313,,,,0.00010362460541583073,-0.00625005977711246,0.017090315224483402,0.011505544743184425,,1.193359808588836,0.6914669557936628,51.16462974920736,-1.8102484419624272,0,20.440000534057617,0.08148153156667082,-0.06879271874246728,1.075874430391245
2022-02-08,38028.0078125,38028.44921875,38222.1015625,37319.05078125,38176.1015625,200200,0.0008685250649362874,1,1.0,-0.012389159503187863,0.029254941522362854,-0.008330292708755405,-0.0038676642639445774,0.004754578442011199,0.02419811764622145,12.207072145863258,,-0.015591226710586773,-0.004312902700766899,,,,-0.0025110943076550596,-0.004058866794432459,0.01537723775921679,0.01090398052778811,,0.9891793072780276,-0.0386385523120619,51.53327919576181,0.11263523608717937,1,19.68000030517578,-0.037182006312353355,-0.015014977173866795,1.0304474248768825
2022-02-09,38609.80078125,38610.25,38648.1484375,38192.0,38283.6015625,124900,0.015299093000172626,1,1.0,-0.018312759817444513,0.023961227101248372,0.004371518400748453,0.008532333013829151,0.006709512193944439,0.011943559842375367,11.73526869611367,,0.0032101998872338475,0.010697852185363451,,,,-0.003787953570533157,-0.022684278218192966,0.013131301681337554,0.011438819115357919,,0.6224459284361606,-1.2938442365724487,57.60899997695608,1.3104966766740662,2,18.559999465942383,-0.05691061086715743,-0.004825745545778526,0.9697729368164323
2022-02-10,39010.49609375,39010.94921875,39197.19921875,38520.0,38801.44921875,147800,0.010378052945785088,1,-1.0,2.4332703153051582e-05,0.027087696939491757,0.007317747489397286,0.005399282867475049,0.004952032653246223,0.01758045739226376,11.903615287496239,,0.013616568580303213,0.020808284625199094,,,,4.916926204979786e-06,-0.0072934147862442344,0.014121720897242581,0.011553724294814815,,0.7380958326050588,-0.890181833738122,61.21516044546585,0.8595505285679415,3,17.709999084472656,-0.045797435664234665,-0.07567853729055751,0.9240803042836606
2022-02-11,38516.80078125,38517.25,38790.25,38396.3984375,38567.6484375,155000,-0.01265540133313936,-1,-1.0,-0.007014852054476162,0.021965104162456228,0.0012295514345765923,-0.0013067542238586866,-0.011363496406207272,0.010257513166009426,11.951180395901384,,0.0022059594344065424,0.007827175193305133,,,,-0.0013950009827971464,-0.008244403489052754,0.01514774188742779,0.011824449150520527,,0.7748643987302222,-0.7623205584212679,55.006292951744584,-1.0793314195554125,4,18.68000030517578,0.054771387399651594,-0.011640175544702092,0.9696843994956555
2022-02-14,36908.12109375,36908.55078125,37796.55078125,36828.05078125,37664.0,213800,-0.041765682096982504,-1,1.0,-0.028606016242693544,-0.028091926403742584,-0.03809831838549049,-0.02005759395576678,-0.022152412230883566,0.026297889229942233,12.272796277573082,,-0.03418908781431746,-0.03241490145663331,,,,-0.005643696979924504,0.009492302142796949,0.023193474480874204,0.015208348480913679,,1.0516736761848544,0.181511148017308,40.56755272422617,-2.6434699680453266,0,22.979999542236328,0.2301926748828329,0.12426609304371117,1.1733469235372322
2022-02-15,38169.65625,38170.1015625,38231.6015625,36651.8515625,36989.80078125,193000,0.034180447472104136,1,-1.0,0.0037249045559333283,-0.008710403383932142,-0.001204906221130786,0.031908816925780535,0.0022013868949109757,0.04310150599912138,12.170445467887022,,-0.0019171598513126203,0.0007179911682738555,,,,0.0007675855093283904,0.004929810777064114,0.02935252368828673,0.01714229509432872,,0.9372116738697616,-0.23078431132410568,51.351971414456855,1.99433346031643,1,20.61000061035156,-0.10313311484314025,0.0472561123350792,1.0421196623677558
2022-02-16,37953.359375,37953.80078125,38461.69921875,37762.80078125,38296.5,170100,-0.005666759384850617,-1,-1.0,-0.017001941679994248,-0.03500334902302282,-0.00671284953940654,-0.008948578035851841,0.0033114514325573454,0.018507590089742953,12.044141778383953,,-0.004154312171811642,-0.004618152490162827,,,,-0.0034395990153450904,-0.010289092140587708,0.02824889296446026,0.017188403908030347,,0.8257481977717905,-0.6411913222795572,49.68719601291676,-0.3190050395561963,2,20.59000015258789,-0.0009704248991444508,0.10937504014321564,1.0337642843163248
2022-02-17,37531.2109375,37531.6484375,38124.5,37425.6015625,38042.1015625,136300,-0.011122794952292403,-1,1.0,-0.03792014321299819,-0.03789673320943343,-0.013398659723290463,-0.013418110567876175,0.002326533296597333,0.018674340780678,11.822613617684624,,-0.007526439615752287,-0.015031249847029303,,,,-0.007795270833485686,-0.02452148348970773,0.02725085390108708,0.01733876630992001,,0.6663570363489697,-1.187951380762445,46.51754726903198,-0.6122320026602638,3,22.01000022888184,0.06896552043567983,0.24280075475437113,1.0935559287933037
2022-02-18,37598.7109375,37599.1484375,37817.55078125,37304.44921875,37344.44921875,113500,0.0017984821559970943,1,1.0,-0.023836114013850884,-0.030683759254966247,-0.0066498669015249146,0.006820269787835563,-0.004987769696866249,0.013754433405281437,11.639558115903595,,-0.0008902259739880517,-0.012933792036500706,,,,-0.004892412674220036,-0.01718624711232597,0.027358450923421606,0.017315829527693057,,0.5598303245536155,-1.4926954120455573,47.098649653189796,0.11519831869012785,4,22.170000076293945,0.007269415981293381,0.18683081981273686,1.0896490746160064
2022-02-21,37685.1640625,37685.6015625,38054.3984375,37156.80078125,37400.0,143300,0.002299337314612515,1,-1.0,0.021053408080296432,-0.008154862295906118,0.0029621517615980864,0.007636405414438502,-0.0052966209548878165,0.024157022062646045,11.872695613816264,,-0.0027114012554850663,-0.010808710153233288,,,,0.004133342448123098,0.018091256318698345,0.017382970358436754,0.017244692878082748,,0.7093532658465955,-0.9714202006772301,47.879754620653785,0.11689589410197432,0,22.899999618530277,0.03292735858025142,-0.003481284825920694,1.11454503694175
2022-02-22,37371.21484375,37371.6484375,37659.3984375,36818.1015625,36833.0,159400,-0.008330850828513925,-1,1.0,-0.020918286625268956,-0.017271300690488434,0.01147836994015905,0.014624071824179404,-0.022624066676658876,0.022850088388502852,11.979172045338252,,-0.006822540996276603,-0.019595205404949793,,,,-0.0042374439674304435,-0.032396656565428006,0.0060520610660966985,0.016907137421785304,,0.8032857106861189,-0.6424994070916591,45.265893343095016,-0.5359195048985117,1,26.65999984741211,0.16419215246795482,0.2935467762199815,1.285562727008391
2022-02-23,37391.6171875,37392.05078125,37774.6015625,37318.0,37628.55078125,137300,0.0005459310627979885,1,-1.0,-0.014800889197835398,-0.03155118702287607,-0.008345965079196715,-0.006285121140457156,0.006874257745939174,0.01223542425907069,11.829923591756062,,-0.0033044217256773954,-0.018654882827483368,,,,-0.003006289652646488,-0.006454924118638683,0.006313146966138133,0.01625579623350086,,0.7153836133906474,-0.9114035054097577,45.47421407217125,0.051816466165579965,2,24.540000915527344,-0.07951984036078508,0.19184073500081977,1.1743312860300195
2022-02-24,35227.69140625,35228.1015625,36709.1484375,34991.3515625,36085.19921875,427800,-0.05787190521882524,-1,1.0,-0.06137611778059804,-0.0969688698174982,-0.07250783623618773,-0.02375205554649256,-0.03494998362473641,0.04909204127001918,12.966411075630443,,-0.049310303598735686,-0.07209383209399953,,,,-0.012321051276251964,0.01113171845558969,0.02659989611346823,0.020827471196530587,,2.1826530612244897,3.1995413745139873,31.69516697497278,-2.6415366733811885,3,31.979999542236328,0.3031784168354057,0.4529758841288749,1.4914305474543337
2022-02-25,36430.328125,36430.75,36684.6484375,35768.19921875,35901.69921875,372800,0.03413889435303008,1,-1.0,-0.031075130316905897,-0.05417053398152771,-0.03339529124051177,0.014736093075329935,0.019121031970880848,0.025621899865442187,12.828797361793573,,-0.010615512234900521,-0.038822859271218944,,,,-0.0066333318326965976,0.002320160923605874,0.03375264806183767,0.022401275130346232,,1.8646992622233338,2.166177064907481,42.1809577086044,1.6047428932782228,4,26.739999771118164,-0.16385240294320957,0.2061344014026798,1.2297362463449026
2022-02-28,36204.87890625,36205.30078125,36270.25,35611.8984375,35938.94921875,238300,-0.006188431990831966,-1,-1.0,-0.03928027469045392,-0.019053850262721772,-0.046610517307176025,0.007411222873512383,-0.013499606273546386,0.018486842639277648,12.381285663086834,,-0.008768364970345048,-0.042535337199114204,,,,-0.008126655538247263,0.007330242616722105,0.03342294677694211,0.022313198037387787,,1.185867131127146,0.4658330783849179,40.91299706513459,-0.18276732648702362,0,28.56999969482422,0.06843679653590096,0.2475982607312306,1.294194913068215
2022-03-02,35372.390625,35372.80078125,35553.69921875,34897.44921875,35381.8984375,211300,-0.02299387056690705,-1,-1.0,-0.05348567001514137,-0.07328512806468901,-0.0813571884211346,-0.000257127419719167,-0.022742590890901356,0.01880509936088407,12.261034203604147,,-0.02084382861322819,-0.06066014842948823,,,,-0.011041740370156865,0.027871518405993223,0.03411878145850932,0.02243411740243584,,1.057504629397928,0.14390528589875898,36.544504453117945,-0.8546366406255211,2,29.229999542236328,0.023101149963668854,0.09639908887972815,1.296920740574951
2022-03-03,34943.89453125,34944.30078125,35804.1484375,34721.1484375,35621.1484375,172500,-0.012113827306180824,-1,-1.0,-0.06546177459802249,-0.07929377132333892,-0.11152157279337915,-0.01900128676192404,0.007020864923470839,0.031191364592950035,12.058152515453552,,-0.019417025776574295,-0.06660316755079772,,,,-0.013839729656338036,0.04605979819535666,0.03351193443913121,0.021670485554148296,,0.8809785245524885,-0.2947688704763885,34.50243137838642,-0.30008155437596834,3,28.15999984741211,-0.036606216612426135,0.1475142133998153,1.2236296059312952
2022-03-04,34407.40234375,34407.80078125,35097.75,34094.1015625,34526.1015625,194500,-0.015353004295563633,-1,-1.0,-0.023285409796910628,-0.08323235952324404,-0.11797485820943343,-0.0034264158389225906,-0.011967594411687082,0.029437597458321352,12.178187442040638,,-0.03000631832982553,-0.0752496679242936,,,,-0.00469490453613608,0.0946894484125228,0.0222680359466343,0.0217717457064903,,0.9931576797385621,-0.01694890281877616,32.084996511373475,-0.43213497765212744,4,27.959999084472656,-0.007102299858777639,-0.1257035808413447,1.1921461281410142
2022-03-07,32870.8671875,32871.25,33543.30078125,32376.5,33278.1484375,248900,-0.04465704713354768,-1,1.0,-0.09770592150861568,-0.12574482758190797,-0.1525702628197937,-0.012227195820831191,-0.03283128587414941,0.03603850883356756,12.424806488355683,,-0.05434478800477524,-0.10946403366152802,,,,-0.020690075617618094,0.05486434131117801,0.015334056217125549,0.02348432399543554,,1.2436916004597012,0.6133229912745807,26.383386639779715,-1.5787921938145886,0,29.32999992370605,0.04899860100475517,0.09685864527887333,1.2233576659176029
2022-03-08,33157.71484375,33158.1015625,33263.55078125,32155.349609375,32531.900390625,276800,0.008726518234019043,1,1.0,-0.08416444976278403,-0.12013872174738482,-0.12731386931103483,0.019248834662467424,-0.010323599174810814,0.034463975212133915,12.531050502725652,,-0.029069531096281107,-0.09576769783961114,,,,-0.01854020895919682,0.0431494195482508,0.019657922659379413,0.023585977592173134,,1.3711455108359134,0.9266676815868141,28.922728853866232,0.6539773955762184,1,28.59000015258789,-0.02523013205056479,0.0007000510317574093,1.1725623002881984
2022-03-09,33815.0546875,33815.44921875,33969.5,32948.8984375,33278.8984375,258500,0.019824646927115497,1,1.0,-0.04402680952890514,-0.09515767613776405,-0.11078547999066901,0.01612285281190056,0.0036430576332094557,0.030975286303909534,12.462650972930621,,-0.0007072011859703369,-0.07251367152950433,,,,-0.009393490514313924,0.06675867046176387,0.02515172236528676,0.024270606556450327,,1.2622686654621809,0.6563155369358336,34.49866902538285,1.0578824288529938,2,27.46999931335449,-0.03917456569625177,-0.06021211961836337,1.1089132688217234
2022-03-10,34475.19921875,34475.6015625,35374.1484375,34218.05078125,35153.94921875,273900,0.01952221126738607,1,1.0,-0.01341275138638598,-0.07799650347641363,-0.10708680823097494,-0.019296485069967357,0.039582499446963675,0.03378619266306926,12.52051835525117,,0.021631266260780907,-0.049014779165104515,,,,-0.002772101093308101,0.09367405684458896,0.027949463219132033,0.024476989740578443,,1.2905201658499812,0.7616345923625025,39.621428089094415,1.027468752069736,3,25.57999992370605,-0.06880230931529796,-0.09161931596896511,1.0181905054100755
2022-03-11,34545.84765625,34546.25,34880.05078125,34094.30078125,34331.0,169500,0.0020492300147954,1,1.0,0.0040237741327961984,-0.019355330893726763,-0.11444733614951652,0.006269843581602633,-0.0041943158624181,0.0230463737925407,12.040608205802641,,0.02288549931328725,-0.041161676846015356,,,,0.0008031721708988975,0.11847111028231272,0.02703118209293155,0.024261460183207736,,0.794562287589359,-0.546513517974978,40.16079302547517,0.32618183108539045,4,25.350000381469727,-0.008991381662326492,-0.09334759615397736,0.9939227781729079
2022-03-14,35311.73828125,35312.1484375,35435.1015625,34625.05078125,34660.25,193300,0.022170233744617684,1,-1.0,0.07425633152070588,-0.030704873286989676,-0.08321210788672606,0.018808243953808756,0.0032999240149075514,0.02339493410038997,12.171998665196423,,0.030665264795934385,-0.015525148725791454,,,,0.014131191880450122,0.15746843940743194,0.008566827341840248,0.02498801818753591,,0.8980672737409403,-0.2771080729045055,45.812177785614026,1.059658416511967,0,25.68000030517578,0.013017748273774332,-0.12444594708573964,0.9932314980063173
2022-03-15,35022.2421875,35022.6484375,35643.80078125,34706.05078125,35467.94921875,224200,-0.008198311708855544,-1,1.0,0.056232015318654405,-0.03266517107247657,-0.05109662405677717,-0.012555019138647955,0.004412101447912645,0.027019784126709714,12.320293789620196,36437.043576644486,0.011209337748528071,-0.02102257260416482,-0.0569798664998817,,,0.01056037062315894,0.10732863937543158,0.013354576591693292,0.023340859903219977,,1.039117538005191,0.10656689588750805,44.11616595844792,-0.25235697853248057,1,26.729999542236328,0.04088782027190718,-0.06505773348809163,1.0263991406564028
2022-03-16,35747.8359375,35748.25,35806.3515625,35461.55078125,35555.75,173800,0.02071806659039166,1,1.0,0.05715732973845289,0.010614065339972,-0.06344891586244383,0.0054140328920076215,0.015221623329010982,0.009723229065106496,12.065660491813428,36410.0320638349,0.020766703815529777,0.0026537936212112883,-0.03709299565275662,,,0.011037433589291257,0.12060624560089672,0.013501943260884705,0.022436741423400318,0.018334431727184016,0.8091247672253259,-0.5150442750413352,49.19313655565585,1.0707288374025838,2,24.1200008392334,-0.09764305079313018,-0.1219511670134078,0.9199786749139477
2022-03-17,36428.12890625,36428.55078125,36611.94921875,36261.6484375,36302.0,182000,0.019030324036841018,1,-1.0,0.05664728475323466,0.04247473741973984,-0.04018701601957886,0.0034860553481901825,0.015490268754414551,0.009660365602346316,12.111761966058932,36410.75828804726,0.028718897904328456,0.023924777499259083,-0.018550942638934344,,,0.010926124880238893,0.09683430077281352,0.013430050480572867,0.02296284580527656,0.018461693189164765,0.8449592608927784,-0.4211382884729162,53.46201216004717,0.91720119143227,3,22.61000061035156,-0.06260365573560367,-0.11610630657594612,0.8590752173866708
2022-03-21,36018.08203125,36018.5,36600.19921875,35900.19921875,36545.8515625,128700,-0.01125630233583308,-1,1.0,0.04261678185041795,0.04681203628764696,-0.040316599469905734,-0.014429861118385316,0.0032200232711528955,0.01949849903992742,11.765239393584219,36395.37561008463,0.00875147868208934,0.014556686577989726,-0.02872054764327955,,,0.008082945757796995,0.08293338132032368,0.016615524509877237,0.022965692223394837,0.01821795543512144,0.5985628909610957,-1.082820866517013,50.69701396210212,-0.41601320886111504,0,24.6200008392334,0.08889872510492536,-0.02879682569038311,0.9308304826135053
2022-03-22,36348.12890625,36348.55078125,36468.80078125,35384.75,35975.6015625,202900,0.009163368303788388,1,-1.0,0.02934973910138483,0.10578547457884935,-0.03326132926464631,0.010366726407676035,-0.001191011216458209,0.030636101180593334,12.220468525813907,36393.53934228719,0.012119487244279891,0.025659958740054455,-0.01921644458131163,,,0.005754833453641959,0.06261106836603114,0.014896730465025551,0.023088471848015442,0.01826024454286924,0.9244367496639861,-0.21780015582951887,52.81247278597112,0.4642941386948997,1,24.06999969482422,-0.022339607053657007,-0.06269472707237733,0.9067791716738655
2022-03-23,36146.9296875,36147.3515625,36827.6015625,36064.75,36627.69921875,197900,-0.005535274843853966,-1,-1.0,0.03211359435044159,0.09015142179854707,-0.04081797652742458,-0.013114327858303104,0.007679768010008137,0.02115227646108735,12.195517131590657,36383.884919550444,0.0002521134770932545,0.022201098602045617,-0.02380654185264877,,,0.006188434481300662,0.07293157087786617,0.014302339426371432,0.02308381033956076,0.01824281853622749,0.890578943815674,-0.3275752450130787,51.365588403102166,-0.16224526293875666,2,24.75,0.028250947810439797,-0.07407405821716206,0.9291586894407545
2022-03-24,35526.6875,35527.1015625,35957.69921875,35421.69921875,35633.69921875,205200,-0.017158933454019865,-1,-1.0,-0.006186273104277884,0.05061746578250159,-0.049356850771108074,-0.0029914844258973165,-0.014209957895860714,0.015131967461241262,12.231740392278752,36350.285572215136,-0.015706466537666237,0.007288298286955854,-0.03909297534564121,,,-0.0012235941386610578,0.04317057766683019,0.014911398168813652,0.023297499320206482,0.01822283990409388,0.9140108238123873,-0.26488166486398707,47.08317821313155,-0.6458268447577123,3,23.93000030517578,-0.03313130080097848,-0.007877302132948683,0.9030018412800417
2022-03-25,35409.69140625,35410.1015625,35717.3984375,35203.8515625,35700.3984375,157000,-0.0032932604928147535,-1,1.0,-0.027957445380292212,0.02710612600351192,-0.053004560523966626,-0.008131474372988222,0.004877878221929605,0.014587803669387205,11.964001084330445,36313.41561104984,-0.013380196014284848,0.006799818749097134,-0.040684029810925774,,,-0.005733365087260791,0.025047115143674414,0.009896888119278817,0.02328663624071858,0.018215334501829977,0.6962614750099783,-0.9543573889068875,46.29904153407136,-0.03599560211325569,4,23.43000030517578,-0.020894274702196958,0.03626712395791798,0.8859898023094988
2022-03-28,35710.0859375,35710.5,35770.80078125,35016.30078125,35488.69921875,197000,0.008483410785190326,1,1.0,-0.008551161208823266,0.03370119766979052,0.013693568943650147,0.006249898872957688,0.0022196393905076083,0.021547107580364638,12.190959007720126,36289.7718615969,-0.003299618019874596,0.014645080610582532,-0.03096163832436422,,,-0.001739616586280401,-0.022244730152473413,0.010966644320884567,0.019138913087947396,0.018226593831439413,0.9207758822154709,-0.31482631377360504,48.66306834143703,0.39984224247139066,0,22.61000061035156,-0.03499785250293319,-0.08164094883696293,0.8704021165464428
2022-03-29,35846.98046875,35847.3984375,35977.19921875,35506.55078125,35931.75,177100,0.0038335626076364537,1,1.0,-0.013787409208306456,0.01515767302993054,-0.016012614686768734,-0.002347549520966833,0.006195656739614399,0.0132552564849114,12.084469823770926,36272.423884181335,0.0033280950417983535,0.01937958725849,-0.025860268060725104,,,-0.0028067506405679,0.0022252054784622777,0.009857814234309472,0.01753738596215481,0.01822769091666271,0.867435652535939,-0.6893947324096624,49.7487505714082,0.25787065510437135,1,21.299999237060547,-0.05793902423387165,-0.11508103418710491,0.8286486502650687
2022-03-30,36333.87890625,36334.30078125,36421.1015625,36070.55078125,36241.55078125,325600,0.013582640999706408,1,1.0,0.005171864899334633,0.03745154642118864,0.003563014177935031,0.0025592171968531027,0.010995284481723417,0.009718475977145917,12.693424913110523,36274.85042916442,0.015892809153591196,0.033035978564504,-0.011535038573198084,,,0.0010430280963119867,0.0016088507213996017,0.01197013692779507,0.017769744150780017,0.018347959995193713,1.5614060327051265,2.4757544127406876,53.5142350411939,0.7505902918530063,2,20.61000061035156,-0.032394302883750226,-0.16727270261205818,0.814415291204121
2022-03-31,36373.1796875,36373.6015625,36590.8515625,36278.1484375,36457.19921875,188100,0.0010816440774961134,1,1.0,0.023826880403142958,0.017493207709468273,0.02829294709907426,-0.002293035615500754,0.0033824357386126078,0.008619599909811412,12.144729015289121,36278.72302262856,0.012200330930055112,0.03268414610190046,-0.009472848095266115,,,0.00465950895874571,-0.004466066695931303,0.006503253249714405,0.01689169164216482,0.018345492639500815,0.9070743116169167,-0.4056914407586576,53.81506310805483,-0.026770068877246794,3,20.559999465942383,-0.00242606224786146,-0.14082744656315394,0.8265991004281934
2022-04-01,37148.06640625,37148.5,37209.80078125,36242.3515625,36298.3515625,245700,0.021303868855782948,1,1.0,0.04909329148439934,0.019763323088893392,0.06307750246737531,0.023421130737471076,-0.0020688080576980947,0.026693886490274564,12.41186655850927,36312.83192370195,0.023858092774995576,0.05139452683514448,0.012214576033116088,,,0.009558571946816684,-0.013984210982975975,0.007971358664197532,0.017120208102456583,0.018609081657881027,1.1642894375207316,0.7300324161213946,59.39473888081482,1.063729245009626,4,18.43000030517578,-0.10359918366218557,-0.21340161907276967,0.7557460172800475
2022-04-04,38634.75,38635.19921875,38765.8515625,37665.55078125,37824.94921875,309200,0.040020437399894915,1,-1.0,0.08190025955251246,0.07264875602121124,0.12286162851197546,0.021421046603767955,0.01820932793383313,0.02921239059107911,12.641743595695404,36403.90515095874,0.04793883059878802,0.08696922822506666,0.05238327305457844,,,0.015745988229672957,-0.04096136895946301,0.015351410638177385,0.018331755793438504,0.01943059479231024,1.4264295435148664,1.7744406806457862,67.50579694416054,1.861030004037062,0,17.90999984741211,-0.028214891435332068,-0.20787265086528317,0.7498743830370265
2022-04-05,38067.45703125,38067.8984375,38759.25,37935.94921875,38731.30078125,220600,-0.014683521574147429,-1,-1.0,0.061943128282278215,0.0473016838167013,0.15809098946647904,-0.017128325937123084,0.002487409524042549,0.02170239042926281,12.30410638580154,36469.159789646634,0.020261590471136515,0.06323625508568002,0.036807985591689484,,,0.011494699366904596,-0.09614786118420082,0.02039462644685109,0.014709497141708492,0.01953417159786835,1.0243789180403993,0.10183254268102622,62.38486075133535,-1.49374808943137,1,18.489999771118164,0.03238413895295822,-0.13192486228136457,0.792134336797654
2022-04-06,37632.36328125,37632.80078125,37868.5,37513.8515625,37711.30078125,198800,-0.011429516051807975,-1,-1.0,0.0357375805252893,0.04109427536292953,0.1349504045132257,-0.002081604144480481,-0.009367411149198666,0.009453799669413777,12.20005457320461,36514.792769709515,0.0016289106998371497,0.044556631977126004,0.02492511198395468,,,0.00682202093258112,-0.0992128239879364,0.022856660428660688,0.015292831976258235,0.01957538137451323,0.9401749822653109,-0.25517287559463914,58.70651426241092,-1.1607127584261774,2,19.020000457763672,0.028664180270752793,-0.0771470211305717,0.8318936453031066
2022-04-07,37556.9140625,37557.3515625,37975.8984375,37346.80078125,37421.75,245000,-0.0020048791794309295,-1,1.0,0.03254420648903822,0.0571465138080105,0.11065659129777838,0.0036236029180890792,-0.005608160351305901,0.016844753582369473,12.409013489526863,36555.67742825032,-0.006638703818071896,0.037076763698105544,0.02253062014178195,,,0.006291054481333137,-0.07811238480874017,0.023097789034929105,0.015066004819911284,0.01942665639654303,1.1623769422369825,0.6986357430234013,58.067137963206065,-0.4855396802547925,3,19.0,-0.001051548753013165,-0.07587546237666598,0.8467023115331319
2022-04-08,37751.61328125,37752.05078125,37884.19921875,37405.19921875,37619.69921875,202200,0.005184050808960672,1,-1.0,0.01624697582001966,0.06613788482409122,0.09503675266725087,0.00351814515396324,0.0016600653042919153,0.012805706425963721,12.217012585568508,36602.594030328735,-0.004666853707178759,0.03775856155578183,0.027806117894992086,,,0.003214022055019682,-0.07878977684723121,0.02161931655184034,0.014697387864250393,0.019225150557726358,0.975915826053381,-0.10686245108620267,59.299020352081456,0.035831319877938694,4,17.690000534057617,-0.06894734031275696,-0.040151913123427696,0.8024313527535347
2022-04-11,37613.36328125,37613.80078125,37941.75,37524.44921875,37591.75,132100,-0.003662052713402919,-1,1.0,-0.02643699160749524,0.05329807147057597,0.08879547798241494,0.0005865856537671164,-0.004246147637881841,0.011120770322765604,11.791314490510416,36642.24919703153,-0.0029418246076192522,0.029617199568541842,0.024247641410128785,,,-0.005411088491157054,-0.11523246958991018,0.007931120845102387,0.014803591496447202,0.019203191266822524,0.6433859341515683,-1.4949735360917211,57.996154932854516,-0.5379150140249548,0,18.270000457763672,0.03278687994324314,0.020100536762627685,0.8422654173444566
2022-04-12,37746.9609375,37747.3984375,37920.6015625,37264.44921875,37407.3984375,171000,0.0035518254862614285,1,-1.0,-0.00841916715014357,0.05300245158132344,0.06896351844210846,0.009089111090365438,-0.005487409925691129,0.017607997904336394,12.049418835484797,36685.588382932256,0.0023026129021210748,0.02984170394491779,0.027853122940216562,,,-0.0017041617350182503,-0.07738268559225203,0.006607571678422949,0.01420711381086882,0.019179037750727615,0.8373937954506501,-0.6705862956224623,58.93510212638837,0.008045549337666043,1,18.15999984741211,-0.006020832380703056,-0.01784748122179658,0.8519621734260546
2022-04-13,37462.96484375,37463.3984375,37988.6015625,37408.19921875,37887.30078125,143300,-0.007523697307782129,-1,-1.0,-0.004501454588370701,0.03107525484108553,0.0696906176115053,-0.011188507362862454,0.003706277771212296,0.015515377801428268,11.872695613816264,36716.09073801334,-0.004342690914454668,0.01870173696409131,0.020404363409302993,,,-0.0008975577166222869,-0.074192072199876,0.005238271985257648,0.014178763197589752,0.019177051728525407,0.7159272581934453,-1.1132258263210837,56.065937970019526,-0.7688707763188255,2,17.790000915527344,-0.020374390693483013,-0.06466874409218326,0.8524810464172298
2022-04-18,36728.57421875,36729.0,36965.8515625,36441.3515625,36833.1484375,182900,-0.019603091767694147,-1,-1.0,-0.022055643649992795,0.009770779417851427,0.027434909401159446,-0.002827573582983908,-0.016823086700248055,0.014392989763303322,12.116694834378958,36716.59698358145,-0.01954371620950592,-0.0025979263146673794,0.001370352862560568,,,-0.004422191242911205,-0.04949055305115224,0.010028373141384607,0.014475852707454155,0.01926136908204892,0.9116965331605313,-0.3482425101059161,49.37229208121414,-1.4443767978179276,0,19.34000015258789,0.08712755240544623,0.017894744873046875,0.9374924242770256
2022-04-19,36341.1796875,36341.6015625,37123.55078125,35926.30078125,36806.80078125,216300,-0.010547481213754817,-1,-1.0,-0.03736086357063595,-0.02172088879766343,-0.0023868426518562913,-0.012638947392216176,0.0021182384832148984,0.03332516774520929,12.28442161194115,36701.89128079394,-0.022524473057116214,-0.013001482494911416,-0.007574154540907504,,,-0.007680302860137766,-0.03497402091877966,0.008623882818609409,0.014095261712173044,0.019039019372548583,1.0690456185439627,0.27506911794727135,46.23641792704813,-0.7411866891283869,1,19.770000457763672,0.022233728117020846,0.11758054612273994,0.9649786588753435
2022-04-20,36314.4765625,36314.8984375,36513.8515625,36114.05078125,36482.6015625,153400,-0.0007347811833244844,-1,1.0,-0.0345326001832148,-0.060056653729481435,0.008229061107486446,-0.004596797317556978,0.003879851023007594,0.01107050504169895,11.940804167915292,36686.715090860846,-0.016369801229253435,-0.014123518834591146,-0.006841470224351808,,,-0.007148294449908247,-0.04276166129070125,0.009048853884954107,0.013849137980448758,0.019015436487523085,0.7535676565224867,-1.0200838523801337,46.01944496401002,-0.0886036533049385,2,18.670000076293945,-0.05563987637834156,0.021893793569134568,0.9247152023374741
2022-04-21,36815.671875,36816.1015625,36913.3515625,36395.69921875,36513.1015625,132700,0.013801584103631637,1,-1.0,-0.024671816166138894,-0.03288326717208212,0.012862982737985362,0.008298391181076484,0.005457901124000631,0.014222898717750712,11.795846220320298,36691.78907014081,0.00226231351917894,-0.0011507844997519303,0.007953584256997243,,,-0.005129007184766451,-0.037534798904124256,0.012500363759457829,0.014037633063280815,0.019124432078926033,0.6633175876633925,-1.3035764745648322,50.69613680110013,0.9241515397250696,3,17.850000381469727,-0.043920711916086486,-0.017070455316471778,0.8979325023204404
2022-04-22,36044.33203125,36044.75,36578.94921875,35991.5,36514.1484375,140100,-0.020951473126249787,-1,1.0,-0.03786758534110901,-0.04219858071369542,-0.002838425446539228,-0.012855248104812112,-0.00820165938773817,0.01632188763319117,11.850111732325098,36666.41498895882,-0.011098173133009743,-0.021942017976690736,-0.012109335127708868,,,-0.007706673858945543,-0.035029159894569784,0.014518214241493905,0.014813476916110815,0.019134922710282908,0.7105723632490554,-1.0689480342858633,44.33068637293928,-1.4035979746937495,4,18.350000381469727,0.028011203883169467,0.03147832698837072,0.9381870334991131
2022-04-25,36081.93359375,36082.3515625,36270.1484375,35511.3984375,35792.3515625,183100,0.0010431911027264373,1,1.0,-0.01760593638541752,-0.039273269776369135,0.015628913578080494,0.008102289660784285,-0.00700236338162978,0.021366379060948522,12.117787730662602,36643.5105408624,-0.006541559771616584,-0.021658723455810835,-0.01002272093970377,,,-0.003588031197330934,-0.033234849963498014,0.013107128786548333,0.014251956814429442,0.019135296371039005,0.9338977863919209,-0.24252455844780108,44.69523464178032,0.011890416596588708,0,21.26000022888184,0.15858309465490272,0.09927611484723964,1.0944377240024485
2022-04-26,36404.37890625,36404.80078125,36604.55078125,36265.8984375,36515.3515625,143400,0.008936480156828797,1,-1.0,0.0017390322944714764,-0.03568680302446314,0.028090832131456134,-0.0030275151825056457,0.01200032651003856,0.009338038166450706,11.873393207147657,36634.14937381878,0.001987756211318897,-0.01424510603453453,3.443388678182799e-05,,,0.00035030543195338986,-0.026351799836984657,0.01338287386031668,0.01432915561416309,0.019046902955742157,0.7339543453782372,-0.9618057142386827,47.84908598012321,0.5168600736649157,1,19.190000534057617,-0.0973659300347568,-0.02933737533011993,0.9987769183488614
2022-04-27,36028.43359375,36028.8515625,36175.8984375,35747.1484375,36067.55078125,134200,-0.010326913227983625,-1,1.0,-0.007876846344271105,-0.0421374385419746,0.008914788717603983,-0.0010729649757675837,-0.009263888079664974,0.011993963679358165,11.807086503519718,36610.41220474745,-0.006795782477673223,-0.024845212682529247,-0.00866868178559888,,,-0.0015714788646629203,-0.016791635061875088,0.014245335442304524,0.014458651704115404,0.019016810214640658,0.6980857261756138,-1.0412112967744658,44.65187768097727,-0.7470706832611979,2,20.61000061035156,0.07399687528792853,0.1039100442490577,1.0782954655088182
2022-04-28,36421.77734375,36422.19921875,36501.1015625,35951.1015625,36189.94921875,137300,0.010917574088301185,1,-1.0,-0.010699186688229334,-0.03510703448726904,0.016034658198478935,0.006417527656537063,0.0044713514104256285,0.015298557654592034,11.829923591756062,36603.03130333579,0.006232868617028843,-0.014965123245871815,0.003310972057962878,,,-0.002186593947168724,-0.02673384488670827,0.013519441987518952,0.014629729461362734,0.019027331225777412,0.7216819973718791,-0.9288206123384459,48.52719429727844,0.680674220471091,3,19.3799991607666,-0.05967983567002799,0.08571421549577019,1.0190613354520324
2022-04-29,36087.73046875,36088.1484375,36718.80078125,35978.94921875,36474.05078125,172700,-0.00917162577810604,-1,1.0,0.00120401549462823,-0.0367091630059756,-0.0067746547603037,-0.010580188805033372,0.001423625250869174,0.02056345664799002,12.05931126413477,36582.83981840106,-0.00323493994076217,-0.023674516449949633,-0.005441492848557017,,,0.00023830761695278773,0.00797867025493193,0.009880651456335085,0.014472798931198783,0.01810240146507855,0.9457572355631007,-0.20926335305073054,45.60671773990265,-0.6131506588363193,4,19.420000076293945,0.002064030818346163,0.05831060885997208,1.0243696533772686
2022-05-02,36163.328125,36163.75,36235.25,35618.19921875,35627.6015625,170200,0.0020949138643377996,1,-1.0,0.0022559072226489008,-0.015389746521822012,-0.005769336922532009,0.015048681751968551,-0.012761720812515708,0.017324030826498787,12.04472949512141,36566.4049235618,-0.0015957351355754491,-0.02135139432362621,-0.0022546050723416477,,,0.0004511089708079685,0.00802524414518091,0.0099130660873199,0.014479792803671883,0.017428420477612717,0.9366573111001045,-0.2428653015955847,46.393025928841546,0.1567343974918643,0,20.280000686645508,0.04428427430344706,-0.04609593281683022,1.0705236710983526
2022-05-04,35264.140625,35264.55078125,36309.30078125,35127.8515625,36266.1484375,214600,-0.024864656423905118,-1,-1.0,-0.031321418481358054,-0.029636855145134366,-0.050714005107877824,-0.027617977077883625,0.0028315215512771767,0.03363283452299802,12.276531109178736,36515.35181994173,-0.020252246065261784,-0.043246263000060944,-0.02561730567431499,,,-0.006306038505409503,0.01939258662651977,0.013660043442117431,0.014580942136814493,0.01774865293946212,1.1911964697066415,0.7543633183376267,39.144803918384184,-1.5271549024631217,2,21.8799991607666,0.07889538559901044,0.14017710014832385,1.1445609262587337
2022-05-05,35232.44140625,35232.8515625,35934.8515625,35133.80078125,35705.3515625,167300,-0.0008988975627857165,-1,-1.0,-0.022093404743117162,-0.029796224733004917,-0.08806341691125052,-0.013233310395303574,0.012499826922065083,0.022800003513354584,12.027543886974914,36465.05769219892,-0.016784154776289837,-0.039673986097561946,-0.025254913021680384,,,-0.004514448546006802,0.06597001216813336,0.013621188616897052,0.010787441459635635,0.017693272161259887,0.9667167456373512,-0.16881520189660987,38.91399006452939,0.3397392611615866,3,20.290000915527344,-0.07266902679275744,-0.01552642820706629,1.0548205485704358
2022-05-06,34590.796875,34591.19921875,34797.94921875,34353.19921875,34569.1015625,199200,-0.018211763036317552,-1,-1.0,-0.05027153876686852,-0.06043286087672661,-0.0913288981386261,0.0006392314307054823,-0.018838952016772343,0.012946392479139326,12.202064624132635,36391.573046181315,-0.024723646917934668,-0.05267465439424729,-0.04141131581040966,,,-0.010393708818895842,0.041057359371757585,0.011508651889084768,0.01099352164574003,0.01785141161413056,1.1582068724925867,0.8279767975989321,34.48184329313703,-1.2342951860339615,4,21.25,0.04731390050051676,0.09649127555273984,1.0968590974188333
2022-05-09,34275.0,34275.3984375,34554.3515625,33927.19921875,34091.75,179900,-0.009129512372581194,-1,1.0,-0.05023117224036722,-0.049087635855429745,-0.08921478800543536,0.005386887956763733,-0.014438621095254652,0.01848523774999387,12.100156419938624,36308.58580662519,-0.02364730256326999,-0.05698792263444488,-0.0483641086132158,,,-0.010480989621298734,0.03898361576506815,0.011509684879126009,0.010931008155459322,0.017873097207198454,1.051770002046245,0.27398776878663705,32.518752675130855,-0.4162976578387316,0,22.030000686645508,0.03670591466567097,0.1343975592223401,1.1283548652758955
2022-05-10,34482.24609375,34482.6484375,34781.80078125,34176.80078125,34181.19921875,138000,0.006046610964360211,1,1.0,-0.046485819708962706,-0.04433478018274606,-0.08186687817652216,0.008819152798613365,-0.002748304120279419,0.017702066494530225,11.835008964139341,36236.98041960067,-0.008245233732621163,-0.04725608966377818,-0.0410715977028321,,,-0.009809377215937767,0.035381058467559456,0.012648007500216251,0.011178988646447731,0.01788269956393478,0.8328555478439301,-0.9891081554717441,35.12891234924399,0.9220139298348455,1,22.299999237060547,0.012255948343147915,0.09960544783143033,1.1326120667452277
2022-05-11,34692.74609375,34693.1484375,34793.19921875,34143.19921875,34686.30078125,179500,0.006104519505847561,1,-1.0,-0.016203307034718062,-0.04701721495565969,-0.08102612389124142,0.0001974167350155011,0.005905936840063809,0.019037466168168784,12.097930486910471,36176.43798893006,0.0010993843497237915,-0.037372152091442394,-0.033767411842302184,,,-0.0033141441834764205,0.06482281685652336,0.010520726014690736,0.011221467079781989,0.017913461522095164,1.090787554691298,0.5558032799266932,37.76209615708717,0.9195482173047745,2,22.799999237060547,0.022421525430774247,0.042047537092396725,1.1431722557048105
2022-05-12,33531.7578125,33532.1484375,34341.19921875,33297.6484375,34289.1015625,382100,-0.03346482093118619,-1,-1.0,-0.04827037976143089,-0.06929732746737483,-0.10851475413206979,-0.0220756185057889,-0.011646301739604114,0.031340074456271426,12.853437633434991,36072.740359462216,-0.02281108090704831,-0.06428769713975645,-0.06521914953460216,,,-0.009804259351461463,0.0602443743706389,0.017061087756566264,0.013048250440552061,0.01653197121498108,2.158025528069581,3.747672944638685,30.42634508418101,-2.1502175228998963,3,24.270000457763672,0.06447373990757388,0.19615571033269652,1.1988441436285469
2022-05-13,33120.96484375,33121.3515625,34002.19921875,33007.8984375,33925.94921875,272700,-0.012250836708708857,-1,1.0,-0.042491954296087986,-0.0906273571352808,-0.12255273387011145,-0.023716290178413625,0.011743977036961964,0.03012311683922243,12.51612756883368,35956.999622326446,-0.026442171344752293,-0.06974665785856697,-0.07496418375167281,,,-0.008766796788995548,0.08006077957402347,0.01651450983264034,0.012935750811249926,0.015833540542617684,1.4971588569546241,1.542695830404608,28.329317250765158,-0.45322999012145027,4,23.489999771118164,-0.03213847020740357,0.10541175393497237,1.1452391200818977
2022-05-16,33597.2109375,33597.6015625,33821.6484375,33001.75,33256.0,195100,0.014378942208965073,1,1.0,-0.019775025408849456,-0.06901287494184705,-0.10318863307207138,0.010271877631104162,0.004065306249532673,0.024844089707364004,12.181267526611203,35864.47420821561,-0.008492692944684807,-0.051219880498075805,-0.060294379298079945,,,-0.004092809278757957,0.08341360766322192,0.01941593680222444,0.013741379055528595,0.015984223436372225,1.0561073970823072,0.17860207655238824,34.0078872265108,1.445818359384764,0,24.530000686645508,0.04427419862328241,0.11348161244114219,1.1766116901422508
2022-05-17,34301.5,34301.8984375,34366.05078125,33680.6015625,33796.19921875,161500,0.02096271287966278,1,-1.0,-0.005241766749082832,-0.051483918633991266,-0.06608134069808602,0.014963197946514649,0.005911066475401774,0.020351454159096123,11.992260421644849,35803.196727011076,0.013373088669346016,-0.02799982183344359,-0.040020524022882746,,,-0.0010759696620827553,0.06083957394900319,0.022227411863957332,0.014483204546991755,0.01597279993179902,0.8793183241227235,-0.3804074727910146,41.401994250195756,1.685578340454341,1,22.739999771118164,-0.07297190645827611,0.019730966327854205,1.0819297571091173
2022-05-18,34163.30078125,34163.69921875,34655.80078125,34134.69921875,34448.19921875,146800,-0.004028908749811766,-1,-1.0,-0.015260915846361023,-0.03121694557598953,-0.05992862862701476,-0.00825877713355617,0.0042650928349219006,0.015266036450491464,11.896826395162552,35738.90270707927,0.012457550940318663,-0.02891943860087729,-0.04347026553158439,,,-0.0030869965970816513,0.044667712780653734,0.02187301015609167,0.014385849867553605,0.01589367487926234,0.8146955990898496,-0.5728239299203599,40.44438906493361,-0.07281724867910523,2,22.299999237060547,-0.019349188148034102,-0.021929825295224914,1.0546477414300075
2022-05-19,33315.26171875,33315.6484375,33633.94921875,33180.6015625,33461.0,150400,-0.0248231544195473,-1,1.0,-0.00645649056467501,-0.05441521307462294,-0.08259006988996209,-0.004343909700845761,-0.020568592828622577,0.01366303306454708,11.921053690497876,35643.873127880084,-0.011406259696790426,-0.0489708789519294,-0.06664353719753278,,,-0.0012674271519238366,0.07613357932528708,0.018880590100366725,0.015187998460251534,0.016136971293089705,0.8353699177960453,-0.5078251980393237,35.082083477654066,-1.3666904414066006,3,24.559999465942383,0.1013453052108595,0.011948867025502796,1.1455757930226298
2022-05-20,34276.0,34276.3984375,34358.05078125,33658.05078125,33765.1484375,129400,0.02883779980456813,1,-1.0,0.03487318060739231,-0.009100603285224218,-0.0689834886697206,0.01514135206443219,0.01349215822238189,0.02079740162463452,11.770663661048937,35590.24666943381,0.01017797052261987,-0.01798556716806117,-0.04048303759373915,,,0.006933960040831082,0.1038566692771129,0.021538347088013464,0.01641448309697817,0.015297459950246705,0.7193884642112578,-0.8626450935507423,44.12097757497148,1.9729013411607368,4,23.100000381469727,-0.05944621808714823,-0.016602783884568484,1.064442565948206
2022-05-23,34247.203125,34247.6015625,34819.94921875,34117.3515625,34321.3984375,156000,-0.0008401371297077631,-1,1.0,0.019346619096926698,-0.0008109861961397291,-0.049858812656489504,-0.002150170982525251,0.0013128567192394365,0.020593557942588322,11.957611286231675,35537.59392014229,0.005476999329994442,-0.016278096698500447,-0.041873600162406814,,,0.0037926971889139277,0.0692054317534162,0.02129589966127245,0.015888266474887756,0.015256951795036854,0.8634527038246527,-0.42498419351506295,43.92356810205796,0.10066659451950771,0,23.399999618530277,0.01298697974486629,-0.04606608383547339,1.065864973243884
2022-05-24,34289.75,34290.1484375,34586.44921875,34115.80078125,34223.19921875,163700,0.0012423315227594323,1,1.0,-0.0003425466383852882,-0.0055825178378889895,-0.04966979831942597,0.001956252491827832,-0.0007125270861805332,0.01379561454581678,12.005790763359226,35488.67448945043,0.0067955977197914404,-0.012514253083580546,-0.040938024069582364,,,-6.861794382038472e-05,0.049327251681040685,0.019095925014380146,0.015890700583090007,0.015009621900327959,0.910962715637173,-0.2750632491281549,44.31996418835568,0.23149473629692321,1,25.63999938964844,0.09572648750576573,0.12752856850128635,1.1563613152294439
2022-05-25,34339.1015625,34339.5,34722.6015625,34285.80078125,34491.80078125,153600,0.00143923443755134,1,1.0,0.005145835646320096,-0.01019361036479871,-0.05673155015076248,-0.00441556479512058,0.005880766136593077,0.012739990646182453,11.94210709969571,35443.60882319747,0.007204834814920392,-0.008143425949775402,-0.03948458255162511,,,0.0010253719465252752,0.061877385797082574,0.018968017530049945,0.015694297789878776,0.01475720754464424,0.8523389379057766,-0.4597648690246014,44.807322494546334,0.27093599478803604,2,25.280000686645508,-0.014040511371785525,0.13363235657122674,1.1246802682481885
2022-05-26,35094.4921875,35094.8984375,35222.05078125,34424.75,34670.6015625,191500,0.02199794515062825,1,1.0,0.05340583429849377,0.046604529468571965,-0.02592236733884934,0.012237943845166013,0.009642003014021754,0.023160684718117053,12.162643087602838,35429.9339061113,0.018728432669107283,0.01504448023622006,-0.018656417522287038,,,0.010362701844814238,0.07932820163734311,0.013644150712267955,0.016514251558886424,0.01507506065450982,1.046019390959989,0.14809340361147458,51.76649422593719,1.407184956368785,3,22.71999931335449,-0.10126587435748657,-0.07491857461721207,1.0060664843898572
2022-05-27,35612.88671875,35613.30078125,35694.8515625,35291.94921875,35326.6015625,132600,0.014771444478553386,1,1.0,0.03900358277686977,0.07523694237077527,-0.022208940010508327,0.008115675045695247,0.006602188218684741,0.01141626780806839,11.7950923567339,35437.12476395987,0.025814690733974115,0.031244485073340888,-0.004328246191359927,,,0.007618784514398168,0.0612125227873781,0.010000104040495308,0.01668290931450914,0.01489645536788439,0.7252242397724786,-0.8798886010924822,55.87805138918999,0.9469988726766617,4,21.479999542236328,-0.05457745636415168,-0.0701299053022062,0.9467559776838528
2022-05-30,35826.53125,35826.94921875,36083.69921875,35748.44921875,35958.80078125,127000,0.005999119228299099,1,-1.0,0.04611556968063235,0.06635436913860815,-0.007237811582446851,-0.0036667397030868553,0.009701431555647936,0.009378029182428478,11.751942365440728,35452.41199748105,0.022664081422610376,0.037823521223669755,0.0011946394987173924,,,0.008869425869570065,0.0533533812630792,0.008963321679554909,0.01664099299095682,0.014868439064756836,0.7033867796516297,-0.9166560301620913,57.486480808892516,0.37542457399138973,0,19.979999542236328,-0.06983240372284627,-0.14615385179688967,0.8795562440367279
2022-05-31,35486.984375,35487.3984375,35881.94921875,35288.94921875,35615.30078125,149300,-0.00947752428421389,-1,1.0,0.034915276094013015,0.03456076934517327,-0.018702473125712937,-0.003591218968936389,-0.005907520515010359,0.01680412744295947,11.913712983527281,35453.7840147367,0.006095105673511907,0.02899554482549469,-0.00814960367947511,,,0.0066835163256013,0.05361774921972595,0.012056631446454306,0.01675308221541234,0.014646767916210625,0.8317085399142109,-0.5137322730688819,54.11036391678439,-0.5185788674008789,1,20.479999542236328,0.025025025598375716,-0.20124804876147318,0.9011704520590863
2022-06-01,35620.38671875,35620.80078125,35768.69921875,35285.44921875,35358.94921875,100800,0.003759146897875487,1,-1.0,0.037312738428049386,0.04265057929383431,0.0101022129052446,0.007405524436827619,-0.0036195727048355854,0.013695447010015968,11.520893634619405,35460.333691854874,0.0025931522687322284,0.03233049904261851,-0.00397136343982944,,,0.0072211592715459546,0.027210525522804785,0.01183874617514789,0.015770585194879456,0.014400664860286572,0.5799102519848118,-1.2028490682034507,55.2229925354335,0.19936437838388968,2,20.850000381469727,0.01806644763200982,-0.17523734908425015,0.9195351817983497
2022-06-02,35613.234375,35613.6484375,35676.19921875,35385.0,35470.94921875,140700,-0.000200791211683371,-1,-1.0,0.014781350654820447,0.06897659531709355,0.010808006111128865,0.004022988442456707,-0.004206855522992019,0.008229453688003392,11.854385243102481,35466.34603482135,-0.0005267981797738717,0.03155400889045118,-0.003945841467709879,,,0.002912624020923519,0.0039733445436915815,0.008839268794292693,0.015768090509291177,0.014314951190832413,0.8156994608383095,-0.5199029447043853,55.14579248257911,-0.05441170264953599,3,20.31999969482422,-0.025419696736146857,-0.10563378921933264,0.8961015983961853
2022-06-03,35274.640625,35275.05078125,35958.44921875,35175.1015625,35929.55078125,104800,-0.00950752509516739,-1,1.0,-0.009497855929661125,0.02913527643725322,0.019769524559568374,-0.018216203258003265,0.008870260633486943,0.02226994724828664,11.55980905086908,35458.84426017149,-0.008146228805037816,0.020735554405443786,-0.012823071397022646,,,-0.0018995526425416227,-0.0292673804892295,0.007307886076399959,0.015328140048241193,0.01430970175982327,0.6246647195565357,-1.005880808820055,51.47693696319892,-0.6924946418443618,4,19.979999542236328,-0.016732291225107332,-0.06983240372284627,0.8835820767613591
2022-06-06,35309.7890625,35310.19921875,35424.5,35072.30078125,35159.1484375,100800,0.00099641068464984,1,-1.0,-0.014423499942595175,0.03102692182139588,0.03019077321995023,0.004296201357621405,-0.003285674752638667,0.01004209050745508,11.520893634619405,35453.01504286085,-0.0042643615088995565,0.020225171369212404,-0.011376211788598023,,,-0.0029298327773048284,-0.044614273162545404,0.00622167613734059,0.015141245762360195,0.014293416385534972,0.6153282666422489,-0.9804491413262689,51.83516130768822,-0.03974293599230841,0,20.200000762939453,0.011011072359539131,0.011011072359539131,0.8969406745080483
2022-06-07,34995.59375,34996.0,35154.30078125,34834.3984375,35080.80078125,91600,-0.008898256755888179,-1,-1.0,-0.013847124870690286,0.020584675035354216,0.014887242881893359,-0.0024172989031460293,-0.006496662227218123,0.009183518536252891,11.425186550662222,35435.09288431729,-0.010381992248770589,0.010397615928916581,-0.019881754603521814,,,-0.002783322939956998,-0.028734367752583645,0.006069870780719752,0.01527425310019365,0.014140372841880163,0.5672002229171181,-1.0579751906232193,48.39564826289661,-0.6391272996250211,1,20.43000030517578,0.011386115522248108,-0.0024413690516659203,0.9109352547898231
2022-06-08,34945.7421875,34946.1484375,35449.8984375,34831.75,35165.6484375,124600,-0.0014244931563607288,-1,1.0,-0.01893984214148048,0.017666198910875286,0.007292506197752013,-0.006241886891126661,0.004847652231683621,0.017746694825841364,11.73286388533549,35415.918592285234,-0.008006678241788965,0.008589945841165427,-0.021023515019515795,,,-0.0038555968896446554,-0.026232348339232492,0.00502710730313995,0.015228134389071201,0.014134749574834909,0.7848818897637795,-0.5141755565672024,47.85309683274441,-0.12479290066926083,2,19.84000015258789,-0.028879106401110466,-0.04844125709366731,0.8905047344293646
2022-06-09,35085.04296875,35085.44921875,35149.1015625,34659.1015625,34802.25,100900,0.003986155484319909,1,-1.0,-0.014831370609977301,-0.00026924764483438057,0.046322733663939575,0.008137382460904109,-0.004117719517999457,0.014137700572428103,11.5218852063417,35402.95900900935,-0.0010568791804077841,0.0103456412756798,-0.016776836118623066,,,-0.003022932382346195,-0.061154104273916876,0.006027938723709291,0.012903308829036073,0.014092603837797838,0.6973529615039049,-1.0456673009883182,49.554914105821744,0.126678558600248,3,19.13999938964844,-0.03528229624777213,-0.058070882032362436,0.8690913822964764
2022-06-10,34483.3984375,34483.80078125,34752.44921875,34346.6484375,34686.94921875,90000,-0.01714808990327743,-1,-1.0,-0.02243086777980141,-0.03171567855891266,0.04113507313187559,-0.005856624525231763,-0.011357984830561548,0.011814858209191172,11.407564949312402,35366.913588312906,-0.01374311745350944,-0.008924053286105738,-0.032898117750672556,,,-0.004510416811634541,-0.063565940911677,0.00858758200991961,0.013242517334466063,0.014280119684271496,0.6639371472833905,-1.46962279907439,43.02406342052663,-1.4494720770072607,4,19.57999992370605,0.022988534382899495,-0.020020001386121478,0.8970335605760144
2022-06-13,33405.46484375,33405.8515625,33774.05078125,33210.3515625,33728.6484375,131900,-0.03125958259613071,-1,-1.0,-0.05393194313213545,-0.06757755569606028,-0.005707252633593396,-0.009570406463162923,-0.021898756130171174,0.01697359986355911,11.789799338705405,35290.00919514378,-0.034050924286038474,-0.03964004848483098,-0.06158790814647924,,,-0.01104488260056001,-0.048224690498542055,0.014060583003861296,0.014896701048439737,0.0147825180760758,0.9962611881113335,-0.017903298636255675,34.30162496986941,-2.088116173094398,0,22.3700008392334,0.14249238643506912,0.10742574229379254,1.0299500894996974
2022-06-14,33310.96484375,33311.3515625,33618.1484375,33123.8984375,33180.6015625,113200,-0.0028288457135480227,-1,1.0,-0.04813831402160251,-0.06131886164697109,-0.028877319335687268,0.003940555440313982,-0.0067428306558380375,0.014921250918957447,11.63691144475122,35212.41477817736,-0.02730697137888955,-0.04099129831538368,-0.0626298340361002,,,-0.010085948171973051,-0.019260994685915245,0.01455053590993458,0.014053762111180573,0.014777957639013862,0.870903215879366,-0.6197368973180188,33.657417919368996,-0.10394434473034192,1,21.88999938964844,-0.021457372891247828,0.07146348813821501,1.0098260615413253
2022-06-15,33338.61328125,33339.0,33554.55078125,33249.55078125,33317.80078125,90800,0.0008300004714045794,1,-1.0,-0.04598928664125401,-0.06405809895354986,-0.024139634688546296,0.0006362730508290368,0.00019360423541805966,0.009173056261920831,11.416414564589385,35138.94753197432,-0.01727602238350681,-0.03905455978152634,-0.059836141870846744,,,-0.009649253855609,-0.021849651952707716,0.01490818060391042,0.014049018222533514,0.014412219855532113,0.7139487340776852,-1.293719650980332,34.047687118818715,0.1395702923119306,2,22.149999618530277,0.011877580453692804,0.11643142379921168,1.0221740117310811
2022-06-16,32616.720703125,32617.099609375,33756.5,32537.94921875,33648.80078125,129500,-0.02165333065253905,-1,1.0,-0.07035251548256904,-0.08414046186208013,-0.02096758913264063,-0.03066086005804674,0.009292443722067249,0.037450140851157575,11.771436160121729,35040.05153500964,-0.024357956575679674,-0.05891481061180099,-0.07706116067887554,,,-0.01480758036758751,-0.049384926349928415,0.01352212276688503,0.013774329186460273,0.013384428037295504,1.0266777658857573,0.12193973014507753,29.215186318151154,-1.5034140473490012,3,22.8700008392334,0.03250569901142497,0.19487991476124433,1.0595321241538251
2022-06-17,32742.669921875,32743.05078125,32889.80078125,32290.55078125,32393.44921875,139800,0.003861507411247578,1,-1.0,-0.050480224353531944,-0.0717787768953646,-0.04473479496528565,0.010792353729890652,-0.006856844823833357,0.01855806065556378,11.847968108781847,34949.97307407789,-0.010283745066441275,-0.05318640755927929,-0.0706968118183308,,,-0.010673849121150148,-0.005745429388246293,0.015610689158160928,0.011985154265918323,0.013319758245208977,1.103785875014804,0.4735593596807282,31.053856847857787,0.5099521409457195,4,22.76000022888184,-0.004809821001967474,0.1624106393037148,1.0552670760995806
2022-06-20,32684.419921875,32684.80078125,32926.1015625,32426.400390625,32873.3984375,144400,-0.0017790034407348942,-1,1.0,-0.021584565204121886,-0.07435241079313681,-0.04563241540865204,-0.005737090328782652,0.003980925819063945,0.015410318933194686,11.880342505440863,34861.14278808464,-0.007719095851661203,-0.052730403916230476,-0.0697372608449612,,,-0.00440429809712733,0.024047850204530152,0.010133262854332444,0.011981019938038268,0.013264249350115661,1.1453499900852666,0.6730060436177704,30.65723628767114,0.04075587447824042,0,22.40999984741211,-0.01537787249341016,0.0017880646704562242,1.0414294631610215
2022-06-21,33191.36328125,33191.75,33593.80078125,32797.55078125,32978.05078125,258100,0.015510243496445586,1,-1.0,-0.003590414585118218,-0.05155589210195455,-0.03203247835167666,0.006480043959162705,0.00897206019282902,0.024277727483700013,12.461102385706706,34795.676404238184,0.00840372435467009,-0.03650443847288881,-0.05295521239977816,,,-0.000731848196355558,0.028442063766558445,0.01352995475657233,0.012604878651751623,0.013511887342401552,1.9733170228219734,3.2223049455883928,38.07051544004144,1.3596260109705838,1,21.13999938964844,-0.056671149772913876,-0.034262221147190464,0.9927912011961026
2022-06-22,32844.91796875,32845.30078125,33106.94921875,32758.150390625,33051.6484375,135000,-0.010437811165425193,-1,1.0,-0.014808459124448836,-0.06011671529431328,-0.043512550233695935,-0.006243188040687267,-0.004220975468301611,0.010647696037955248,11.813030057420567,34719.19108568963,0.0008806691252236267,-0.04448901321776189,-0.060208833845413576,,,-0.0029748309067765774,0.0287040911092471,0.01413963791029886,0.012733800232750168,0.013512668368319637,1.0395410618719438,0.1311295598826602,35.29358623030211,-0.6539898665018978,2,21.299999237060547,0.00756858335059607,-0.03837473571596073,1.0097418457025247
2022-06-23,33134.61328125,33135.0,33431.75,32652.150390625,32927.3984375,193100,0.008820111609858516,1,1.0,0.01587818649810724,-0.05559139934590496,-0.05584567913739247,0.006304827358105795,0.0024995251770343384,0.02387590403843162,12.170963468416605,34657.06594507435,0.006531581373631492,-0.03330545152978668,-0.04948359030048475,,,0.003153573743009518,0.0717238656354997,0.009905662810165753,0.011739104069329407,0.01361040273510338,1.4860133133248683,1.607255458630442,39.281876975802284,0.996846806247543,3,20.8799991607666,-0.01971831414731573,-0.08701362507398591,0.994167327389704
2022-06-24,33627.05859375,33627.44921875,33721.8984375,33390.8515625,33434.80078125,149800,0.01486190489663497,1,1.0,0.027010263747519803,-0.024833444779834957,-0.05576151378659988,0.005761913724577533,0.009047858193752829,0.009914298662924374,11.917056350065256,34616.688818551826,0.016031401770291696,-0.016088330019964195,-0.03307156577513644,,,0.005338152633167258,0.08277177753411968,0.011212065582822216,0.011746127471380754,0.013803503286987175,1.1452161614617178,0.48037170758379377,45.43827110945665,1.5136479398831597,4,20.549999237060547,-0.015804594682461648,-0.097100218347839,0.9806260442332227
2022-06-27,33810.85546875,33811.25,34147.5,33735.5,34126.19921875,111400,0.005465796113596211,1,-1.0,0.03446400748436562,0.012135551663501998,-0.056262094951000874,-0.009228956812071736,0.014831633430046395,0.012212654325562093,11.620882606475321,34585.10298253019,0.0146779244436508,-0.007784539600264587,-0.0257403062886542,,,0.006699581710300739,0.0907261024353665,0.010509892155141361,0.011725679878880865,0.013825226122815615,0.8567583157085176,-0.4682650662533482,47.57484721117729,0.7119087897421565,0,21.01000022888184,0.022384477318700524,-0.062472094067949846,1.0001190214607345
2022-06-28,33642.05859375,33642.44921875,33745.30078125,33503.30078125,33578.19921875,125000,-0.004992444267810314,-1,-1.0,0.013578651886387405,0.009939484311490165,-0.05198885519881946,0.001913443886059349,-0.006892699360419979,0.0072231688925239994,11.736069016284437,34548.136168264304,0.006888464576248007,-0.010058280319356521,-0.028876850183162186,,,0.002665971939812803,0.06556750708520687,0.010286253580060177,0.011634448721722201,0.013594056574036444,0.9704215511218073,-0.0963945389409013,45.80099694666647,-0.20686996504385757,1,21.450000762939453,0.020942433568028163,0.014664209188331778,1.0187120448966824
2022-06-29,33269.51171875,33269.8984375,33422.80078125,33185.25,33273.55078125,140800,-0.011073830529626405,-1,1.0,0.012927196468006885,-0.00207269451693215,-0.06599802060001592,-0.00010976717735992682,-0.010965266978671732,0.007158324293172418,11.855095722706078,34498.00919843041,-0.00678596640559699,-0.017622872033881593,-0.03792480151035901,,,0.002524178031683648,0.0789252170680228,0.010494278442094567,0.0116781504653464,0.013601330825029033,1.076370308080422,0.2558769575181839,42.07250164259524,-0.6663007940733269,2,21.899999618530277,0.02097896688042611,0.028169033002863664,1.0374967294462392
2022-06-30,33424.71484375,33425.1015625,33659.30078125,33179.6015625,33180.69921875,149500,0.004664971409262364,1,1.0,0.00875513995774857,0.02477234220092206,-0.0614524759753492,0.007365798476359151,-0.0026810787810959934,0.014457654587756172,11.915051671812877,34455.93438917824,-0.003878028140825937,-0.009840791005063567,-0.03181862503140944,,,0.0017439281520200572,0.07020761593309777,0.01003574628921301,0.011798293146098416,0.013630989798463333,1.139047619047619,0.46545721187292377,44.1136024353713,0.6624817983641051,3,21.84000015258789,-0.002739701688926899,0.045977060843236384,1.030942444871349
2022-07-01,33539.05859375,33539.44921875,33666.5,33080.44921875,33264.75,149900,0.003421011482528602,1,1.0,-0.0026169097580833744,0.02432267056666726,-0.04920195787280157,0.008257967330282055,-0.004797339574276724,0.01771592572321619,11.917723684090689,34419.993794259484,5.4253424197151245e-05,-0.0038927465541138003,-0.02665885915351883,,,-0.0005265503821161597,0.0465850481147182,0.007258006413456177,0.011785441403345451,0.013470989652090598,1.1228043893487136,0.4214305613852324,45.63352799543969,0.5018685683403022,4,21.25,-0.02701465881253573,0.03406329873127434,1.0000941286606115
2022-07-04,33940.50390625,33940.8984375,33978.5,33515.6015625,33558.8515625,152600,0.011969463664465163,1,-1.0,0.003834476320751179,0.038430635225733756,-0.03877918594474794,0.011384384661926704,0.000578493213274154,0.013811431569765666,11.935575397832494,34401.20574105323,0.01124252223323686,0.01008400995796853,-0.013804235731844883,,,0.000773110116713073,0.04261366226549912,0.008958485356038758,0.012201552273767884,0.013314543742490111,1.1212755795583966,0.4305873873648,50.702597777218806,1.1442215287090247,0,20.96999931335449,-0.013176502900965281,-0.001903898862045783,0.9851313945388772
2022-07-05,33815.50390625,33815.8984375,34361.05078125,33757.0,34084.69921875,115000,-0.0036828724563723325,-1,1.0,0.005155665618225225,0.018804324493285174,-0.03372104133329523,-0.007886259448114262,0.004236799491763601,0.017894089559202537,11.652687407345388,34378.2525134629,0.006477992866025135,0.008134279260550598,-0.01614043412056792,,,0.0010220661605020549,0.03887670695152046,0.008763882021865392,0.012099988680201502,0.013315075989671618,0.837795505044986,-0.5978235962951414,49.165430797418,-0.16953990266213254,1,20.790000915527344,-0.00858361486509518,-0.030769222561168097,0.9758502194910242
2022-07-06,34323.8515625,34324.25,34388.5,33876.1484375,33929.3984375,122700,0.015032916053954848,1,1.0,0.03169085605959032,0.04502772645011888,-0.017795907855546522,0.01163744660039701,0.0033564094181846326,0.015124256626908635,11.717497630699002,34376.13476783691,0.015236435491136138,0.024238962483826107,-0.00013966967623736743,,,0.006235833505643365,0.049486763915136844,0.007356475780448436,0.012659722315272895,0.013435911703800967,0.8945104614711672,-0.38814544957884933,55.12402204834147,1.2594001825865953,2,20.270000457763672,-0.025012045929026505,-0.07442918671959298,0.9504830032192613
2022-07-07,34919.89453125,34920.30078125,34965.75,34553.1015625,34627.3984375,184000,0.017365296583319312,1,1.0,0.04473282499842823,0.053879607099743376,-0.004707035001043747,0.008458687541273652,0.008831902736403562,0.011942442757377289,12.122691036591123,34397.474611500176,0.023810766137244747,0.04228199649244064,0.01788058788104995,,,0.008712203289219848,0.04943985999947198,0.008701683561725826,0.013259919109935637,0.013615742802433911,1.301963559172121,1.133355258353095,60.90973454516098,1.327259753379348,3,19.200000762939453,-0.052787354250620866,-0.1208790920880839,0.900182885572384
2022-07-08,35123.640625,35124.05078125,35262.1015625,34977.75,35258.8984375,109000,0.005834714920594397,1,1.0,0.04724590294148712,0.04450535491896668,0.018566688865344627,-0.003824499976623809,0.009696298390184703,0.00812949839540851,11.59910316121128,34425.96779462762,0.02030412420523169,0.047362668626401296,0.024595030318867686,,,0.009075532152064532,0.02867921407614249,0.008394188713840867,0.012689700647924702,0.013547472191310018,0.766121946933755,-0.9113190171079297,62.68095447338708,0.38309689533640945,4,18.399999618530277,-0.04166672461562437,-0.13411766501033995,0.8650681539741487
2022-07-11,35469.234375,35469.6484375,35543.1015625,35006.55078125,35017.6015625,130600,0.00983934508016615,1,-1.0,0.04504153014143375,0.04904871714296277,0.061779502047381696,0.012909132973975364,-0.0030306646409594923,0.015327153611985793,11.779894495824468,34466.896447289284,0.021272706602396756,0.05442355548103685,0.035049864082302026,,,0.008704861574884641,-0.016737971905947946,0.008279007788166511,0.01021877990673259,0.013571055489394527,0.9183601715772449,-0.3177896301817621,65.53365969128572,0.6643112151988478,0,18.3700008392334,-0.0016303684738486757,-0.12398657888678677,0.8718557596517668
2022-07-12,35131.83984375,35132.25,35419.6484375,35047.5,35298.69921875,113400,-0.00951231411539133,-1,-1.0,0.03892700248473169,0.04428336271128819,0.05466300081170705,-0.0047154490798229,-0.004819591574222239,0.010618401811826807,11.638676670275789,34492.98874347402,0.003947808344835314,0.04157448768710608,0.025821699445249535,,,0.00742241110632652,-0.015735998326975364,0.010588110099134573,0.010526722067045911,0.013628231353746552,0.7973562086907608,-0.7890427582222832,60.65864389243449,-1.161952296715014,1,18.549999237060547,0.009798496984426919,-0.10774418373372052,0.8874323906021886
2022-07-13,34827.39453125,34827.80078125,35308.1484375,34757.6015625,35259.80078125,103400,-0.008665804744928063,-1,-1.0,0.014670408858168837,0.04682618273321859,0.04465643184408652,-0.012251912671886772,0.0036305895936070134,0.015839610624744184,11.546360241056465,34506.11862730838,-0.007608229644531928,0.03027464993396155,0.017191565693482215,,,0.0028666013776516707,-0.029986022985917682,0.011734537309227496,0.010825609097042254,0.013214183311585085,0.7238361918095905,-1.1053264265329494,56.56934164984922,-1.007734244500665,2,18.520000457763672,-0.0016171849342689892,-0.08633448251007447,0.8937577127199291
2022-07-14,34650.796875,34651.19921875,35027.6015625,34558.44921875,34817.94921875,121300,-0.0050707066923121324,-1,1.0,-0.007706163935577881,0.036681942580110816,0.06236298241522209,-0.004789196484616692,-0.00028286490329598176,0.013575619113587341,11.706022094932141,34511.80806226688,-0.011123847435192402,0.021975679839040713,0.012377649403838781,,,-0.0015453261846201573,-0.07006914635079997,0.008813248702429732,0.009419316021730555,0.01323162236479306,0.8515866329682673,-0.5888786446177833,54.2832849584637,-0.8620710564923089,3,18.34000015258789,-0.009719238700144017,-0.0447916966759484,0.8948524113030419
2022-07-15,34682.24609375,34682.6484375,34899.94921875,34463.8984375,34734.44921875,99100,0.0009075939493887741,1,1.0,-0.012566954378326778,0.03408521145633192,0.05923692539244674,-0.001491337344195958,0.002402514252809838,0.012652392823196556,11.50388472031808,34518.50768482504,-0.007726466483687248,0.01998580470535072,0.013242333574048144,,,-0.002547688701701087,-0.07180387977077352,0.00802577117958428,0.009428704988014118,0.012973387458070073,0.7058153199672377,-1.1107451675067734,54.63486810817615,-0.21325212788746906,4,17.600000381469727,-0.04034895119745929,-0.04347822030685733,0.8696941439651423
2022-07-18,35358.2890625,35358.69921875,35382.5,34804.3984375,34841.8515625,146600,0.019492478565132698,1,1.0,-0.003128004466847245,0.04177263556711064,0.08180861971274167,0.014834104189981651,0.004590281658763534,0.016610014493947535,11.895463068434688,34551.45637242994,0.012258039480830976,0.03579526598073289,0.03233950262444428,,,-0.0006397966922850727,-0.08493662417958892,0.011879478334291415,0.010039512737975213,0.013183531776650409,1.0433049852328933,0.16356455219946414,61.49086939925799,1.5390458788120664,0,17.15999984741211,-0.025000029802321744,-0.06586831445522046,0.8590953394199442
2022-07-19,35719.9375,35720.3515625,35761.6484375,35110.5,35113.25,183400,0.010228100912666571,1,1.0,0.016739649823168223,0.05631827669816003,0.07618162834138009,0.01728981403031619,-0.00694169254449958,0.01854568967972544,12.119424838804502,34597.29539949151,0.019179668928132002,0.042528341200122895,0.04214519141948757,,,0.003326488674606877,-0.05944197851821187,0.011440426263973125,0.009790860559900375,0.013231205929298613,1.3408393039918116,1.7155987249974436,64.57514672611316,0.6622235521501845,1,17.200000762939453,0.0023310557041396063,-0.07277620105902582,0.8696751719467194
2022-07-20,35971.68359375,35972.1015625,36182.69921875,35876.55078125,36061.30078125,173400,0.007047802974713413,1,1.0,0.03285595861872648,0.048008377823259174,0.09519781237731761,-0.002473544126738183,0.009544956973713995,0.008533385479743525,12.063356343328579,34651.209366668314,0.01970410075970179,0.04510714068179551,0.04870740446320974,,,0.006406996186741326,-0.06234185375859114,0.009262931638681466,0.009224242366296336,0.013239644413207859,1.2501802451333814,1.223037488389543,66.58164004766553,0.2646593448194489,2,16.81999969482422,-0.022093084375555128,-0.09179269551404379,0.8602040364085428
2022-07-21,36200.578125,36201.0,36331.69921875,35887.3515625,36026.55078125,153800,0.006363221150765819,1,1.0,0.04472574733896639,0.0366749194622531,0.09253055681303768,0.004842240374584847,0.0015136513126817678,0.012381734424624275,11.94340833605368,34711.985469936226,0.01725463037736185,0.04709377305658058,0.053740814993451715,,,0.008616681894758367,-0.047804809474071286,0.006777276325048413,0.009181340152710812,0.01227217938589512,1.1248034519325703,0.665693190905175,68.33766479905697,0.20492813864708667,3,16.860000610351562,0.0023781757582108654,-0.08069790239491847,0.8712052953063524
2022-07-22,36738.5234375,36738.94921875,36823.44921875,36286.3515625,36322.8984375,143600,0.014860065157039859,1,-1.0,0.0592890356962088,0.045976998711152905,0.0925285762758683,0.011454228576111274,0.0033672671335045995,0.01480164395488748,11.87478693559626,34791.47424439951,0.02057682018221296,0.05789321960589966,0.06715202346924738,,,0.011360463971989684,-0.0332395405796595,0.005474297586291793,0.009181232837614028,0.012245570507779928,1.0525929998167491,0.28130871690317333,72.05425236593149,1.1270297675137109,4,16.649999618530273,-0.012455574390214053,-0.05397731490617852,0.8691112864067564
2022-07-25,36725.97265625,36726.3984375,37011.19921875,36464.6484375,36766.69921875,139700,-0.00034162058297504405,-1,-1.0,0.03868069948751773,0.03543170161989284,0.08621829827350358,-0.0010961218196450912,0.0007553291694536973,0.014988510918644449,11.847252545245054,34867.35362452111,0.012534221644925125,0.053111841783676915,0.06485194908853717,,,0.007445499927646106,-0.047537598785985846,0.005539676976750415,0.009238346022446161,0.012122151773624957,1.0134939059779455,0.07493901297201667,71.8423693058954,-0.48807125228900045,0,17.68000030517578,0.061861904519156186,0.030303057248691756,0.9309673077675369
2022-07-26,36408.078125,36408.5,36695.75,36334.1015625,36688.55078125,114000,-0.008655856577959642,-1,1.0,0.01926488422981909,0.03632702146887823,0.08221906684809355,-0.007633192788664805,-0.0010305300236397568,0.009953416265926144,11.643953727376633,34927.79073728499,-2.4439952271149085e-05,0.03987237359546762,0.054346770342156535,,,0.0037474321838069386,-0.06295418261827446,0.00880361664096331,0.00946446797120047,0.01189501816232861,0.8303590938888484,-0.9228132107851715,66.50766175940826,-1.3326735237844838,1,18.170000076293945,0.02771491870250231,0.05639530641443535,0.9651033058944919
2022-07-27,36783.32421875,36783.75,36808.30078125,36248.6015625,36370.55078125,113100,0.01030665915926221,1,1.0,0.022563275489751344,0.05616057215427195,0.10561654010158872,0.011360818295966399,-0.0010423175563398657,0.01544057410835461,11.636027662104212,35000.57345346989,0.005797662004074651,0.04534444514313113,0.06359958165742752,,,0.004458565650878069,-0.08305326461183737,0.009207145841852506,0.008859149586207381,0.011938422893483241,0.8321989625105772,-0.8842808496044656,69.39646859998003,0.5886568917017511,2,18.1299991607666,-0.0022014813076161044,0.07788344171881834,0.9727177104239757
2022-07-28,37377.71484375,37378.1484375,37414.3984375,37028.5,37102.44921875,172500,0.016159266999694166,1,1.0,0.032517014378055764,0.0786971094863127,0.11826581491782107,0.007430755234634843,0.008664130730281714,0.010421660005131183,12.058152515453552,35093.811688137735,0.015513269320491931,0.05630317710236666,0.07825338948906108,,,0.006400372107248445,-0.0857488005397653,0.010613566899982997,0.009193304878834735,0.011476083916343688,1.2586188026704608,1.316891012313258,73.32175960025089,1.1387877078581812,3,17.010000228881836,-0.06177600572141495,0.008896774205226166,0.9246072792311103
2022-07-29,37490.9609375,37491.3984375,37754.6484375,37221.1484375,37717.30078125,166900,0.003029845102931361,1,1.0,0.020480967331694355,0.08098429983112498,0.11782987827184388,-0.005989356053344635,0.009073545853056275,0.014333249305722742,12.025150109649926,35187.83469791665,0.014442464089693269,0.053620105971296426,0.0795179622527994,,,0.00402614495476242,-0.09734891094014952,0.009549158182619371,0.009198569162551027,0.01084043408038934,1.2102534353359196,1.050454592009077,74.00586177961074,-0.2809541455302259,4,16.549999237060547,-0.027042973876051923,-0.006006029054705375,0.9112432089299622
2022-08-01,37902.7578125,37903.19921875,37939.6015625,37407.19921875,37594.1484375,346400,0.010983873592671944,1,1.0,0.032042368196071536,0.07196248889864987,0.11674118728902605,0.00822071503398447,0.0027406286316923943,0.01423261711299515,12.755349455670418,35294.319581086595,0.019094991394024655,0.05929517936757911,0.08908255010137223,,,0.006277710783244356,-0.08469881909295451,0.009581481167127533,0.009165805709580518,0.010909558671571357,2.34696297300044,3.666772806427976,76.37787147226851,0.5874672917870015,0,17.489999771118164,0.05679761796923022,-0.010746636356221972,0.9723148580867097
2022-08-02,38023.55859375,38024.0,38179.8515625,37632.30078125,37767.69921875,317300,0.0031870866771119832,1,-1.0,0.04437150665366607,0.06449120282227061,0.12444151292557248,0.006786242915288786,-0.0035748961246778004,0.014550021388084061,12.667602977571287,35401.36587202438,0.013538208711106007,0.056458979769299714,0.09021426182258187,,,0.008524346405043483,-0.08007000627190641,0.005561932354546787,0.008928089442681076,0.010910153986820045,2.011920613784795,2.4360623083174664,77.03975980040018,-0.30474227152831046,1,18.530000686645508,0.059462603152501625,0.019812911878918982,1.036643389526349
2022-08-03,37988.80859375,37989.25,38068.6015625,37692.94921875,37954.55078125,200300,-0.0009138964864295884,-1,-1.0,0.032772623780881416,0.05607535700952271,0.10677582175866918,0.0009142307848665627,-0.0018264574676520092,0.0099661170467164,12.20757152165391,35502.851524101854,0.006145868497967534,0.05014674873166155,0.08694306255157583,,,0.006340732169156284,-0.07400319797778776,0.006863607860824307,0.008783635261115917,0.010917991693610997,1.2395569032737175,0.5898514346592818,76.37678530891765,-0.6842595467164916,2,18.450000762939453,-0.004317318982276719,0.017650392552986727,1.037449429159376
2022-08-04,37755.11328125,37755.55078125,38231.8515625,37249.5,38111.05078125,186300,-0.006151719729923566,-1,1.0,0.01009687102027157,0.042942205498466945,0.08119202688890792,-0.009328003104414536,0.0032061907315885413,0.026372208016214982,12.13511355658968,35591.192671441,-0.002038684726725386,0.03961252978517473,0.07861427713824488,,,0.0019868902057818987,-0.07109515586863635,0.006271749600173072,0.008637395256704136,0.010597237970924964,1.1520979561547262,0.3745239520846613,71.89580937909885,-1.1647665522780823,3,19.26000022888184,0.0439024082627375,0.13227513049527517,1.0828132983644534
2022-08-05,37920.16015625,37920.6015625,38150.44921875,37779.8984375,37868.25,175900,0.004371563328695149,1,1.0,0.011448042561429173,0.03216347687883614,0.07961925572499351,0.0013824658520000263,0.0029849708564169113,0.009808146569345843,12.077670930725649,35682.542039717824,5.488742658865878e-05,0.04015246567111055,0.0819032173042809,,,0.0022735895311750266,-0.06817121316356434,0.006353843379765595,0.008626539225224897,0.010434217868487732,1.065737655255983,0.1681174826799313,73.09632509476467,0.057548355453116824,4,18.920000076293945,-0.017653174898619062,0.14320247422889532,1.0621456218966234
2022-08-08,38236.953125,38237.3984375,38302.3515625,37681.44921875,37847.3515625,174100,0.008354215438219237,1,1.0,0.008817177062580894,0.04114206849254165,0.07803150360728739,0.01030579046874358,-0.0019316676682797549,0.016477666242227323,12.06738512575628,35782.732486689674,0.006635142597391782,0.04487584375619001,0.08944320773443705,,,0.001762626145047722,-0.0692143265447065,0.005519694373446924,0.008579162370228887,0.010461036452390075,1.0411122738824936,0.1073426651480251,75.27910037303486,0.5289738724378231,0,19.299999237060547,0.020084522158259732,0.1034876780805507,1.0806573088946434
2022-08-10,38287.40625,38287.8515625,38402.94921875,38155.30078125,38298.8515625,163900,0.0013194706507679843,1,1.0,0.006939079594466602,0.051618483664528814,0.08982065089767954,-0.00028721487854666005,0.0016071471258811369,0.006490538206468486,12.00701176473192,35880.97245044694,0.006565020169830781,0.041762964412519504,0.08914265782030406,,,0.0013800706809658817,-0.08288157130321294,0.005461921223054579,0.00801704743160882,0.010343784447448079,0.9655375552282769,-0.09315762165271164,75.61837542462787,-0.37516813812965183,2,19.59000015258789,0.015025954766385352,0.05720450224841711,1.0937107485870283
2022-08-11,38879.3984375,38879.8515625,38932.1015625,38648.8984375,38712.94921875,200900,0.015461823420246823,1,1.0,0.02344351527076749,0.056984444557719005,0.11634529572224594,0.004311279484466751,0.011102677191382302,0.00732758594550823,12.210562550803026,35998.57555288039,0.01736436117316837,0.052070922400599656,0.1039359263438674,,,0.004652136519314412,-0.09290178045147846,0.008001317819192628,0.007763305833398236,0.010523191785927394,1.1504652827487474,0.42976922579351323,79.2217891046742,1.2703020246833145,3,18.36000061035156,-0.06278711243776303,-0.00487805684911824,1.0254978371938626
2022-08-12,39041.84765625,39042.30078125,39088.8984375,38739.94921875,38942.44921875,125300,0.004178236598688212,1,1.0,0.03408108141383592,0.0445220647173743,0.12672293200530693,0.0025640801876406763,0.001610028169715958,0.009007477443494165,11.73846614088416,36117.93732654194,0.014781564201215899,0.0502272609311786,0.10639424868032382,,,0.006619109632821295,-0.09264185059147101,0.005435112852388308,0.007364674222998272,0.010524799734419343,0.7167167167167167,-0.812416327277098,80.09129992521424,-0.24723035804745763,4,17.610000610351562,-0.04084967184462607,-0.08566976110706259,0.9856159684802287
2022-08-16,39239.19140625,39239.6484375,39444.6015625,39119.8984375,39284.1015625,0,0.005054713792502108,1,1.0,0.034784439609323536,0.046630695915875764,0.13139135000638613,-0.0011315805435762917,0.006193302556752096,0.008300203680711563,,36240.35737010892,0.012965200286343032,0.04910578179649322,0.10949371940581705,,,0.006757014051966197,-0.0966069103970626,0.005370025676341949,0.007272660387728002,0.01040411947161243,0.0,-2.4030195056522223,81.12468024795372,-0.1588833246888168,1,17.68000030517578,0.003974996729021685,-0.0655390996891082,0.9893123052461351
2022-08-17,39461.2421875,39461.69921875,39504.5,39202.80078125,39351.30078125,169800,0.005658837173418529,1,1.0,0.03201841211167,0.04111790118310221,0.11603933658917698,0.0028054584043789056,0.002845396128556994,0.007695858784005487,12.042376552859384,36366.68450142818,0.012298639930580696,0.04928730467521757,0.11315884774812511,,,0.006240121051033489,-0.08402092447750698,0.005318660834215888,0.006583171462069692,0.01041453022182924,0.9928082792492545,-0.017452176862818043,82.24161007132155,0.020226249184155314,2,17.68000030517578,0.0,-0.0839377718095442,0.9878750731734682
2022-08-18,39655.6875,39656.1484375,39703.69921875,39291.1484375,39324.3984375,137200,0.0049275429745714305,1,-1.0,0.035737102479266314,0.04292416467231219,0.11018359850444148,0.008436238396049844,-0.0034793428556863138,0.01049984023516747,11.829194994273921,36495.68308715649,0.010195115825455509,0.04896883087872496,0.11571064392801382,,,0.0069348097121467904,-0.07444649602517517,0.004680920603134184,0.006490494510182469,0.010295130409587544,0.8131816026552868,-0.4451481241827014,83.18023088483389,-0.050999106538588794,3,17.350000381469727,-0.018665153733591677,-0.11434404051407088,0.9690301478210894
2022-08-19,38985.49609375,38985.94921875,39759.1484375,38848.3984375,39732.6484375,148100,-0.01690025998884548,-1,-1.0,0.0027288596017256417,0.026236348934237874,0.08378291857687459,-0.018793089514900274,0.0019290829547041787,0.023443694891701415,11.90564300025589,36593.3405825131,-0.007413980031447521,0.02714672097576559,0.09436716666850015,,,0.000535088052825909,-0.08105405897514895,0.009846913201546723,0.00815703923422247,0.010647611499910064,0.8844167089665881,-0.2728141152304526,69.53784792883302,-2.5671828394725407,4,18.290000915527344,0.05417870394179136,-0.0038126194170575722,1.0173545860856967
2022-08-22,38297.3046875,38297.75,38732.8515625,38247.25,38693.6484375,124300,-0.01765249359169163,-1,1.0,-0.019070361283819892,0.01436078159451104,0.057919670727327954,-0.010231613029189424,-0.007497593033066901,0.012696378497800495,11.730453277498803,36660.18016751258,-0.021224800358979792,0.006235686049651162,0.07311356382835832,,,-0.003819585241197174,-0.07699003201114785,0.01239960954668006,0.009476669179670653,0.011012451688477844,0.7488854078804675,-0.58254046630803,58.86204802822003,-2.166003863363882,0,19.040000915527344,0.04100601216281441,0.0812038759575735,1.0526898173710275
2022-08-23,38697.19921875,38697.6484375,38869.8984375,37950.8515625,37955.44921875,176400,0.010441825890554979,1,1.0,-0.01381256004021758,0.020491417408536883,0.05331396951740697,0.019554483849537826,-0.008937882284207296,0.024216765557591037,12.080509422554828,36740.08088398268,-0.008257097741585614,0.014133112639786295,0.08176428187744603,,,-0.0028304534861707067,-0.06712652955762455,0.013536432857685333,0.009234579785467606,0.010727434044730162,1.0523803842023625,0.12299602691101094,62.467857317244615,0.8456407967465005,1,19.049999237060547,0.0005251219040147692,0.07748862603151085,1.0463008221796601
2022-08-24,39038.046875,39038.5,39120.80078125,38552.19921875,38552.69921875,214900,0.008808069127262508,1,-1.0,-0.010724302985638312,0.02095073397342717,0.06295475899807257,0.012600953787789056,-0.003745685451251782,0.0147488748767271,12.277928082630602,36830.21496696376,0.002653146338602873,0.01997553503317647,0.08786670187904841,,,-0.0021872089692143303,-0.07367906198371088,0.014084051332520223,0.009306432045024971,0.009569681982382616,1.2539386159411834,0.6059965790088292,65.26269430521748,0.6142218524735344,2,18.43000030517578,-0.0325458769929291,0.042420813747409136,1.01016745558001
2022-08-25,38950.296875,38950.75,39471.75,38803.69921875,39190.05078125,333400,-0.0022477810366688944,-1,1.0,-0.017787870615113888,0.017313544909092204,0.06982572750868621,-0.006106161550688537,0.003882085153118076,0.017216162239686597,12.71709824929883,36913.37320355341,0.004037479665541326,0.01431419169704225,0.08202061744987355,,,-0.0036138603558026425,-0.0876135981238001,0.013538552631511066,0.008984363372867147,0.009562643180206281,1.8283520701946805,1.912313284179445,63.94258517863343,-0.6314410850577263,3,19.56999969482422,0.061855635961562516,0.12795384810051713,1.0685522151303448
2022-08-26,38986.6953125,38987.1484375,39337.1015625,38846.80078125,39129.6484375,196300,0.000934473341334785,1,-1.0,3.0760280922415006e-05,0.0027597038231361726,0.05990140857036064,-0.0036417398491992267,0.004592939481268011,0.012621394075947976,12.187399380264553,36994.69772253172,0.0049695127231366995,0.012357659566583449,0.0796437922636752,,,6.157615707051987e-06,-0.05987064828943822,0.011268829456818548,0.008849468912739394,0.009562142571616108,1.052490483084017,0.12661278334188877,64.26547411011299,-0.2280478881601602,4,18.21999931335449,-0.06898315802359323,-0.003827315400155462,0.994595729318484
2022-08-29,38276.25390625,38276.69921875,38397.1015625,37943.8515625,38111.6015625,158000,-0.018222651494733344,-1,1.0,-0.0005496610440560712,-0.019609540093182165,0.024039467411085536,0.004331952725189283,-0.022457320170609106,0.01194528181340315,11.970350312009105,37044.97229101086,-0.013236608013660611,-0.007248333772154797,0.05665767702086554,,,-0.00010798830944900163,-0.024589128455141607,0.011498945817219153,0.009487416620401966,0.009386409440699496,0.8504454073256722,-0.3583850459841819,54.0849529409019,-2.0571129210772034,0,19.81999969482422,0.08781561151305839,0.04096632047222104,1.0737018642843574
2022-08-30,39536.2890625,39536.75,39606.55078125,38472.69921875,38516.94921875,176800,0.03291952563748657,1,-1.0,0.02168352849282873,0.0075714634134200764,0.054555221937365284,0.026476675903333545,0.006276664521853874,0.029471588568639025,12.08277442918568,37142.689063912396,0.014856535792650493,0.02271988609212893,0.08736374764704169,,,0.004384398757607409,-0.032871693444536554,0.01856131272897763,0.011781468865880503,0.010254342445537462,0.9491088683701954,-0.12242846943264413,64.75053413641726,2.554033963117527,1,18.700000762939453,-0.056508524174056385,-0.018372624049254216,1.0071632769512715
2022-09-01,39300.79296875,39301.25,39667.6484375,38803.30078125,38806.69921875,191200,-0.0059564835248218095,-1,1.0,0.006730535240851987,-0.004065948043964651,0.036884769889250046,0.012743953781337086,-0.018465118687044334,0.022275106468974883,12.161075279599437,37227.33851238642,0.007452617197704986,0.014793113652290949,0.07696737670621837,,,0.001329143138978366,-0.03015423464839806,0.018840871149035612,0.011763235230803104,0.010317631628770304,1.0710284561953842,0.18727500464352423,61.85841723828466,-0.6636487931786536,3,19.8700008392334,0.06256684644701771,0.07813350570879884,1.0633629761056664
2022-09-02,39420.54296875,39421.0,39595.8515625,39200.44921875,39422.30078125,133900,0.003046976877325802,1,1.0,0.012072938261779242,-0.005929684217079401,0.03673995371344407,-3.2996076439523196e-05,0.003080074584141726,0.010086678893487648,11.804848531679264,37313.364453077156,0.008091905179959212,0.016052623552267255,0.07657346293505943,,,0.002393053656054271,-0.02466701545166483,0.018737008814329256,0.01176241988850424,0.010178607380407835,0.7906702096250369,-0.5919067047884263,62.76905538056335,0.09956353337418487,4,19.549999237060547,-0.0161047603752994,-0.001021995813774157,1.0433900330890935
2022-09-05,39805.2890625,39805.75,39865.19921875,39407.3984375,39412.05078125,214100,0.009760026381877784,1,-1.0,0.02099670263939135,0.02102810878478545,0.04781615851852816,0.009989310653616116,-0.00022701653306613227,0.011617127732399552,12.274198474577775,37411.105062760405,0.013686874533843391,0.023573180211676377,0.08296369354108606,,,0.004153124286547631,-0.02681945587913681,0.01897507146475984,0.011872671882304318,0.010013932133152905,1.2591155022347682,0.7301433591688821,65.61002612535967,0.6173430106141039,0,19.65999984741211,0.005626629905081337,0.07903406083018671,1.0458837455923162
2022-09-06,39666.0390625,39666.5,40073.75,39564.30078125,39892.94921875,210200,-0.003498238319840752,-1,-1.0,0.03630931636260848,0.035739697501811385,0.05061372908639994,-0.005676422104274183,0.002190618660620639,0.012876487355778928,12.255814737424988,37499.55192304432,0.0030407434333217433,0.017492572404942335,0.07535347859952829,,,0.006982914685692467,-0.01430441272379146,0.015380369244890127,0.011786789585567304,0.010041003418471037,1.2275527783455484,0.6396388785860122,63.715040463515045,-0.5103459018176368,1,19.520000457763672,-0.007121026995677515,-0.01513618777395287,1.0377183119713769
2022-09-07,39455.44140625,39455.8984375,39572.05078125,39258.25,39337.75,138900,-0.005309305396241193,-1,1.0,-0.002044972399097067,0.019594213876448885,0.040487144500320094,0.0030034365844513224,-0.008287849948949365,0.00799324425439239,11.841509528742435,37576.271394199444,-0.001876577294719157,0.010101393950944022,0.06627449046619567,,,-0.00040765664981781967,-0.04253211689941716,0.006690783372915163,0.011903300503720939,0.009987120968219227,0.8200253859550728,-0.49707724256546204,60.85241453144679,-0.6163664936721409,2,19.3700008392334,-0.007684406506794583,0.03582887962345871,1.0285138135669778
2022-09-08,40208.48046875,40208.94921875,40265.75,39706.3984375,39763.8984375,203800,0.01908588604167427,1,1.0,0.02309593762921036,0.02998192089219609,0.051560798114248074,0.011192332712284756,0.0078061839217243145,0.014087189584329824,12.224894399770761,37679.51366182888,0.012523530729051258,0.026788807243083485,0.08288080357053164,,,0.004601082498160947,-0.028464860485037713,0.009967181443515744,0.012423843791238795,0.010227478440125259,1.1927196114004799,0.5327928252403995,66.6263701408194,1.3224386648749533,3,18.309999465942383,-0.05472386821708408,-0.0785103828587056,0.9747916669575475
2022-09-09,40415.23046875,40415.69921875,40685.94921875,40280.30078125,40520.75,207000,0.005141890151747264,1,1.0,0.02523272415083322,0.03761029553346207,0.05557500798331727,-0.002592518185127373,0.00775451205038213,0.010070640725920907,12.240474072247506,37786.81505621795,0.012656796889357128,0.029272043650190805,0.0844923544571932,,,0.004947650899000119,-0.03034228383248405,0.00993102000489297,0.012433760511220584,0.010156349081116473,1.1963589076723018,0.5453452245036391,68.02093943744029,0.1890895115226641,4,17.719999313354492,-0.032222838328604175,-0.09360613785789618,0.9481005440709379
2022-09-12,40573.52734375,40574.0,40684.8984375,40377.8984375,40540.44921875,147000,0.003916814117038925,1,1.0,0.019299975506051226,0.04070191399209078,0.04357394304287987,0.0008275878017277305,0.003086671823362267,0.007603169354521957,11.898187865760873,37896.116426562345,0.012724340076909391,0.03107920983389033,0.08448903837110791,,,0.003801740486249433,-0.024273967536828644,0.009572854713242344,0.012079853012793481,0.009929122993117916,0.8630305876827336,-0.375101966533286,69.08609430303443,0.14120999823804578,0,17.940000534057617,0.012415419256665672,-0.08748724957802578,0.9609513306065574
2022-09-13,40872.625,40873.1015625,40904.30078125,40693.94921875,40802.1015625,176400,0.007371754387045959,1,1.0,0.030418654595187444,0.0678324515108173,0.04689274824011491,0.0017401064474888222,0.005621865295509439,0.00516911153963595,12.080509422554828,38012.86094169715,0.014081737156180413,0.03626945673521385,0.08815114855247805,,,0.00594765890718194,-0.016474093644927468,0.008685116813583497,0.01212879852044704,0.009940193952024081,1.0203314341903578,0.057348185619773846,71.0482868771145,0.4113049694003399,1,17.469999313354492,-0.02619850650566402,-0.10502054796796045,0.9361268478615155
2022-09-14,41404.91796875,41405.3984375,41626.8984375,40288.8984375,40308.80078125,218400,0.013023158376813004,1,-1.0,0.04940959595909589,0.04726358230001204,0.05519290019760392,0.0272049189009883,-0.013806164927002535,0.033210141053512145,12.294083522852887,38145.90162780707,0.01744590867947203,0.04689077243446527,0.0977247657773778,,,0.009539280971956493,-0.005783304238508036,0.006229079586208538,0.012349595815332695,0.01001923930141748,1.1882157721498328,0.7431396500024375,74.1882536785032,0.8277275762695977,2,18.280000686645508,0.04636527791227962,-0.05627259191337386,0.9779585162593026
2022-09-15,41208.71875,41209.19921875,41840.1484375,41153.5,41533.69921875,245300,-0.004738493678454914,-1,-1.0,0.024876302898598768,0.04854678206800034,0.04428344533044548,-0.007812932777572279,0.0030986486325850853,0.016685055645327858,12.410237230246581,38266.03094509895,0.007671252022161455,0.0396333473397398,0.08832890339338209,,,0.004831495591135813,-0.019407142431846713,0.006417833846008626,0.012436974786120623,0.010035265410120417,1.3077087109499947,1.1929990721053476,71.12622949187049,-0.5591129102436794,3,18.38999938964844,0.006017434292729051,0.004369193120669523,0.9819783384573055
2022-09-16,40776.328125,40776.80078125,41162.5,40502.05078125,40977.19921875,244200,-0.010492764860697945,-1,1.0,0.00893468551776233,0.03439285612363974,0.028259233130423667,-0.004890486449066616,-0.005629810925674116,0.01630656240882864,12.405742840658741,38364.49250730095,-0.004659749479467901,0.027272565256565233,0.07296432593927353,,,0.0017525288981382163,-0.019324547612661336,0.009416035213243997,0.012734207383538537,0.010186590361633151,1.265744052246929,1.0585531099938752,64.78039706301215,-0.9358808594441074,4,19.81999969482422,0.07775967116022375,0.11851018413342063,1.0514030911229915
2022-09-19,40903.921875,40904.3984375,41184.25,40509.8984375,40685.6015625,206000,0.003129172809179126,1,1.0,0.008143107347069467,0.0276002446254624,0.04920873435671891,0.005377747079980883,-0.002236546688379125,0.016646587340632603,12.235631447771718,38464.0966614264,-0.0031530424685545498,0.028002875063080593,0.07260750243587785,,,0.001620521625874736,-0.04106562700964944,0.009378111139991806,0.011973073266577464,0.010058229120420011,1.0519596578577812,0.21497414912349835,65.7514529587418,0.054532303053117896,0,19.940000534057617,0.006054532849702143,0.1114827168596324,1.0531597713069496
2022-09-20,41467.8203125,41468.30078125,41677.6484375,41207.30078125,41304.1484375,175200,0.013785860819139462,1,-1.0,0.014562125113991353,0.045423739963193155,0.08278686819069003,0.003974233822987287,0.009772787652917062,0.011414182616494404,12.073683457484428,38581.908587694,0.0076660907707777285,0.03803913925167222,0.08367290861265715,,,0.0029101966609261266,-0.06822474307669868,0.01068488285768562,0.011222755429724663,0.009972177635498297,0.8831980642234208,-0.5198457390899148,69.72428389426464,0.8624172469523815,1,18.799999237060547,-0.057171578057379824,0.07613050806987554,0.9935786970723668
2022-09-21,41202.96875,41203.44921875,41501.69921875,40889.1484375,41282.6015625,151300,-0.006386843866526437,-1,-1.0,-0.004877364459004885,0.04429124289282638,0.0647533088553709,-0.0019173293531457051,-0.004478100506929003,0.014980766405206455,11.927019899776447,38684.71410263737,0.002213917589932029,0.028184676208424127,0.07334121914761517,,,-0.0009739932186530605,-0.06963067331437578,0.009582814915607503,0.011345495663271284,0.010062083888316725,0.7675722294092281,-1.0055000467435933,65.86005079039683,-0.8398349937120289,2,19.32999992370605,0.02819152702946459,0.05743978105141001,1.0208338818851426
2022-09-22,40630.12890625,40630.6015625,41159.19921875,40360.19921875,40889.05078125,209500,-0.013902905390486553,-1,-1.0,-0.014040497442783129,0.010486529788581889,0.04078285698733297,-0.006320743910947279,-0.007630391228434588,0.019796730825570635,12.25247901834433,38761.02341478885,-0.008930194455961465,0.011879869976381286,0.05558037631610692,,,-0.0028084913628380866,-0.0548233544301161,0.011242409581485495,0.01188040413685162,0.010303332820215344,1.0642891615230257,0.278319296473499,58.330082776234775,-1.3365204564602555,3,18.81999969482422,-0.02638387123097574,0.02338229034514394,0.992877856532566
2022-09-23,39545.7890625,39546.25,40528.3984375,39412.69921875,40429.3515625,226200,-0.026688050897597404,-1,-1.0,-0.03017771766479116,-0.02151266056400769,0.015288537447931017,-0.02184308004878108,-0.004953163188844922,0.028308114918940207,12.329174842664157,38791.816614208896,-0.02955416607362833,-0.015855002432234522,0.025058014097439442,,,-0.006057260950749783,-0.045466255112722176,0.015638381466138798,0.0135273434609474,0.011001939881582944,1.1812935739091834,1.0461550372752855,47.304754785572925,-2.0311462956088344,4,20.59000015258789,0.09404891001408733,0.03884967051562316,1.0833421135664845
2022-09-26,38615.80078125,38616.25,39229.3984375,38492.19921875,39027.8515625,241800,-0.02351676834086669,-1,-1.0,-0.055938933828746595,-0.04825134322472524,-0.00951335125457009,-0.010546354616544875,-0.013108662325757815,0.019151912172139587,12.39586621716283,38784.93164894581,-0.041613221847281785,-0.03855519833978584,-0.0010100229907269186,,,-0.011572012200903932,-0.046425582574176505,0.016277779800260465,0.014598470855682395,0.011507379672809858,1.2479355904211396,1.3710540063692531,40.27373450782336,-1.5839488766897565,0,21.88999938964844,0.06313740784004596,0.09779332012856345,1.1407279734343445
2022-09-27,38358.703125,38359.1484375,39050.5,38184.8984375,38811.69921875,168700,-0.006657859385621356,-1,-1.0,-0.07497660345793122,-0.06150629702411636,0.002154031576202753,-0.0116601640834981,0.00506132052568543,0.02266868835376878,12.03587726853406,38768.234268104796,-0.033071684136565103,-0.04505437693791539,-0.009561283850314056,,,-0.01610281859968274,-0.07713063503413398,0.009551789196915237,0.014067382795838483,0.011529813729209274,0.8682673254587097,-0.7409786592687143,38.56711329549036,-0.48700530596577957,1,21.56999969482422,-0.014618533748134599,0.1473404558603999,1.1189500311414713
2022-09-28,37759.4140625,37759.8515625,38368.80078125,37626.19921875,38081.25,210600,-0.015623310198777163,-1,-1.0,-0.08357547053810632,-0.0880452069674641,-0.04494295655308034,-0.008439807976366322,-0.007244645640473233,0.01973628955140238,12.257715878682012,38728.68984827716,-0.031362053464083474,-0.057890046910955534,-0.02658205075643903,,,-0.017954505230275405,-0.038632513985025985,0.008112591735119395,0.012254599628269927,0.011800382140657487,1.074572033573998,0.4240175305692128,34.85900658651458,-1.097482715429409,2,22.100000381469727,0.024571195834216075,0.14330059331074207,1.1364220938706042
2022-09-29,37647.3125,37647.75,38283.3984375,37536.6484375,38092.8515625,253000,-0.002968803050362845,-1,1.0,-0.07341391581199286,-0.08642364535755298,-0.04207245316624786,-0.011684648017744471,0.008818890599948979,0.019893891199246738,12.441144767709657,38686.3000503055,-0.019228439646380074,-0.058745417745846046,-0.030616000990346674,,,-0.015799064027371995,-0.031341462645745,0.010449009268737396,0.012225570169123488,0.011539804253217621,1.2708778098706517,1.4688110023162069,34.196678231631466,-0.07330554160464423,3,21.299999237060547,-0.036199146181009056,0.13177468557124183,1.091272351841208
2022-09-30,38631.5,38631.94921875,38811.0,37386.3515625,37660.0,246100,0.02614231179154136,1,-1.0,-0.023119784587666392,-0.052599799920700185,-0.020016001147865392,0.025808529441051515,0.00032538465114117046,0.03810611033062074,12.413493236379146,38684.16864514646,0.011228424182359543,-0.03318520288463116,-0.006763323616683872,,,-0.004857133726451039,-0.003103783439801,0.018869908345104762,0.013704552436839967,0.011989366590492358,1.202335295698268,1.1917986130955882,44.21767626232482,1.9768313848350252,4,19.96999931335449,-0.0624413132086854,-0.030111745247144994,1.022032265999987
2022-10-03,38029.20703125,38029.6484375,38641.6015625,37963.25,38444.8984375,172900,-0.015590742725393514,-1,1.0,-0.015190536691159773,-0.07027972809311656,-0.04461922115523509,-0.01080117302624881,-0.004841867548304163,0.017868637761519365,12.060468671671382,38658.50118602307,-0.0014709231697774172,-0.0461386424250007,-0.023281989217108844,,,-0.0030368727147492376,0.029428684464075316,0.017083966505056874,0.013836118688711622,0.01220740705399566,0.8533004318322024,-0.8402113830638365,40.18458760517395,-0.969580791315713,0,21.3700008392334,0.07010523655565137,-0.023755073774051616,1.0889172455072937
2022-10-04,39109.59765625,39110.05078125,39177.5,38596.8984375,38700.3984375,241100,0.028409474926532452,1,1.0,0.0195755738679515,-0.05686873962933847,-0.014028190507103022,0.010585222899231294,0.017637554580667427,0.01504269995787793,12.392967064169262,38676.209013286876,0.022863380342008913,-0.01835490674890609,0.00296735567363303,,,0.003949036473392908,0.03360376437505452,0.021675270375309325,0.015396498658199444,0.012768686911451336,1.1808786795317627,1.0149350078211286,49.145075223147195,1.8817043379797636,1,19.56999969482422,-0.08423027953768436,-0.09272137358814636,0.9970704281211301
2022-10-06,39282.39453125,39282.8515625,39608.3515625,39232.8984375,39343.69921875,158800,0.004418321577144058,1,-1.0,0.04033384499616299,-0.046612545616108614,-0.004385830303018312,-0.001546566730080172,0.005974127694357658,0.00956985438121825,11.975400827795172,38699.99891717759,0.01926291889430463,-0.013803510734015877,0.006086092487316389,,,0.007788279327574506,0.044719675299181305,0.018796319255690173,0.015396686442245035,0.012633463876801171,0.7740111617478614,-1.3345227208152537,50.4242580854227,0.29366816759137276,3,19.31999969482422,-0.012774655283521508,-0.1257918841022494,0.9844585927436837
2022-10-07,39177.59375,39178.05078125,39235.05078125,38807.5,39093.5,165000,-0.0026678506544581815,-1,-1.0,0.04064786823249733,-0.035750166755853074,-0.02563853215590317,0.002162783614923197,-0.004820209199903345,0.01101722041486826,12.013700752882718,38718.746049101996,0.008534630875887317,-0.015160117499153893,0.0021435116551250886,,,0.007791189897786623,0.0662864003884005,0.01875307420599008,0.014727410477073584,0.012644080910481928,0.8119079837618404,-1.0651367758914798,49.60924286938499,-0.09995723468454475,4,18.809999465942383,-0.026397527791807596,-0.11690140189234066,0.9572518905101115
2022-10-10,39092.6484375,39093.1015625,39315.69921875,38518.30078125,38641.55078125,159700,-0.0021682859932035115,-1,-1.0,0.011937071596847648,-0.011458695514745432,-0.03272484905163808,0.011685627831197332,-0.013693892097785541,0.02070180722738836,11.981052334203104,38733.42665747054,0.003964199535536506,-0.015659220330058662,-0.0014008977295404351,,,0.0023541362296191637,0.04466192064848573,0.016084064730825017,0.014649988552253376,0.012572393518686407,0.7950811510504829,-1.1075986889043479,48.91902915902409,-0.04146737387768906,0,19.6200008392334,0.04306227518813133,-0.017526213628211607,0.9936693316257194
2022-10-11,38712.0,38712.44921875,39174.94921875,38622.75,39058.8515625,177600,-0.009737071977812595,-1,1.0,0.01795443316737866,0.0024911590004208506,-0.045880385992261075,-0.008868728339226884,-0.0008761136525645809,0.014297252752587529,12.087289109540206,38732.60401281483,-0.009285956991893756,-0.0229539766887105,-0.01209774739409941,,,0.003493203424437333,0.06383481915963973,0.014564026461784466,0.014695761142954952,0.012604487729280358,0.8775137111517367,-0.699962152846093,45.84129129178039,-0.5094079659265038,1,20.489999771118164,0.044342451308414965,-0.04117927157492818,1.031073087354255
2022-10-12,39118.09765625,39118.55078125,39164.1015625,38606.3984375,38784.19921875,195800,0.010490205881970027,1,-1.0,0.0002173354375718528,0.01979716377143581,-0.042926783487841624,0.008620819025144643,0.0018534089536564012,0.014445872901168624,12.184849009078548,38747.739180204444,0.0010632852872357469,-0.010513725612697162,-0.002620387655774099,,,4.3913522246836066e-05,0.04314411892541348,0.0076798021576585315,0.014818795997312551,0.012492879498256343,0.9628245476003147,-0.21643765118472535,49.49221656367102,0.8478308271152016,2,20.18000030517578,-0.015129305485856781,0.031170190079915727,1.0085965818201734
2022-10-13,38623.55078125,38624.0,39061.30078125,38437.94921875,38957.6484375,158900,-0.012642359478384435,-1,1.0,-0.016771989208872795,0.022885376974262295,-0.06717477774542913,-0.008564388531696781,-0.004113197972229647,0.016217086893801545,11.976030352524807,38742.88666333368,-0.008248262107673446,-0.019574312001454302,-0.015798038933588995,,,-0.0033684865586369375,0.05040278853655633,0.008960281003510723,0.014548052840943763,0.012636164063945854,0.7929735259625221,-1.149320871813333,45.472083640461484,-0.6365344019437957,3,20.290000915527344,0.005450971689200168,0.050207103313929524,1.0090260838902176
2022-10-14,39305.14453125,39305.6015625,39570.8515625,39196.30078125,39446.05078125,185600,0.01764709927765118,1,1.0,0.003255669404335082,0.04403587365778838,-0.04619351242777536,-0.003560539419493931,0.021283419150010356,0.0095557686257263,12.131349099334237,38764.95391428138,0.008592624418463986,0.00014373625747538394,0.0008549501635956356,,,0.0006604742193972282,0.049449181832110445,0.012991605755408227,0.015277532650365907,0.012779091820769743,0.9402228976697061,-0.34080501024591564,51.33874695348272,1.3007494712584702,4,18.26000022888184,-0.10004931468938494,-0.029239726351740658,0.9083673402611055
2022-10-17,39919.984375,39920.44921875,39974.69921875,39146.69921875,39295.6015625,201600,0.015642748916393723,1,1.0,0.02116352049804182,0.03335322255431583,-0.021000950199451807,0.015901211112805444,-0.0002544166633373861,0.02115120856992752,12.21404081517935,38810.26745563309,0.020038707359985777,0.016896649739210463,0.01553027211779558,,,0.004209820602462745,0.04216447069749363,0.01436777120147164,0.01565017010103173,0.012945547575257416,1.0324166538638808,0.19264326568567477,55.94347637193344,1.058645016173115,0,18.420000076293945,0.008762313549100398,-0.06116211578033448,0.919528759203062
2022-10-18,40318.28125,40318.75,40435.3515625,40139.8515625,40252.05078125,245200,0.009977362205205953,1,1.0,0.04149313240744279,0.060192551247536086,-0.014317492980488233,0.001657039019265808,0.008306558893737399,0.007361761154993061,12.409829483044193,38869.42363384356,0.02182805133422727,0.027809252599468794,0.02444841334611644,,,0.008047508546048819,0.05581062538793102,0.012100619391782575,0.015818970943203173,0.013003956401518187,1.2432185772955433,1.3843138058544397,58.67179854762885,0.6680577385837073,1,17.450000762939453,-0.05266011451340091,-0.1483650093770994,0.8765541017032976
2022-10-19,40372.73046875,40373.19921875,40643.6015625,40195.19921875,40556.6484375,232900,0.0013504689195473762,1,-1.0,0.032072978483174586,0.03229728451555913,-0.026408160977629325,-0.0045232835014142065,0.005900441791970237,0.0111556193890148,12.358364455872433,38928.395225408516,0.016742029866476577,0.0306358606876351,0.02446912701799764,,,0.006223647496512169,0.05848113946080391,0.012347744699046237,0.015463880911143124,0.012960498359191549,1.1638307972915574,0.9334963021124303,59.045182459169645,0.16627205295098882,2,17.489999771118164,0.0022922066722004253,-0.13330032177292306,0.8814635502667639
2022-10-20,40099.0859375,40099.55078125,40208.3515625,39848.8515625,40149.5,262800,-0.006777972585658043,-1,1.0,0.038202951047276335,0.0207902223556915,-0.026791408448340825,-0.001244080717069951,-0.005540785052429293,0.00902158998073384,12.479148565592592,38974.322894265046,0.0024008049449879693,0.025094598080596348,0.01640135062495996,,,0.007309555892537317,0.06499435949561716,0.010154478263814838,0.01547092277788684,0.013003467408571378,1.2776508337789878,1.5949410340112118,56.29256333012651,-0.35734872804054696,3,17.229999542236328,-0.014865650788125406,-0.15081326935521655,0.8729796601422094
2022-10-21,40783.578125,40784.05078125,41032.25,40355.44921875,40370.75,324200,0.01707001666263208,1,1.0,0.03761421171481394,0.04099234055739709,0.00377669079090448,0.01023762950279596,0.006763148550701696,0.016770988660821152,12.689115888283713,39045.29261532328,0.012031275589838086,0.04238852918221624,0.032418488983804096,,,0.007373894170611484,0.03383752092390946,0.010017137026974177,0.015684855551123297,0.013156806747733143,1.5334042804777108,2.5306339386911563,61.16902797450794,1.0676051045531358,4,17.280000686645508,0.0029019817607429665,-0.05366919660199487,0.8789420474626923
2022-10-24,41304.41796875,41304.8984375,41427.25,41201.1484375,41348.3515625,74300,0.012770866215414234,1,-1.0,0.0346802013966252,0.05657767704780081,0.04447067515883307,-0.0010509034425306783,0.013836310284054246,0.00548774903308786,11.215866230705851,39133.90460834982,0.017961528490214037,0.05333342889723629,0.0440086579332105,,,0.006789169747633304,-0.009790473762207874,0.009509274778102055,0.014526983362583085,0.013255234022595742,0.3645194524849139,-2.4039111797967627,64.42181395695837,0.7200927027610793,0,17.420000076293945,0.008101816208643697,-0.05428881627894089,0.8932646230098269
2022-10-25,41122.2734375,41122.75,41530.6484375,41021.44921875,41513.6484375,351800,-0.004409850753552047,-1,1.0,0.019941094403968407,0.062261645281864286,0.0649079079403101,-0.009416142695540454,0.005053879997208261,0.012412999258867146,12.770818111285594,39211.898545277276,0.009472008239460556,0.04534749162925309,0.038227577707800026,,,0.0038930007355741465,-0.04496681353634169,0.010454195811356327,0.013297692561438776,0.013128577899446195,1.6806000095542923,2.2674256316620194,62.45156998395163,-0.5718084539930021,1,16.8799991607666,-0.03099890431471386,-0.03266484683389981,0.8768375222428644
2022-10-27,41298.8203125,41299.30078125,41511.80078125,41178.6484375,41440.69921875,239400,0.004293263005270775,1,-1.0,0.022938523090087592,0.055747208330766185,0.07664800871532651,-0.0034120668851075693,0.007731711005465345,0.00809041472683716,12.38589107210601,39293.7574564919,0.009217281893817368,0.045926857225549574,0.04149801725575745,,,0.004504083810056336,-0.05370948562523892,0.010353669463431149,0.013095821982056902,0.013129130554007551,1.1246564724120922,0.4251407921221881,63.61317919538927,0.0388926575746225,3,16.600000381469727,-0.01658760623327893,-0.050886186466287064,0.8735692846458988
2022-10-28,40990.375,40990.8515625,41482.3984375,40839.30078125,41236.80078125,237100,-0.00746863053163449,-1,1.0,0.02222720115026222,0.061279296875,0.08556707365896443,-0.005964313770476367,-0.0015133428125343753,0.015747029061409807,12.376237272053498,39360.31016653143,-0.0026646657722861097,0.03388523986530123,0.032807229275223324,,,0.004316299619555216,-0.06333987250870221,0.010546957069209552,0.012570689510863237,0.013172443545349456,1.1069611092954854,0.365712349839067,60.11417951700226,-0.9217648463547137,4,15.920000076293944,-0.04096387286441605,-0.07603015094290344,0.8516329227035068
2022-10-31,41307.41796875,41307.8984375,41353.69921875,41106.1015625,41265.69921875,237200,0.007734576446078112,1,-1.0,0.012844424381965425,0.05094176899483749,0.0972209079559867,0.0010226221668098098,0.006705097497936373,0.006023379664781365,12.376658946105707,39436.68617715765,0.0024938295110672587,0.037094803672344315,0.039828163807384395,,,0.002555924730918427,-0.08437648357402128,0.008395081968738484,0.012480671959312347,0.013190895239840971,1.111527647610122,0.38246499409016615,62.40331173993607,0.23978678916657398,0,15.800000190734863,-0.0075376812175880215,-0.0856481734433282,0.8578331630607313
2022-11-01,41289.0703125,41289.55078125,41677.25,41188.55078125,41552.3984375,304400,-0.00044416823280812867,-1,-1.0,-0.0003715698822798208,0.034295745395995114,0.06879284157916987,-0.006325691563757883,0.0059189648771393035,0.011864928711511439,12.626097904969669,39509.34753418089,0.0021232056565725515,0.03318729398750464,0.0385122945167331,,,-7.43085793785224e-05,-0.06916441146144969,0.0061971779796679135,0.011477441660397209,0.013179490814949192,1.4072070822642906,1.352287008521112,62.180903344500244,-0.33286871157973236,1,16.1299991607666,0.020886010509370223,-0.0740528650905602,0.8849751234841845
2022-11-02,41146.171875,41146.6484375,41474.30078125,41060.44921875,41472.6015625,175800,-0.003460980830406468,-1,1.0,0.0005811488166524992,0.020533831964036686,0.08196236694437631,-0.007859481024087251,0.004433343976537648,0.010079080243257963,12.077102264233213,39573.555412742426,-0.0014609600709590408,0.025611740861569116,0.033794376208497304,,,0.00011576022043255188,-0.08138121812772381,0.006042914513520641,0.010709146682188617,0.01294189472316735,0.812159290400074,-0.6251612279581672,60.37601062835981,-0.6924728168426016,2,16.65999984741211,0.03285807279734043,-0.013033135325375311,0.9260185546876786
2022-11-03,41297.87109375,41298.3515625,41478.0,40819.1484375,40873.69921875,263600,0.0036868889875789623,1,-1.0,-2.2983893965378144e-05,0.022915011979539823,0.05595238915667955,0.010389378790437425,-0.006633571119761994,0.016140747362939155,12.48218808161049,39641.1944774388,0.0022251598625639343,0.026593277193448003,0.036043735114655515,,,-4.613832649988719e-06,-0.05597537305064493,0.005944000849263852,0.0090899198566088,0.012655462469016915,1.2114805708114071,0.7006012250588526,61.64867701605655,0.10106071638381608,3,15.9399995803833,-0.043217303338730195,-0.03975908348912882,0.8950279096259567
2022-11-04,41257.96875,41258.44921875,41516.19921875,41051.1484375,41314.8515625,190400,-0.0009661970088470362,-1,1.0,0.006528228764459465,0.02890053416862437,0.05029160505587971,-0.0013651832601812945,0.0003995316853029659,0.011328569332427705,12.156882401339402,39704.61623200003,-4.194040750928322e-05,0.023089223414034254,0.033714548495809106,,,0.0012959241525416516,-0.04376337629142024,0.004404286855215915,0.00911685793507255,0.012594610741005293,0.8687518536262633,-0.44554555745984514,61.09285549012454,-0.37846989820881505,4,15.65999984741211,-0.017565855730371283,-0.016331672590190083,0.8884350164190347
2022-11-07,41686.21484375,41686.69921875,41779.3984375,41337.05078125,41740.6484375,393400,0.010379692114200534,1,1.0,0.009170177994485496,0.02213238803427009,0.06403198697931645,-0.0012924863596879765,0.011687284129207247,0.01070099699639539,12.882582184937096,39782.34497657846,0.008485578804446522,0.030503339963914043,0.043060054663808585,,,0.0018362337335638191,-0.05486180898483095,0.005400457473533658,0.009195237088790649,0.012615405574344825,1.7060953661339635,2.2005546125184234,64.76461533154942,0.7838672729040493,0,15.59000015258789,-0.004469967784564655,-0.013291141494423342,0.8926168784916981
2022-11-09,41782.71484375,41783.19921875,41948.8984375,41667.8984375,41914.8515625,490500,0.002314887045712588,1,-1.0,0.011955771573183949,0.011579759286268088,0.06881259221525848,-0.0031409473931618436,0.005473024922236606,0.006743800636393686,13.103180557987555,39860.809848820485,0.00841154741772799,0.02946587818353611,0.043994823409281486,,,0.0023683738302694855,-0.056856820642074535,0.005249385608617169,0.009114194078261131,0.012605604762068514,1.984825493171472,2.643290364279451,65.55348423092059,-0.11567559950406019,2,15.920000076293944,0.021167409908669832,-0.01301916276495807,0.9212696419767382
2022-11-10,41603.265625,41603.75,41643.8984375,41318.6015625,41462.8515625,253400,-0.0042947697185780065,-1,1.0,0.011109083725113544,0.011696688572627068,0.07468658892937285,0.0033981849339911763,-0.0076669011047446455,0.007872891692811633,12.442724546869176,39929.160442984394,0.0018701533552090135,0.02140648006810407,0.03815364967607167,,,0.0021879682314745815,-0.06357750520425931,0.005490170544775882,0.00877529165502268,0.01263132920114828,1.0099037522667038,0.027425623213853282,62.74046629290709,-0.9014485755087331,3,15.56999969482422,-0.02198494847942245,-0.06542618022635849,0.9140273956040422
2022-11-11,42136.5625,42137.05078125,42345.5,41918.1015625,42163.3984375,255400,0.012818574797944793,1,-1.0,0.02030829771693754,0.020284847059210742,0.07716287898494456,-0.0006248940366857733,0.013451874830994802,0.010196035163060708,12.450586222580576,40015.74437781834,0.01063037617489185,0.03068044055867083,0.04943947560933432,,,0.0040318443349458034,-0.05685458126800702,0.007294325859092889,0.00888404675237406,0.012406161456744101,1.0059276472557552,0.01678265537964398,67.23971248457389,1.015715245700763,4,14.40999984741211,-0.07450223957279323,-0.0959849293129279,0.8605039916475307
2022-11-14,42076.26171875,42076.75,42231.44921875,41965.44921875,42177.55078125,142700,-0.0014310631648865035,-1,1.0,0.019833532203583637,0.02649123880347548,0.08939390016570004,-0.002389915473584372,0.0009611493744602921,0.006338547661278274,11.868499803464928,40096.56812770781,0.0052382538243089995,0.024877672875453994,0.04661349277927251,,,0.0038839964642903993,-0.0695603679621164,0.007376394465092118,0.008109373628502023,0.011607375621764587,0.5638421874073928,-1.2177454025048235,66.26534184890933,-0.7057300639379762,0,14.90999984741211,0.03469812666859906,-0.047892720773170416,0.904897729701217
2022-11-15,42372.20703125,42372.69921875,42450.05078125,42079.55078125,42234.8515625,139400,0.007033556982181333,1,1.0,0.01645608822133493,0.025777171473902794,0.07803207518330413,0.003263836645572442,0.003757456612024455,0.008804751788488415,11.845102777308561,40185.828170493776,0.009001361277020123,0.02824538601845235,0.05236691353707343,,,0.0032607081107736955,-0.0615759869619692,0.006782301594089,0.007528409107571985,0.011587777785934757,0.5558767819758748,-1.1973871421924538,68.6652956584428,0.428775542112151,1,14.640000343322754,-0.01810861883651993,-0.06093648492411596,0.898379994031284
2022-11-16,42534.8046875,42535.30078125,42611.75,42296.30078125,42371.80078125,185400,0.003837413369881526,1,-1.0,0.018000095171326613,0.030171071770674462,0.06550155656244083,0.0038586984028384885,-2.120321614069938e-05,0.007458080563155041,12.130270932113891,40277.964351307746,0.009258265633982184,0.02892672275531368,0.05477361590628624,,,0.0035499346341721196,-0.04750146139111422,0.00676296730759088,0.007002338261920368,0.011590445820160465,0.7417038385373952,-0.690277244946731,69.93101533970022,0.09056199591783683,2,15.100000381469728,0.03142076689614148,-0.05150751827226785,0.9361438566802863
2022-11-17,42457.55859375,42458.05078125,42622.75,42366.55078125,42399.6484375,165400,-0.001816138562115266,-1,-1.0,0.020534225430399955,0.03187142558505007,0.05305970004650451,0.001377425188703842,-0.0031891709064814453,0.0060472050243794,12.016122061571728,40363.457936795676,0.0033576086688015382,0.02440741682942696,0.05147487590862901,,,0.00401690250478542,-0.032525474616104555,0.006098210412555846,0.00689769681258756,0.011538720184682875,0.6724260595588982,-0.844321464423735,68.51503803679427,-0.6391869314196622,3,14.880000114440918,-0.014569553739799068,-0.044315966211140756,0.9299128313719521
2022-11-18,42436.95703125,42437.44921875,42590.75,42223.69921875,42545.75,280100,-0.00048522158038155627,-1,-1.0,0.007129080747950045,0.027582157959164855,0.051129215418760365,-0.0025455135060493705,0.002065549810608099,0.008693003882686958,12.5429019612482,40444.79092824487,0.0014489132127698803,0.021366881590193457,0.04952425512868495,,,0.0014150364040389106,-0.04400013467081032,0.0038500861589178697,0.006927133969457764,0.011521004799276459,1.1279118932087704,0.332010744447881,68.11890553653714,-0.4319282918338058,4,14.390000343322754,-0.03293009189177509,-0.0013878906524033008,0.9080869827890958
2022-11-21,42346.05859375,42346.55078125,42386.80078125,42202.55078125,42286.94921875,259100,-0.0021419392346474497,-1,1.0,0.006412110755940059,0.02637281776469469,0.0560355404542503,0.0014094552480407529,-0.003546395996239686,0.004365849850048867,12.464969366550202,40519.369746009776,-0.0019669892769918385,0.016430754065229158,0.045781001710364005,,,0.0012715221400760957,-0.04962342969831024,0.003992545459476209,0.006671843920186253,0.011492156648391948,1.0441265363691317,0.11448137530112022,66.29755709237848,-0.7300318653333854,0,14.800000190734863,0.028491997055605234,-0.007377575976054707,0.9411764827176384
2022-11-22,42456.55859375,42457.05078125,42508.75,42347.1484375,42467.3984375,216300,0.0026094214985965536,1,1.0,0.0019907054319228124,0.018479552877468164,0.04102093754672209,-0.00024366117611910755,0.0028537780296266383,0.003816114389343291,12.28442161194115,40595.35723758783,0.00023960094093336431,0.01704101069781804,0.047346940081298444,,,0.0003983869332628778,-0.03903023211479928,0.002683628282761486,0.005776001310554134,0.011213650206934978,0.8910218121150955,-0.28094321545652773,67.43737462694799,0.10033013553054013,1,13.84000015258789,-0.06486486660641766,-0.05464482049003094,0.8898604884170083
2022-11-23,42728.60546875,42729.1015625,42860.55078125,42556.3984375,42668.55078125,359100,0.006407670251324715,1,1.0,0.00455623394428728,0.022638341760233827,0.03448024759472568,0.0014190962697661635,0.004981504746754648,0.0071470414536298245,12.791356180214175,40679.0334856236,0.005730428773545179,0.021814852434060627,0.05285630787397456,,,0.0009129262522190051,-0.029924013650438397,0.0035914025941078892,0.005316281703067888,0.011224312338713545,1.397303449483453,1.150776874112015,70.11697988874076,0.8813630623078343,2,14.039999961853027,0.014450853111279693,-0.07019870151245178,0.9126365049041341
2022-11-24,43074.8984375,43075.3984375,43163.3984375,42769.6484375,42838.3515625,204900,0.008104473586777239,1,-1.0,0.014540178950528393,0.03537297569329678,0.04748341094649566,0.00553351999677567,0.0025568054558834956,0.00920629498686185,12.230277334226992,40773.00858177562,0.010943394019262491,0.02769669729396047,0.06008238799668217,,,0.00288958875181117,-0.03294323199596727,0.004355995907297072,0.00529383364763234,0.011260851581274104,0.8207490486681354,-0.5172294297417519,73.14626021191025,1.086738757134607,3,13.479999542236328,-0.03988606988164045,-0.09408605923637736,0.8860259993470522
2022-11-25,42983.44921875,42983.94921875,43339.1484375,42864.94921875,43192.44921875,502800,-0.0021230034327526237,-1,1.0,0.012877776823554843,0.020098664282333978,0.04079120967260619,-0.004827232624481257,0.0027173464551891297,0.011062633396112263,13.12794775569823,40859.71213616677,0.006216033357251471,0.023458127015127467,0.05673392927340749,,,0.0025374112362208587,-0.027913432849051345,0.0047199398987277,0.005362204623131843,0.01123494175704168,1.9130964157978845,2.3232047787102084,71.0966089499028,-0.7694779605117592,4,13.329999923706056,-0.011127568518105924,-0.07366229286495873,0.8856848580314901
2022-11-28,43019.94921875,43020.44921875,43159.80078125,42740.0,42757.19921875,238700,0.0008491541764634736,1,1.0,0.015913892042380695,0.02242804443665447,0.04951342992119612,0.006156857904868542,-0.005275224918167583,0.009822198906176884,12.382962812326921,40944.44692371905,0.0039030787581941393,0.021858125519161452,0.05679206011116082,,,0.00313558176830356,-0.03359953787881542,0.00412684449338763,0.004888136034063634,0.01110221614407944,0.9079497907949791,-0.23432216763921887,71.4405900853992,-0.32233671080997417,0,13.56999969482422,0.018004484057899228,-0.08310814054452853,0.9087256241270114
2022-11-29,43052.94921875,43053.44921875,43279.6015625,42959.3984375,42959.3984375,223000,0.0007670770668199989,1,1.0,0.014047099987533285,0.016065769057704182,0.04225707061546746,0.00218929465194516,-0.001419110733585545,0.0074536221792270065,12.314927050442256,41027.15289607321,0.001884455056535992,0.020526326544835674,0.05664530064328347,,,0.0027726276611730913,-0.028209970627934178,0.004267874954514597,0.004736919536089574,0.011073664874288822,0.8505282428773027,-0.3786065999070415,71.76773286584672,-0.2765954634420384,1,13.619999885559082,0.0036846125172671496,-0.01589597287595923,0.9187803528331865
2022-11-30,43230.49609375,43231.0,43332.30078125,42880.05078125,43122.75,202000,0.00412396183051178,1,1.0,0.011746056414639883,0.016355808139874917,0.04702035217180489,0.0025102758984526727,0.0016096452783118513,0.010546862509728036,12.216022976383341,41113.57827269779,0.0036717046612545446,0.02238245950630675,0.05972626569911018,,,0.002331513254373322,-0.03527429575716501,0.0038936846896399863,0.004719265146541865,0.01095852035554431,0.7857781927101568,-0.5303076218304377,73.52492268627566,0.382804310904251,2,13.8100004196167,0.013950112749932408,-0.01638173382202579,0.9389448209668397
2022-12-01,43260.14453125,43260.6484375,43515.05078125,43101.8515625,43512.1015625,268400,0.0006858142883578999,1,-1.0,0.0043005986414446085,0.018903309065814167,0.05137721005906659,-0.005778923930824561,0.006502314600633804,0.009586576997761661,12.500233684079664,41197.77710269004,0.003496858528596068,0.020532568167767832,0.059229440113790756,,,0.0008570238948901398,-0.04707661141762198,0.0022107216960637536,0.004540260303656297,0.010955066219715846,1.0256018341612534,0.065634458363851,73.81797160273948,-0.40194630980734475,3,13.359999656677246,-0.03258513752832626,-0.008902068963955956,0.9186550005120679
2022-12-02,43103.25,43103.75,43131.8984375,42937.80078125,42976.69921875,212800,-0.0036268165912185513,-1,1.0,0.0027871050340284587,0.015700773574195193,0.04371599275016469,0.0029562712716329296,-0.006563683832900245,0.00452043776622016,12.268108036449627,41272.52113787866,-0.0006980450030736439,0.014670546439715791,0.054543253161079525,,,0.0005538556890708398,-0.04092888771613623,0.002755358739759189,0.0047311443086546275,0.010822509055903807,0.8211143695014663,-0.4515828360926999,69.43771270066844,-1.216921197675025,4,13.449999809265137,0.006736538540471404,0.009002242028949503,0.9328293383224905
2022-12-05,43332.4453125,43332.94921875,43372.1484375,42985.0,43269.3515625,242600,0.005317384653307444,1,-1.0,0.007263987375189851,0.02329347772845658,0.050280610136389736,0.0014698083967848922,0.0038419293564945045,0.009006593869954635,12.399169275492087,41353.3222390893,0.003162068417947548,0.01758130524149261,0.059047165406272646,,,0.0014499898500710494,-0.043016622761199885,0.0034944541093004594,0.00472222160568411,0.010790602253437318,0.9267677732360469,-0.18890844424288386,72.0471285647112,0.6014943182537695,0,13.729999542236328,0.02081782430794621,0.01179070383274472,0.9586649603651669
2022-12-06,43138.05078125,43138.55078125,43306.8515625,43076.3984375,43093.8984375,379200,-0.0044861575545817045,-1,-1.0,0.001976649119739715,0.016051515295098406,0.034827692998225634,0.0010361639435977287,-0.005516605390582639,0.0053498698442574506,12.845819049363003,41423.33120152698,-0.001731614300735711,0.0112923444487603,0.053005261328119994,,,0.0003927799239806292,-0.03285104387848592,0.004420696111329432,0.004582598352848369,0.010602904371774496,1.4525396460583775,1.1748938657659675,66.83488201596246,-1.350780239634751,1,14.039999961853027,0.022578327017642952,0.03083701026600294,0.9856435811669403
2022-12-07,43098.19921875,43098.69921875,43327.3515625,42948.44921875,43157.3515625,242900,-0.0009238039242922547,-1,1.0,-0.003060322020078221,0.008649787679466892,0.031483946289341924,-0.0013590348255049971,0.0004358232001194552,0.00882225902546867,12.400405114990264,41489.03190808474,-0.0020427553865277506,0.008802579264643872,0.0502111155008931,,,-0.0006133761049176561,-0.034544268309420145,0.003904748846808395,0.004617290368619833,0.009795384590827787,0.976757278430111,-0.06813491139480785,65.78420990598083,-0.536520742516598,2,14.079999923706056,0.0028490001397230014,0.019551013460204603,0.9948772274621169
2022-12-08,43596.34375,43596.8515625,43640.8984375,43095.30078125,43142.25,355700,0.011558407858705877,1,1.0,0.007771569246950216,0.012105590288540302,0.047906776732866696,0.010537270599006774,0.0010104894588339067,0.012660258690835726,12.781842957936547,41571.691502375535,0.007922738645533103,0.018087932539542502,0.059777481362940664,,,0.0015601543948859052,-0.04013520748591648,0.006754251794152248,0.004905264263550341,0.009170640016826069,1.4015248527354756,1.1560344892077632,71.76039617678241,1.8692263632637582,3,13.399999618530272,-0.04829547648156518,0.002994009197675007,0.9541440941731523
2022-12-09,43632.94140625,43633.44921875,43853.3984375,43361.69921875,43765.30078125,443500,0.0008394564042666364,1,1.0,0.012288935852448946,0.015110291441454704,0.035512652398678624,-0.003012696363245104,0.003863793203243425,0.01133948225297833,13.00245308073177,41652.54474615493,0.006304164860090301,0.017165362043640647,0.057954296003291196,,,0.0024299884040507895,-0.023223716546229678,0.006167085871247551,0.0042565055827237025,0.00907946072764487,1.6850303951367782,1.8429295509113368,72.14531712760495,-0.21444150537236642,4,13.479999542236328,0.005970143730110955,0.0022304634495626807,0.9630290835750166
2022-12-12,43708.2421875,43708.75,43767.05078125,43378.80078125,43455.8515625,234200,0.0017257581648539855,1,1.0,0.008672402594914752,0.015999386193066734,0.038786265574218604,0.005819663598957922,-0.004070218133790886,0.008950224372450072,12.363930730145754,41733.18024630571,0.006296493741862586,0.0169862055913056,0.05673162250416771,,,0.0017225352933524785,-0.03011386297930385,0.005956169134539336,0.00419051832751194,0.008687633399633053,0.8746148818971151,-0.35731483679133486,72.9619360389062,-0.044505412538100246,0,13.31999969482422,-0.01186942528527446,-0.029861606779436722,0.9570340391498591
2022-12-13,43946.0390625,43946.55078125,43983.80078125,43767.75,43793.69921875,277000,0.005440576114622342,1,1.0,0.018730346415605448,0.020744018858100066,0.037143056532107144,0.003490263787411627,0.0019435288986758945,0.004936300843657716,12.531772785169476,41819.97909081333,0.008021004809674846,0.02065041950385313,0.059254701108712046,,,0.0036972002173477517,-0.018412710116501696,0.004928658749793198,0.0041030267865839205,0.008652368530899002,1.0085379840163113,0.026355549020068533,75.4133623032143,0.876597216981074,1,12.880000114440918,-0.033033002287100155,-0.08262107197748236,0.9313087625086145
2022-12-14,44048.58984375,44049.1015625,44151.80078125,43987.94921875,44078.6015625,349200,0.0023335342461905384,1,-1.0,0.022051763997010143,0.01892395647799039,0.03558928121926663,-0.0006692589817798851,0.0030048042201833067,0.0037249193338196765,12.763400102947584,41907.39565833045,0.0059871946694151365,0.021236923104565573,0.058961116470090856,,,0.004325264790316708,-0.01353751722225649,0.004343514122647837,0.004078056743117255,0.008007670775046351,1.2345984549841786,0.7552429216438254,76.40679964188944,0.14071022228330865,2,12.890000343322754,0.0007764152789582202,-0.08451701611018747,0.9395386433030279
2022-12-15,43497.6953125,43498.19921875,44120.6015625,43379.1015625,43940.1015625,421900,-0.012506551194201743,-1,-1.0,-0.0022628318379498413,0.005491151654677395,0.024498261657347253,-0.010056925861253237,-0.0024745113097333674,0.017093484495792455,12.95252359811243,41969.780111680244,-0.006146403587060435,0.007250286179558611,0.042974839342677776,,,-0.0004479198905340897,-0.026761093495297095,0.00699849691154101,0.00514488351601099,0.007872554059095656,1.4269286704772213,1.4258200990256433,61.930265214833355,-2.6688066317641503,3,13.729999542236328,0.06516673208226154,0.024626860679138662,1.0049772836758515
2022-12-16,43218.99609375,43219.5,43598.19921875,43080.55078125,43261.75,275200,-0.0064071438302177874,-1,1.0,-0.009486969885757257,0.002685381202331527,0.01842831733874495,-0.000976613290031032,-0.00543583925304379,0.012015826820053024,12.525253385041326,42018.78873475161,-0.01064270303174802,-0.00010867664904011443,0.03425416526297584,,,-0.0019032935900095288,-0.027915287224502205,0.007405765062687271,0.005412578087097933,0.007078006948072778,0.9315393077769315,-0.22831533192833367,56.13573990539138,-1.355322805724533,4,14.06999969482422,0.024763304000264608,0.04376855879996655,1.0310713643842107
2022-12-19,43413.24609375,43413.75,43451.44921875,43110.30078125,43346.3515625,175600,0.004494499010863073,1,-1.0,-0.00674922069379702,0.001864649942059371,0.025201561852412624,0.0015548814391637992,0.0029350539108504263,0.007913385694779842,12.075963960183154,42073.49309809468,-0.0048519947999068015,0.0031469562109843856,0.03685268920493262,,,-0.0013651245386920256,-0.031950782546209644,0.007834521982415707,0.005418463069325282,0.007078542122468833,0.6029184549356223,-1.2532987683932613,59.014188154539504,0.597253382903771,0,13.550000190734863,-0.03695803236446715,0.017267304893408886,0.9975337968585364
2022-12-20,43358.99609375,43359.5,43426.19921875,42955.3984375,43152.6484375,182300,-0.0012496041000834568,-1,-1.0,-0.01335829025973223,0.005121850751788282,0.02125557951256818,0.004793484756783649,-0.00601425959517434,0.010960223822274958,12.113408960666755,42123.924741306655,-0.0034133980321475314,0.0008499039599372709,0.03349282303778539,,,-0.0027044463159713226,-0.03461386977230041,0.006903687562305328,0.0054360488749304985,0.007062238385272452,0.6295976515282334,-1.1406353458948066,57.8719952138899,-0.4260926470135551,1,13.779999732971191,0.016974135719466377,0.06987574615944325,1.014690173082147
2022-12-21,42617.453125,42617.94921875,43614.6484375,42363.80078125,43525.75,279400,-0.017102383128264842,-1,-1.0,-0.03248993266569533,-0.011154628996107863,-0.0026013264891006083,-0.02085663730665181,0.003834223180617858,0.02952633222663106,12.540399725804999,42143.298250226006,-0.013970513780686129,-0.016140800919036188,0.014113591385574407,,,-0.006601332320483401,-0.029888606176594723,0.00867131645025565,0.0066491727833317745,0.007550331659038715,0.9784112198623781,-0.0665753242538291,45.039699559140686,-2.563052037023466,2,15.5600004196167,0.12917276641062103,0.20713731615042597,1.1393842182175016
2022-12-22,42408.30859375,42408.80078125,42933.5,42231.3515625,42864.0,344800,-0.004907519984748254,-1,-1.0,-0.025044679022721783,-0.027250838963607804,-0.015475136166580028,-0.010619615965612169,0.005773407349731146,0.016626236469388392,12.750719817771675,42153.71011418773,-0.013838261616969657,-0.02021522499285316,0.007364725661127096,,,-0.0051123925832672334,-0.009569542856141755,0.008001606116816015,0.006436917076292712,0.007429333141838933,1.178561662564944,0.5711486736061862,42.19770559962349,-0.6463945951200252,3,15.1899995803833,-0.023778973602528564,0.10633649576285187,1.1053703776797041
2022-12-23,41667.56640625,41668.05078125,42226.6484375,41597.6484375,41951.3515625,332600,-0.017466893341806178,-1,1.0,-0.035896972865257615,-0.04504338925045226,-0.03061371654808287,-0.006753078761429952,-0.010786657729596773,0.015121047069405027,12.714695845740964,42134.66465015096,-0.02402137863831746,-0.03586345436501112,-0.01142816448237119,,,-0.007316638009891365,-0.005283256317174745,0.009832002055972006,0.007458874910562495,0.007815164705032084,1.17092061256821,0.6243064722764372,34.011917445230296,-2.1464774153670336,4,16.15999984741211,0.06385782052828293,0.1485430133560497,1.1639716216717244
2022-12-26,42629.65234375,42630.1484375,42846.1484375,41569.44921875,41716.3515625,323200,0.02308957674312251,1,1.0,-0.018049617056808076,-0.02467701690165014,-0.009072447832085717,0.021905004651016455,0.0011591802434812869,0.030712440091078756,12.686026605629078,42154.09538690974,0.0021924168431815823,-0.013156341438679916,0.00947861047176869,,,-0.0037611625588811074,-0.008977169224722359,0.01649672640746524,0.009238357945792385,0.00812768704200329,1.1211516780851618,0.45083350924031257,48.095390599080694,2.5428478179055083,0,,,,
2022-12-27,42859.0,42859.5,42927.19921875,42394.1484375,42827.75,229600,0.005380031993936107,1,-1.0,-0.011531498287572495,-0.024735747446049783,-0.004504847399439793,0.0007413417702307499,0.004635253916361642,0.012573687664368479,12.344093943427549,42181.75831291328,0.00995855628925733,-0.0076243163875835355,0.013204292483796171,,,-0.002345757724644329,-0.007026650888132702,0.016994431384540466,0.009327191615727197,0.00783062489943961,0.7955510126297188,-0.7644275345959303,50.79158302988179,0.5962989092389888,1,15.289999961853027,-0.05383662708996906,0.12841326543359988,1.0945273703165908
2022-12-28,42827.203125,42827.69921875,43034.94921875,42694.8515625,42733.6015625,230500,-0.0007419774204084906,-1,1.0,0.0049216352228351745,-0.027728201039855183,-0.00932897183155601,0.002201959413890672,-0.0029374686475577175,0.007965776757699671,12.348006141418841,42207.08932882845,0.008212544793671629,-0.007897419554805852,0.011062755854261011,,,0.00097877950046074,0.014250607054391184,0.014834963308704062,0.009271274701886448,0.007579869465158416,0.7947453711684999,-0.7858200459385286,50.400650447034835,-0.03387940194983565,2,15.399999618530272,0.007194222168193765,0.1175616775726731,1.0954226817265738
2022-12-29,43251.84765625,43252.3515625,43498.05078125,42489.80078125,42684.8984375,308300,0.009915366725189001,1,-1.0,0.019890936921351354,-0.005651904232026883,-0.00019178804062514043,0.013294001995363187,-0.0033343089602040007,0.023729223989323173,12.638828613874242,42248.08000465871,0.01418139054881223,0.0019492699365821044,0.019675450456094458,,,0.003939276667380289,0.020082724961976495,0.0148381871239902,0.009554396022914134,0.00757846584513046,1.0557315298347745,0.21504737379314715,55.343477756533325,1.0336188643013327,3,14.8100004196167,-0.03831163724209752,-0.04820051283896276,1.049721839017347
2022-12-30,42985.94921875,42986.44921875,43422.94921875,42833.1015625,43401.69921875,258700,-0.006147696810559933,-1,1.0,0.03164051144176061,-0.005392260004164817,-0.002721359075486429,-0.009567597754804208,0.0034529372590110254,0.013770836916615126,12.46342436817412,42277.03566011327,0.0017529101775405067,-0.004075099268327884,0.012159663525062637,,,0.0060963087086486085,0.03436187051724704,0.011087416803353838,0.009621521652305792,0.007653753025023525,0.8789752650176679,-0.4824905398863928,51.85855473980086,-0.6289822642435021,4,14.869999885559082,0.004051280502525234,-0.02106647160395403,1.0483643555789648
2023-01-02,43203.1015625,43203.1015625,43382.75,42961.75,43038.25,1798102100,0.00504001488114314,1,1.0,0.013440092188278685,-0.004852113385736101,-0.0029965109366203446,0.0038303500374666723,0.0012050490838728157,0.009799414595541383,21.309997556700633,42313.35197001079,0.004120345613689454,0.0010949595203503435,0.015776380525482803,,,0.002665738321787567,0.01643660312489903,0.006211758192840553,0.009613505433928665,0.007582154355885614,19.937421340777544,4.248529087556292,54.379221002528496,0.5349776703965605,0,14.6899995803833,-0.012104929829258926,-0.09096536391763743,1.0311666238915682
2023-01-03,43425.25,43425.25,43482.80078125,43148.44921875,43151.44921875,197000,0.0051419557732128585,1,-1.0,0.013200107327430377,0.0015163920248157936,0.006646009510236306,0.0063451120694001896,-0.0011955702688446306,0.007748866264113816,12.190959007720126,42356.955814324094,0.0066362197666328115,0.005908415655183009,0.019732970560182955,,,0.00261902492894665,0.006554097817194071,0.006186919267474327,0.009625390746309694,0.007269133498315908,0.002184563816625939,-0.22383179856771943,56.8727398098493,0.4950058346837266,1,14.390000343322754,-0.020422004467662402,-0.05886197650593061,1.0077736846611032
2023-01-04,42958.80078125,42958.80078125,43578.3984375,42858.6484375,43417.5,216800,-0.010741428517970553,-1,-1.0,0.003061139516983502,0.007997840551887458,-0.003246001388346742,-0.010564846404099729,-0.0001784675966171755,0.016793576704818364,12.286730548547629,42380.55757773295,-0.004781395396652506,-0.0047352136154832514,0.007996615455991325,,,0.0006038033747647153,0.006307140905330244,0.008684994905401386,0.009941290475450797,0.007274069150059979,0.002404163905426757,-0.22377912794097926,50.61682736087124,-1.068531082980757,2,15.199999809265137,0.05628905118951155,-0.01298700092333005,1.0601938984798815
2023-01-05,42608.69921875,42608.69921875,43137.55078125,42298.6015625,43073.05078125,189100,-0.008149705209015257,-1,-1.0,-0.01488132599726788,0.004713607407365705,-0.022665681312637798,-0.010780558935986385,0.0026595248918090397,0.019833970574898954,12.15003125464655,42389.504308753225,-0.009939500970734021,-0.011715067861360276,-0.0009149558581326543,-0.034949912239033994,0.32508897388344027,-0.0029966029406990873,0.007784355315369917,0.007553816041551371,0.009697795290333688,0.007348120903026165,0.0020971835523583334,-0.2238262197821741,46.48385053626542,-0.7266620707995626,3,14.979999542236328,-0.014473701959832108,0.011478671019782949,1.0415797297563345
2023-01-06,42188.80078125,42188.80078125,42685.8984375,41877.0,42649.69921875,195100,-0.0098547584225529,-1,1.0,-0.018555811238116338,0.012497584845853504,-0.033108737983501224,-0.010806604640657727,0.0009622448174141376,0.01931605505408697,12.181267526611203,42381.63358218447,-0.016048949399526787,-0.019812179659765814,-0.011173175212249942,-0.04446024771958179,0.3120305421574304,-0.003744063780989696,0.014552926745384887,0.00811002758405456,0.009877874572841183,0.007480037259329928,0.0021640236775913074,-0.22377877312501684,42.04918819107051,-0.8318374878750344,4,15.029999732971191,0.003337796546247329,0.010759909121955902,1.0391675498904585
2023-01-09,42582.75,42582.75,42716.80078125,42186.55078125,42404.8515625,161800,0.009337767641053318,1,-1.0,-0.014358958965077218,-0.0011118525090170195,-0.025761432207509927,0.004195237831166503,0.005121045804791389,0.012569171695252032,11.994116283606528,42389.520500530176,-0.003978918734987345,-0.00936362306130575,-0.0026839598757720045,-0.03553763954099763,0.3242819784980617,-0.002940835250172379,0.011402473242432709,0.00938789256263346,0.0101564395837914,0.00749398748745134,0.0017947364970758994,-0.22385212756435696,47.14405646979313,1.0426525868176881,0,14.649999618530272,-0.025282775861087736,-0.002722938257019747,1.0088141947324096
2023-01-10,42014.75,42014.75,42674.25,41835.75,42642.0,179300,-0.013338734581491374,-1,1.0,-0.032481102584325905,-0.019709749297121992,-0.04395796136233321,-0.014709675906383378,0.0013914084928756364,0.02004266685789068,12.096815659593224,42374.82361815644,-0.010737037777810814,-0.020376194214045133,-0.016312591332284528,-0.04840234698099888,0.3066177326758238,-0.006624748284223037,0.011476858778007304,0.00908732341313011,0.010371556667668388,0.007687875337605429,0.0019889597757012456,-0.2237958045159264,41.481406865556814,-1.074317170146992,1,15.510000228881836,0.058703114863141614,0.07783181784834237,1.0600417130102644
2023-01-11,42232.69921875,42232.69921875,42318.0,41729.0,42071.8515625,169800,0.005187445331698903,1,-1.0,-0.016902277281839684,-0.013892877993770592,-0.04123585451959244,0.003823165614925508,0.001359083714647832,0.014114884133336529,12.042376552859384,42369.25011229737,-0.0021934894473343946,-0.013204832633190904,-0.01164626017939161,-0.04346598617818975,0.3133957407335081,-0.0034564126288982194,0.024333577237752757,0.010005104911147223,0.010456751962191648,0.0077171910879359155,0.0018837645181193352,-0.22379594765229735,44.24860431674658,0.6921451446844784,2,15.4399995803833,-0.0045132590242122905,0.015789458824326585,1.0461058777123824
2023-01-12,42082.25,42082.25,42343.5,41742.94921875,42238.5,154100,-0.0035623870018519632,-1,1.0,-0.012355439813997782,-0.02705290048355391,-0.032551904312849156,-0.0036992317435514993,0.00013735284169155435,0.014386879520727444,11.945357021308206,42357.99520593277,-0.0032685737294307826,-0.015090912884978954,-0.015598237715636266,-0.04687353051585789,0.30871691681843133,-0.002493088192270971,0.020196464498851374,0.009661609826474833,0.010171625021843489,0.007718259008970387,0.0017098424065660168,-0.22379994016245103,42.74594509926171,-0.19244636661992554,3,15.279999732971191,-0.01036268469951196,0.02002671561431013,1.0269507281265662
2023-01-13,42371.25,42371.25,42453.94921875,41885.6015625,42171.25,205500,0.006867503519892626,1,-1.0,0.004324588880731728,-0.014311468612338007,-0.01962655745670361,0.004742567507484364,0.002114905928271421,0.013569046045618675,12.233201312918426,42358.51500177855,0.002709867270248848,-0.007341695526702593,-0.009335121193568923,-0.04032793113177274,0.3177045348512249,0.0008671077176244487,0.023951146337435336,0.009345241314513298,0.010276226539253478,0.0077581510359211354,0.0022802479045575886,-0.22366295944336234,46.50409461493731,0.759676520053509,4,14.460000038146973,-0.053664902431563744,-0.037924132065938476,0.9694613091407877
2023-01-16,42167.55078125,42167.55078125,42715.6484375,42066.55078125,42622.5,312300,-0.004807486650736048,-1,1.0,-0.00975040876293809,-0.023969362008695483,-0.02870517333218159,-0.01067392149099654,0.0059297282945393395,0.015430256205824161,12.65171954327117,42351.02620881664,-0.0001458069543340302,-0.010669687213545663,-0.014516664884654059,-0.04494154179194099,0.3113696878903133,-0.0019598157654070712,0.0189547645692435,0.00822639339101458,0.010225768066998736,0.007792200346851477,0.003465048253543006,-0.2234151946575507,44.297012722979034,-0.33256315496735905,0,15.020000457763672,0.038727553121670866,0.02525603063944115,1.003809432734526
2023-01-17,42235.05078125,42235.05078125,42383.80078125,41861.1015625,42241.19921875,256300,0.0016007569505320784,1,1.0,0.005243415258926909,-0.02740799923431647,-0.025933168480955726,-0.00014555546749891597,0.0017465666403548418,0.012486513714159979,12.454103912352162,42346.47815283364,0.0004095580849388505,-0.0077771835782941764,-0.01319207108755652,-0.0434127253268,0.31346887203292073,0.0010448829830921318,0.031176583739882635,0.0051637977199077215,0.010248618353105579,0.007662809541639416,0.0028435972159374804,-0.22356418089318048,45.22471997881964,0.27935062204672184,1,14.59000015258789,-0.02862851478499917,-0.05931657399854673,0.9716949874118641
2023-01-18,42458.0,42458.0,42555.8984375,42119.6484375,42271.80078125,170500,0.005278772361485551,1,-1.0,0.005334747373901605,-0.011657699287280443,-0.0037530951554944902,0.004404809241828897,0.0008701303613991378,0.010357398890623159,12.04649057570571,42350.851558604874,0.0046182362193720435,-0.0023520237454810167,-0.008295650720460486,-0.038363118859906356,0.3204023752122797,0.001066890069184092,0.009087842529396095,0.00518208255778155,0.009623457521517156,0.007690265182570243,0.0018917776685243813,-0.22376334835756237,48.28815961099144,0.562843392031293,2,14.369999885559082,-0.015078839254829335,-0.06930050025284107,0.9551663372165459
2023-01-19,42328.8515625,42328.8515625,42506.25,42234.8984375,42416.30078125,143400,-0.003041792771680263,-1,1.0,0.005859989960137479,-0.006567852607123337,-0.0018852034784568872,-0.0020616889530511973,-0.0009821286624428847,0.006424818634323252,11.873393207147657,42349.988813659584,0.00039494427020613545,-0.00529322983634168,-0.011646993005924507,-0.04128821897393943,0.31638598481164953,0.0011616259008902915,0.007745193438594367,0.005069381365196982,0.009584018798410757,0.007676876694167398,0.0015912682207978978,-0.22380439060426602,46.66021602833018,-0.31173789539039215,3,13.960000038146973,-0.028531652795914964,-0.08638741609241807,0.9328744781911947
2023-01-20,42506.80078125,42506.80078125,42709.19921875,42366.1484375,42516.05078125,159100,0.004203969920782091,1,1.0,0.0031991216036817427,0.007537545370128962,0.020129331328774924,-0.00021756489208257654,0.004422496992945673,0.008097285070793733,11.977288214325878,42356.138302584695,0.003957320852597672,-0.002094958096826024,-0.007663332239439033,-0.03725782348380644,0.3219200318959368,0.0006404651968874708,-0.01693020972509318,0.00442551231919304,0.008683393518075759,0.007488218092862156,0.0017656565376318728,-0.2237426229363304,49.201433130300096,0.36419362973163183,4,13.789999961853027,-0.012177655861705161,-0.04633472161316843,0.9258451129111627
2023-01-23,42821.25,42821.25,43005.8515625,42727.69921875,42891.44921875,203600,0.007397621391650455,1,-1.0,0.015502423229206697,0.005600859502967737,0.004482779664259695,-0.0016366716450166576,0.009049103447692792,0.006509883490940221,12.223912563658505,42374.377976993135,0.00827076648312779,0.005061711679715244,-0.0006697808999234768,-0.030135821364166118,0.3316990958019415,0.0030757394427969177,0.011019643564947001,0.004004678744474297,0.00719916882989348,0.007552865483933724,0.00225965763634151,-0.22361627460470485,53.4241362791097,0.9943637896728119,0,13.619999885559082,-0.012327779315751464,-0.09320908984932452,0.9222955785288404
2023-01-24,42733.44921875,42733.44921875,43078.8984375,42615.6484375,42994.44921875,159500,-0.002050402107598437,-1,-1.0,0.011800588096398279,0.01710587873901437,-0.0029410231395606834,-0.00607055107676963,0.004044702542546049,0.01087042006833244,11.979799201207037,42388.45920216007,0.0038473144153505466,0.0031493244050986337,-0.002886701888691787,-0.03212443292012527,0.32896857716922223,0.0023278089149662844,0.014741611235958962,0.004626255780187286,0.007110859482814388,0.007498361271117605,0.0017702819931577213,-0.22371679264980068,52.121308688634194,-0.2713446288979659,1,13.65999984741211,0.0029368547862793637,-0.06374230948934045,0.9301375407665982
2023-01-25,41647.6484375,41647.6484375,42733.05078125,41540.30078125,42703.6015625,244700,-0.02540868572746957,-1,-1.0,-0.019085957004569276,-0.01385302838967617,-0.027553447950184884,-0.024727495723154205,-0.0006984612006676927,0.028713080492146322,12.407788249430762,42359.40779962438,-0.017920173801394056,-0.020983385542803018,-0.027819326579007382,-0.05671687902735423,0.295201232250247,-0.0037925867315407105,0.008467490945615608,0.012976342323369956,0.009130540425518143,0.008324189823641602,0.002715890847159275,-0.22350672305469782,39.34344445048423,-2.6485297613117043,2,14.65999984741211,0.07320644298465706,0.020180930004352948,1.0007508989034748
2023-01-27,40345.30078125,40345.30078125,41417.8984375,40148.80078125,41382.3515625,350800,-0.03127061683217036,-1,1.0,-0.0468604913204701,-0.041275103368997645,-0.0672113925886616,-0.025060218718690654,-0.006370032521719133,0.03160985213891332,12.767971539480165,42280.42321066852,-0.039646602790247586,-0.04834620851396296,-0.05729016645217063,-0.0862139240675436,0.2546994907959947,-0.009525391495880796,0.0203509012681915,0.017938631709251352,0.010985489819376039,0.009430878842320115,0.0038933879828271403,-0.22324837038677867,29.88106273627531,-2.5597251793768865,4,17.31999969482422,0.18144610334915323,0.24068765383207302,1.1722900822388784
2023-01-30,40387.44921875,40387.44921875,40789.55078125,39419.80078125,39856.1484375,369900,0.0010446926081559837,1,1.0,-0.04985911721295333,-0.04681950098828802,-0.06046091378178675,0.013330459717730973,-0.01212414666090004,0.03474776566226384,12.820987977820545,42206.18893647564,-0.02884482528493294,-0.04442296455467591,-0.055400390890339726,-0.08525929850858115,0.2560102660794863,-0.010506064009739434,0.010601796568833421,0.017379523240962483,0.011010931972793068,0.009435130741145442,0.004105117874536655,-0.22321541638735076,30.46394037105543,0.3760386431447703,0,17.709999084472656,0.022517286173219908,0.28426389655282347,1.1872757857971319
2023-01-31,40655.05078125,40655.05078125,40811.6484375,40167.69921875,40563.8515625,289900,0.006625859460710037,1,-1.0,-0.05058701506261498,-0.03586881315081125,-0.058978422592272706,0.0022482879518845,0.004367751545648608,0.016031518639967535,12.577291314909747,42145.35998921189,-0.012118665892588278,-0.035183124988588964,-0.04838866217394611,-0.07919835517750771,0.264332413583738,-0.010727091017891481,0.008391407529657724,0.01718782457382265,0.011077761067234583,0.00949422292013155,1.3394940510569482,1.099534349214127,34.20363235882415,0.8751155469037711,1,16.8799991607666,-0.04686617541577187,0.23935384013211403,1.1233860874033825
2023-02-01,40513.0,40513.0,42015.6484375,39490.5,41115.0,400100,-0.0034940500262642393,-1,1.0,-0.051960449234594974,-0.04077302499691782,-0.06706351719333803,-0.014641858202602456,0.011313458227486148,0.0639431872855497,12.899469794845327,42081.34587198789,-0.004831524005830656,-0.03522030790791951,-0.050849830982026854,-0.08241568218878388,0.259914772880849,-0.010923362170655879,0.015103067958743055,0.017023839562116946,0.010909648454610312,0.009488586915889274,1.765822226145291,2.2194036831549413,33.18342914915752,-0.007891036076041011,2,16.780000686645508,-0.005924080514975172,0.22840416354942228,1.1079199005372868
2023-02-02,40669.30078125,40669.30078125,40757.6015625,39761.44921875,39943.3515625,348500,0.0038580401661194585,1,1.0,-0.0234910659534161,-0.042128673483206924,-0.053295249363648156,0.018174469351028184,-0.014060880149581616,0.025053220225188678,12.761393509182716,42025.971554704054,0.003832758821570059,-0.02885068298752255,-0.04626747459972211,-0.07887560503486683,0.26477557468051066,-0.004829796145681669,0.029804183410232055,0.01555713272142351,0.010883480427898842,0.00945534837357309,1.4946497115776383,1.394111659904251,35.46438111979339,0.6065425561138661,3,15.729999542236328,-0.06257455908478182,0.07298770163446511,1.0367782568086685
2023-02-03,41499.69921875,41499.69921875,41539.94921875,40609.75,41019.3515625,308800,0.020418311147430535,1,-1.0,0.028612959009999273,-0.019588349627811863,-0.026027548841762838,0.011710269371716132,0.008607248576336131,0.022905810027148654,12.640449097132759,42005.33342388233,0.01852499868081646,-0.007707559435084374,-0.026074104809351142,-0.0600678005329801,0.2906001558960075,0.005677001646569939,0.05464050785176211,0.008960439517853143,0.011936990192589004,0.00984079368818514,1.2912398076521012,0.832152529556485,46.00966016706077,1.8280571494815308,4,14.399999618530272,-0.08455180943488894,-0.16859123139399002,0.950934410016932
2023-02-06,41374.6484375,41374.6484375,41724.5,41261.19921875,41530.1484375,197800,-0.0030132936769213803,-1,1.0,0.02444321782747516,-0.026634616648199994,-0.0192978309094729,-0.0037442678596253214,0.0007337214322807121,0.011228485599600942,12.195011698170749,41980.60067931832,0.010558961588415263,-0.009733749248692707,-0.028274837036489097,-0.0629000922863689,0.2867111986068123,0.004757621078390687,0.04374104873694806,0.009639925001728103,0.011774542078494368,0.00984415707392173,0.8266293332218903,-0.49607804270166483,44.82188755133077,-0.18007068071122342,0,14.6899995803833,0.020138886773291897,-0.1705251078605169,0.9711754425090489
2023-02-07,41490.94921875,41490.94921875,41630.75,41095.1015625,41513.1015625,171900,0.0028109188994240863,1,1.0,0.020560752512588598,-0.031066369647079428,-0.025639508515772236,-0.0005336229507363733,0.0033463275273298205,0.013034362177821909,12.05466819137094,41961.39866125682,0.009278378629797671,-0.0056510094013016736,-0.024842807534133225,-0.06026598044512801,0.29032803943307695,0.0040406310098934,0.046200261028360834,0.009614748362840476,0.011564244669879856,0.009854590574610213,0.716877267609158,-0.8163523072512856,46.21262621628401,0.3524742382057918,1,14.130000114440918,-0.038121135598274236,-0.1629146435455624,0.9357616058478603
2023-02-08,41537.6484375,41537.6484375,41791.94921875,41403.05078125,41542.05078125,136500,0.001125527847140706,1,1.0,0.025291843050378793,-0.027982781711084592,-0.011355573042800438,-0.000105973192637543,0.0012316315597066868,0.009392989892332247,11.824079893607152,41944.78100542322,0.005402449336023196,-0.0039624097004024835,-0.023049149836127814,-0.05920828363721362,0.2917803395734052,0.004939141942006742,0.03664741609317923,0.00890024385965899,0.011213373304461396,0.009855826238602705,0.5743740795287187,-1.1854850978290807,46.79253927515012,0.14714311608087172,2,13.600000381469728,-0.03750882722424942,-0.1895113334355586,0.906394781846466
2023-02-09,41554.30078125,41554.30078125,41634.0,41252.94921875,41634.0,142900,0.00040089760437589383,1,1.0,0.02176088555739364,-0.0022413667938560033,-0.016063345465705203,-0.0019142820471249459,0.002319620058535,0.009236934291156266,11.869900363917958,41929.46805545564,0.001514807597310854,-0.0027519680211696086,-0.02188604677725391,-0.05883112249190714,0.29229821121692,0.004261194522514308,0.03782423102309884,0.009141624741014518,0.01113518514826574,0.00983263003973554,0.6047269418759654,-1.0779416481711002,47.01192638916026,0.10425044508558418,3,13.039999961853027,-0.0411765002874348,-0.1710107856748777,0.8760791470175899
2023-02-10,41559.3984375,41559.3984375,41678.8984375,41424.8984375,41452.3984375,155000,0.00012267457649772773,1,-1.0,0.0014385458177736954,0.030092665880290914,-0.012424515383564372,0.002581274040423249,-0.0024522694843653837,0.006131578098694041,11.951180395901384,41914.95552141816,0.0013495132871114905,-0.002003500855904422,-0.02098197359322129,-0.058715664998445966,0.29245674335268984,0.0002873311191746969,0.013863061201338067,0.002122162191175761,0.011117625095004852,0.009831226875544368,0.6558070657922572,-0.9393054809978996,47.08385582192772,0.062492792132343246,4,12.75,-0.02223926094335793,-0.11458330987780108,0.8639382090380061
2023-02-13,41282.19921875,41282.19921875,41662.55078125,41157.8984375,41563.5,147000,-0.0066699526261639885,-1,1.0,-0.002234441191437564,0.022154159703272613,-0.025702587987137537,-0.006767976259217824,9.869157529236674e-05,0.01226137297841715,11.898187865760873,41890.141548764506,-0.00488611528091606,-0.007362107986788567,-0.026676663275506104,-0.06499398692065664,0.2838361181031612,-0.0004449016214180243,0.023468146795699973,0.0036437017352329475,0.011050818179873358,0.00985868231583643,0.6297525971939595,-0.974718109118655,43.6165958150403,-0.4949574023566029,0,13.68000030517578,0.07294120040594354,-0.06875420721973691,0.9294109918128396
2023-02-14,41648.3515625,41648.3515625,41718.0,41195.75,41410.44921875,143100,0.008869497039384777,1,1.0,0.0037936549226709193,0.024432407835242698,-0.0123127667870353,0.005744983409701375,0.0031066658857106144,0.01267727860276849,11.871298965544542,41880.659588518836,0.0031787905398634217,0.002067593395639163,-0.01726312232678559,-0.05670095385584234,0.2952230987517325,0.0007625676283181603,0.01610642170970622,0.005507637794617126,0.011242001613328431,0.00991615989657532,0.6360989487253573,-0.921729968544098,48.96291351936988,0.8453121989090163,1,13.449999809265137,-0.016812901372788902,-0.04812457888664967,0.9186844657907336
2023-02-15,41731.05078125,41731.05078125,41795.44921875,41455.6015625,41674.6015625,116300,0.001985654069066811,1,-1.0,0.004656073490558965,0.03006567722089204,-0.011933216384902412,0.001354523297969443,0.0006302770461541001,0.008197870575768465,11.663928338506755,41874.79257646908,0.004235119004478906,0.004666499362513965,-0.014657253615074698,-0.05482788826651942,0.29779496376811815,0.000928739489051761,0.016589289875461377,0.00553528894397496,0.011246320351876704,0.009909115205378969,0.5335719037460143,-1.1088189499455665,50.113478015073554,0.22636623493520827,2,12.859999656677246,-0.043866182970609735,-0.054411816473236896,0.8836058668715658
2023-02-16,41631.3515625,41631.3515625,41979.1015625,41521.94921875,41925.69921875,111700,-0.0023890895839794313,-1,-1.0,0.001854219173500482,0.023655454182127,-0.01946979220641576,-0.007020697608744041,0.004664355051118355,0.01100989602731763,11.623571985057293,41865.245870038925,0.0014645311814452074,0.0032645791670672815,-0.01632970845032877,-0.0570859891137297,0.2946944153380388,0.00036927314221677523,0.02132401137991624,0.0057390723276659885,0.011166193554405564,0.009912077062361713,0.5194744797116614,-1.0968906215963283,48.68844148010987,-0.13225707146053794,3,12.890000343322754,0.0023328683861925104,-0.011503038264499943,0.8901934014977106
2023-02-17,41131.75,41131.75,41516.30078125,40882.69921875,41514.0,138800,-0.012000608765967202,-1,-1.0,-0.010290053599864457,-0.008866310495661556,-0.028280983733575682,-0.00920773714891362,-0.00281882663174707,0.015498036445925562,11.840789327054841,41836.48132611583,-0.008513706894090629,-0.007343364788399178,-0.02700089050846122,-0.06840153125832477,0.2791572941880843,-0.0020544537779801646,0.017990930133711225,0.008012243402503907,0.011433221807867515,0.0098810782630946,0.6461975371866198,-0.8051375189933146,42.210866647103884,-0.9366560855689614,4,13.09000015258789,0.015515888591014715,0.026666678634344354,0.9067294884365147
2023-02-20,40701.69921875,40701.69921875,41292.6015625,40580.1015625,41221.55078125,143700,-0.01045544576270152,-1,-1.0,-0.014061750851111166,-0.016264771887223417,-0.04246618257133672,-0.01261115976103595,0.0021832472785621813,0.017557866357299116,11.875483072067116,41791.98006700344,-0.016126664324424663,-0.01557778488805772,-0.03583668699186105,-0.07814180852086919,0.26578313447673674,-0.002822637013985688,0.028404431720225554,0.008714281555111277,0.011524624510575732,0.00996413540929519,0.6714168905501694,-0.7408313324341692,37.57656518095185,-0.7298570267388151,0,13.380000114440918,0.022154313099506995,-0.021929838014795755,0.9281354201662758
2023-02-21,40673.6015625,40673.6015625,40946.19921875,40508.25,40784.8984375,170200,-0.0006903312831975095,-1,-1.0,-0.023404287647188937,-0.019699420515562394,-0.05015380068307207,-0.0027288746389930248,0.0020441215071353267,0.010811358642992477,12.04472949512141,41748.122086434676,-0.012150638545589228,-0.013695752614932024,-0.03511480898546355,-0.07877819606911914,0.2649093247812636,-0.004789726319587899,0.026749513035883132,0.006208732389224746,0.011312423843023745,0.009954574770687907,0.801488074215347,-0.4418172805400575,37.28851369293137,0.16196130931721453,1,14.010000228881836,0.04708520994412879,0.041635719521047054,0.9705240774193549
2023-02-22,39995.8984375,39995.8984375,40529.25,39899.0,40494.1484375,155200,-0.016661989569785818,-1,1.0,-0.04157940697073492,-0.03711693025472562,-0.06406107700870667,-0.012304246890609773,-0.004412029377930749,0.015796135241484748,11.952469886731256,41679.40743353528,-0.02035330945288941,-0.026899651033619403,-0.04940993181873142,-0.09412758415767476,0.24383341880503334,-0.008532081139083488,0.022481670037971746,0.006782962460003024,0.011749088932907492,0.01013640902760042,0.7315923446780428,-0.5959628238389757,31.096657863272014,-1.1506918725589323,2,15.59000015258789,0.11277658086320796,0.21228620286106747,1.0728048607543779
2023-02-23,40001.55078125,40001.55078125,40147.80078125,39600.25,39983.69921875,200500,0.00014132308488656875,1,-1.0,-0.03914839946532178,-0.03736677000472177,-0.039524384161095494,0.00044647100815596043,-0.00030501174436831904,0.013826952639187883,12.20856952572876,41613.60913344566,-0.012329336354253892,-0.024809331546283182,-0.0474428925131153,-0.09399956347335423,0.24400920118086397,-0.008149839583160274,0.0003759846957737123,0.007417596920602909,0.010508762789139075,0.010122549283575158,0.9550802648501882,-0.09899133088088174,31.19927326494279,0.2013969976426186,3,15.079999923706056,-0.032713292103283,0.1698991095463982,1.0362124648379287
2023-02-24,39909.3984375,39909.3984375,40348.1015625,39818.8984375,40259.1015625,144600,-0.002303719279633354,-1,1.0,-0.029717956627179687,-0.0397022108604721,-0.010804290346314138,-0.008686312198425628,0.006438519912851035,0.013290250252167088,11.881726588706801,41546.77734144779,-0.008620517335837075,-0.026538658849507037,-0.04801017321776813,-0.09608673414633694,0.24114335320006228,-0.006111520871700616,-0.01891366628086555,0.007358302731632683,0.0078460425022922,0.010005384483053681,0.7243763149984972,-0.6097195484441219,30.404269227760253,-0.22793592842969262,4,14.1899995803833,-0.05901859070460991,0.08403356875270473,0.9856562122281722
2023-02-27,40307.1015625,40307.1015625,40371.44921875,39745.3984375,39820.3984375,165200,0.009965149578057941,1,-1.0,-0.009694869350030055,-0.023620293363807,-0.0019894214119543507,0.012222457436328861,-0.002230051152972857,0.01575152862625017,12.014912140069015,41498.16260501847,0.0032254713083519006,-0.016741620381464345,-0.03718568528699232,-0.08707910324651431,0.25351153236251334,-0.001977467321979136,-0.007705447938075705,0.009584847462609535,0.008184010911272866,0.010114886789026216,0.8722971724265385,-0.29839944833868814,37.773733267075954,1.2247008467991483,0,13.880000114440918,-0.021846333693408715,0.037369207453171516,0.9771207421609691
2023-02-28,40269.05078125,40269.05078125,40391.44921875,40073.0,40302.69921875,327800,-0.0009440217672560536,-1,1.0,-0.00994627389040914,-0.03311777608244926,-0.009494515259049208,-0.0008348929017723398,-0.0001092200525302904,0.007946727690714446,12.700158945291866,41449.962141341275,0.0043008828990488334,-0.017207131416613893,-0.03664731352848085,-0.08794092044483251,0.2523281901904566,-0.002007342456131238,-0.0004517586313599331,0.009577186909837112,0.008031220718205303,0.010079559610689674,1.7137181095775826,1.6268787818668498,37.36605290983259,-0.061914716006824265,1,14.020000457763672,0.010086479983317576,0.0007137921997475427,0.9970132571207713
2023-03-01,40698.1484375,40698.1484375,40725.3515625,40341.94921875,40473.8515625,169800,0.010655767839697683,1,-1.0,0.01755805038602598,-0.024751409907322275,0.004570099412534168,0.00554177243679513,0.005085810995707874,0.009503813057496079,12.042376552859384,41420.47925099456,0.011459548786503907,-0.0069590800003566265,-0.02514071854211567,-0.0782222306370042,0.265672708644235,0.003487790183159729,0.012987950973491813,0.0062512104088717204,0.008363821029547807,0.010223916310474753,0.9445665173977137,-0.14642631019153032,44.624220295914085,1.2413755580306498,2,13.0,-0.07275323997574046,-0.1661321441461281,0.9370720102510399
2023-03-02,40389.80078125,40389.80078125,40773.25,40312.8984375,40604.55078125,149200,-0.007576454165317381,-1,1.0,0.00970587370782594,-0.02982249517856983,-0.006872505664736184,-0.005288816053080565,-0.002299801338474589,0.011419460776647362,11.913042966751798,41380.06048747517,0.001862863453033333,-0.014146640813707931,-0.03149287690906177,-0.0852060376571914,0.2560833973788989,0.001907949206073613,0.016578379372562124,0.008000987769308621,0.00849393448222563,0.010004834790947732,0.8786808009422851,-0.37133182416719746,40.951745618020105,-0.85439972195888,3,12.970000267028809,-0.0023076717670147406,-0.1399204023443188,0.944302892683401
2023-03-03,41251.3515625,41251.3515625,41390.1484375,40605.3515625,40671.3984375,213800,0.0213308994990129,1,1.0,0.0336249900409189,0.002907767418113716,-0.0059843242463260005,0.014259483255566382,0.0069719991384737156,0.019327424706372408,12.272796277573082,41375.01307865262,0.01646648708140382,0.007187765999492724,-0.010284367999514193,-0.06569265958415307,0.282876786090767,0.006645009873992593,0.0396093142872449,0.011137091917538812,0.008609372109453827,0.010467032426737995,1.295365040896698,1.0541100370765,52.6718744516578,2.504461190406702,4,12.18000030517578,-0.060909787632101864,-0.14164900173684336,0.894010587226847
2023-03-06,41350.3984375,41350.3984375,41671.19921875,41259.1484375,41418.3984375,180200,0.0024010576926172256,1,1.0,0.025883698766637098,0.015937890338769023,-0.0005861076991779957,-0.0016417824581655758,0.004049488530015967,0.009986894951896086,12.101822624156375,41374.04779860742,0.013695132900647803,0.009635971444791025,-0.00775676165267596,-0.06344933375717883,0.28595704726669036,0.005058243356799176,0.026469806465815093,0.011087306584230934,0.008604565986967194,0.010179778258521866,1.0976426874581227,0.35033338204077175,53.80700554312957,0.2779565951791473,0,12.270000457763672,0.007389174904178564,-0.11599421061979553,0.9086869845248846
2023-03-08,41577.1015625,41577.1015625,41625.3515625,41100.3515625,41178.3515625,157600,0.005482489493847442,1,-1.0,0.032482781587169995,0.022213425054372404,0.002076412937572991,0.009683486221996577,-0.0041607065832761966,0.012773613364392982,11.967815456405916,41382.01069130909,0.012757577071806827,0.015064528255291771,-0.001812336651416232,-0.05831470456904672,0.29300729326786906,0.006326665912189787,0.030406368649597004,0.010570604913223123,0.00867103232759209,0.009662936964024102,0.9641797436603347,-0.1280033429879672,56.38545976818645,0.6153225766374132,2,12.449999809265137,0.014669873250703347,-0.1119829241966348,0.9277889347548579
2023-03-09,41256.75,41256.75,41659.0,41208.1015625,41532.6484375,119200,-0.007704999878802021,-1,-1.0,0.01372547852779693,0.031524521557386276,-0.006762502165298501,-0.006642929066158231,-0.00106917325473438,0.010941985202014849,11.688558033613386,41377.09850733619,0.0022268760368291114,0.007588951505480122,-0.008740519011640496,-0.06557038965621183,0.28304467222995006,0.002687063510958309,0.02048798069309543,0.011849409188153406,0.008840768418872985,0.009678235479571601,0.7331324189679562,-0.934407091604675,51.97080472044208,-0.8361737222523997,3,12.729999542236328,0.022489938735807735,-0.02076926598182094,0.951740083433294
2023-03-10,40485.44921875,40485.44921875,40839.0,40341.69921875,40805.25,145300,-0.01869514155259444,-1,-1.0,0.002368133430962649,0.0120969919427929,-0.02572180357760423,-0.007837245973250992,-0.010943663764111327,0.012327214541792645,11.886555849558373,41342.1318685681,-0.016966719401657893,-0.009955864776187807,-0.026176191175957333,-0.0830396834925246,0.25905797046430906,0.0004636741260522064,0.02808993700856688,0.01496661113055208,0.009758586931949526,0.010011357226604624,0.8929998156228873,-0.37533381378672714,43.20074597462065,-1.7872330271828276,4,13.40999984741211,0.053417150795617596,0.03392440796642293,1.0011945493461663
2023-03-13,39564.69921875,39564.69921875,40690.05078125,39454.6015625,40356.1015625,174500,-0.022742738879468205,-1,-1.0,-0.04088720199129836,-0.00863704371013796,-0.04799634484001902,-0.019610475568963105,-0.00319491715532442,0.031313184516460674,12.069680020624618,41272.42862739877,-0.03138992448283317,-0.030106658014718454,-0.046632307201881856,-0.10389387253368859,0.22527173620475513,-0.00833214093605211,0.007109142848720662,0.012572980191680204,0.010885983372969513,0.010348489806918664,1.066072028591502,0.23298291164214854,35.49939884367433,-1.8725084762427013,0,16.219999313354492,0.2095450781444015,0.3316912074675362,1.195503909382868
2023-03-14,39411.3984375,39411.3984375,39768.5,39132.6015625,39522.3984375,205700,-0.0038746858759727276,-1,-1.0,-0.046891930265937964,-0.022221968096890476,-0.04531737205512776,-0.0028085340057368577,-0.0010691546273642173,0.016249838040652245,12.234174075641048,41199.44705132431,-0.025894836414771118,-0.031644201109114985,-0.04868727309339552,-0.10736600228915494,0.220524193114254,-0.00980166683072405,-0.0015745582108102063,0.011498662823407467,0.010846536562800957,0.010333769982118693,1.2345456727883808,0.8286845784876996,34.39983822428216,-0.14914354993246737,1,16.219999313354492,0.0,0.32192328510399637,1.1844170542553603
2023-03-15,39051.5,39051.5,39914.1015625,38934.6484375,39777.8984375,164300,-0.009131836264849591,-1,1.0,-0.0607450127013649,-0.030235398094283217,-0.06235184503288227,-0.018261357840242236,0.009299340153615934,0.025156336689986326,12.00944930402536,41115.21383362532,-0.022587482920771194,-0.03741614550013783,-0.05548147468197185,-0.11551738980068851,0.20937856602544694,-0.012816604650582005,0.0016068323315173716,0.00804669273702209,0.010617210376714464,0.010339226450006147,0.9798425572519084,-0.07216090464854748,31.901615623321987,-0.5635661117589966,2,16.299999237060547,0.00493217799585155,0.30923690656848746,1.1780009616761697
2023-03-16,39132.6015625,39132.6015625,39381.3984375,38613.1484375,39061.69921875,196300,0.0020767848226059815,1,1.0,-0.051486082580426196,-0.038467275173567295,-0.062266565785050854,0.0018151372103128113,0.00026117354647068615,0.019896072480168368,12.187399380264553,41037.46433279687,-0.010031289030008375,-0.032318093536204455,-0.051550474999583144,-0.1136805097399676,0.21189018507615365,-0.010878703442889555,0.010780483204624658,0.010369731589479398,0.01061957516428239,0.010305092030944044,1.1434063373718546,0.5396618715940197,33.08100733482944,0.4937365850813708,3,16.219999313354492,-0.004907971009235568,0.27415552997773807,1.1581577580660418
2023-03-17,39598.1015625,39598.1015625,39705.1484375,38926.80078125,39442.3984375,173400,0.011895452421085029,1,-1.0,-0.021917693229868918,-0.019601463820973497,-0.04883939443924945,0.0039476079338006155,0.00791659288241322,0.019995161190459538,12.063356343328579,40981.018733961704,0.0062625415362777045,-0.018339244487632994,-0.03870223404757425,-0.10313733841369897,0.22630616711230706,-0.0045350813430217385,0.026921701209380533,0.012984515797267211,0.01114059149039094,0.010410666152618158,0.992189511629903,-0.031463973971405934,39.55210012159472,1.2892012655005929,4,14.770000457763672,-0.08939574087385971,0.10141689976335222,1.0475920655148758
2023-03-20,39361.94921875,39361.94921875,39512.1015625,38941.8984375,39512.1015625,173800,-0.0059637289271877725,-1,1.0,-0.005124517663561923,-0.045802192466042335,-0.043027607170859516,-0.0038001609079813168,-0.0021718212895701873,0.014642406967270752,12.065660491813428,40917.52581179654,0.0012932492188069155,-0.022048249552461815,-0.04292643651934417,-0.1084859842123158,0.21899280954991066,-0.001024038991768342,0.037903089507297594,0.008274522778907127,0.01094677744590295,0.010387010437726597,0.9846188709174858,-0.06380155595890742,37.567392476947376,-0.3499172591091752,0,16.010000228881836,0.0839539426328435,-0.012946923141960665,1.1239031452376598
2023-03-21,39894.69921875,39894.69921875,39970.8984375,39366.30078125,39599.6484375,187900,0.01353464476668309,1,1.0,0.01226296960805473,-0.035203994973597386,-0.01982718204620415,0.0074508434516957316,0.006038807108586289,0.015358254249227482,12.143665185401556,40877.41496501041,0.012356164847407033,-0.007817356935756215,-0.028889407725176598,-0.0964196587041104,0.23549144420030965,0.002455675040705456,0.03209015165425888,0.010187060234601421,0.01129447123829933,0.010529242689638538,1.0513358511679955,0.21895980454364253,44.35155034136489,1.2834353470175242,1,15.079999923706056,-0.058088712797022324,-0.07028356583898465,1.052337753244456
2023-03-22,39999.05078125,39999.05078125,40085.6015625,39837.80078125,40036.0,0,0.002615674877702867,1,-1.0,0.02426413277979078,-0.0379548049754701,-0.016584486136873577,-0.0009228998588770107,0.0035418435034494616,0.0062202424930702886,,40842.96931074529,0.010146411767269534,-0.004387004421871222,-0.025123058809005828,-0.09405618630539649,0.23872308813252135,0.0047502590559935455,0.04084861891666436,0.007945548579072223,0.011323363093923679,0.010436379167682483,0.0,-2.9378136767323135,45.59851854408005,0.29989196514698646,2,14.8100004196167,-0.01790447648908222,-0.09141097467391945,1.0306193798481533
2023-03-23,39616.8984375,39616.8984375,40201.6015625,39552.5,39836.1484375,153200,-0.009554035315486487,-1,-1.0,0.012375790406536469,-0.03974747314075877,-0.009475971657250004,-0.005503795135817088,-0.004072655239767897,0.016411138676442703,11.939499536288627,40794.88810002979,-0.0019459145998389701,-0.013433779775801302,-0.0333071652064507,-0.10271160549528124,0.22688828400239475,0.002421541839322945,0.021851762063786473,0.01030873142891076,0.010895300131974697,0.010358975108166229,0.9005672633218705,-0.29179719891227307,41.89600091875197,-0.8392135507327864,3,14.489999771118164,-0.02160706545792368,-0.10665842265553971,1.01222492895551
2023-03-24,39395.3515625,39395.3515625,39767.8984375,39294.8984375,39555.25,166100,-0.005592231692481242,-1,1.0,-0.0051201949588413065,-0.026925665326325232,-0.015154392940039285,-0.0040424074553946695,-0.001556114686697576,0.01203718596581498,12.020345295601386,40740.00431424431,-0.0065123556850099976,-0.01820983271339954,-0.037380211596623567,-0.10772945009232618,0.22002724045746258,-0.0010235531199893142,0.010034197981197979,0.009242278414486334,0.010953840901865441,0.010336303161405585,0.9863713293150034,-0.039893615351361544,39.87458198489128,-0.44643764088019466,4,15.239999771118164,0.051759835186120595,0.0318212118339809,1.0640228911933138
2023-03-27,39431.30078125,39431.30078125,39695.19921875,39273.75,39484.69921875,194200,0.0009125243797600824,1,1.0,0.0017618935006136205,-0.0033716530173134585,-0.011979575612965587,-0.0013523830384059965,0.0022679745885311265,0.010731066392946943,12.176643834839362,40688.68260706807,-0.00595347859605258,-0.016728146079659494,-0.03525195556816475,-0.1069152314621935,0.2211405450583514,0.0003520799269425966,0.013741469113579208,0.00882300882093621,0.010953623212149089,0.01033646073529087,1.1365032918800293,0.4055298977958177,40.37727642420081,0.13323276330830525,0,15.449999809265137,0.013779530269085072,-0.03497816437294399,1.0739607880819613
2023-03-28,39567.8984375,39567.8984375,39645.19921875,39326.1015625,39545.05078125,202300,0.0034641935098158605,1,1.0,-0.008191584036217225,0.003970932425759521,-0.018339277604811022,0.0005777627237447638,0.00288476407692057,0.008114144132564628,12.217507023155838,40644.73028669285,-0.0008636300221452535,-0.012411690763861704,-0.030580063337015854,-0.10382141300330952,0.22537081220911545,-0.0016575703807642026,0.010147693568593796,0.005694121744857479,0.010719935380742212,0.010293009013972749,1.1711920338099924,0.5105183881657879,42.34963779006731,0.4047869399382578,1,15.100000381469728,-0.022653684926618456,0.0013262903093407274,1.0451997268109572
2023-03-29,39910.1484375,39910.1484375,40055.0,39609.55078125,39611.55078125,259600,0.008649688598968863,1,1.0,-0.002222611337358904,0.021987591705824316,-0.008912609976818975,0.007538146080141357,0.0011032262382838361,0.01124600531851683,12.466897263812072,40615.92315535196,0.008231262027701906,-0.0034229944421531955,-0.021112101106743837,-0.09606974729672425,0.2359698881529898,-0.0004493660126549559,0.006689998639460071,0.007238511970671396,0.010929990189375169,0.010376067205364152,1.5331915898889676,1.8149805102563343,47.07385473651559,0.8280392671090518,2,13.630000114440918,-0.09735100860214219,-0.07967591301434418,0.9447236316428486
2023-03-31,40608.6484375,40608.6484375,40690.3984375,40180.19921875,40231.25,188000,0.017501814133662252,1,1.0,0.025033509414286836,0.037719109286474595,-0.00219911724331745,0.009380728600279633,0.00804561183236015,0.01269777723033082,12.144197241812087,40615.63787229894,0.02076227955494986,0.014132233317703068,-0.0031845027864089936,-0.08024932802411708,0.2576016034102469,0.004969913863152329,0.027232626657604286,0.008619513093937721,0.011383931532985178,0.01069394030710267,1.1043881806967044,0.35599097591432716,55.15147754572701,1.5421974125171656,4,12.9399995803833,-0.050623663115495154,-0.10697033921452248,0.8970847985165721
2023-04-03,40813.05078125,40813.05078125,40857.6015625,40535.8984375,40695.80078125,167500,0.005033468278674569,1,1.0,0.03598645937962619,0.030682006732882794,0.010479130666979808,0.0028811326414302,0.0021461522878343147,0.00793625249224501,12.028738630247258,40623.37955500291,0.018640181287426855,0.018698456051601215,0.0026426378284331803,-0.07561979219243695,0.2639317011882225,0.006982252664389653,0.025507328712646382,0.006388076225782633,0.01129615914874494,0.010691177827714579,0.9787022700049666,-0.07337197122926327,57.20956647180194,0.39428637893301277,0,12.59000015258789,-0.02704787010395271,-0.1738844920163567,0.8739717643218946
2023-04-05,40999.1484375,40999.1484375,41071.1484375,40802.6484375,40972.30078125,177400,0.004559758525463975,1,1.0,0.03976149975238785,0.04159344878098992,-0.006113814831445907,0.0006552635741238674,0.0039019381533997293,0.006580455197933498,12.086162348857616,40638.115589610636,0.015338606303120006,0.023665674770007982,0.00787291853595007,-0.07140484165911622,0.2696949245383197,0.0076830701270207535,0.04587531458383376,0.00567917241531079,0.010268048222245738,0.010712410028479752,1.0476893547910822,0.16584386834503076,59.05198610882681,0.47025521967079453,2,12.40999984741211,-0.014297085225911,-0.19676375400535506,0.8607893434127565
2023-04-06,41041.0,41041.0,41274.69921875,40820.55078125,40940.69921875,196500,0.001020791018715883,1,-1.0,0.03722971450775581,0.028733160136503955,-0.007482356862114625,0.00244990396265788,-0.0014256203110925895,0.011125485296210233,12.188417710291453,40653.91497825336,0.009013059523716532,0.025106573584632245,0.009629354808667615,-0.07045694006145878,0.27099101771379763,0.007186010532611946,0.04471207136987043,0.006223512513730325,0.010253557049758803,0.010692565899832062,1.154931233102151,0.5377692570786526,59.47458157310993,0.13164110404783147,3,11.800000190734863,-0.049153881077964034,-0.2185430534680335,0.8198145213256878
2023-04-10,40834.6484375,40834.6484375,41139.8515625,40727.25,41116.1484375,153900,-0.00502793700202242,-1,1.0,0.023164534239900947,0.020890437146115826,-0.01785726029708734,-0.006846458403755975,0.0018310576618503448,0.0101308475897587,11.94405831982697,40661.002564890485,-0.000603308958335891,0.02089901629114369,0.005535840965202344,-0.07513062400749686,0.26460055494659634,0.0045052508467142965,0.04102179453698829,0.008193090610047223,0.010207515713437707,0.010645302164212755,0.9055338177752935,-0.32715849063080593,56.384752627761536,-0.41015172364821856,0,12.270000457763672,0.039830530460316815,-0.09977987125886623,0.8530015333872517
2023-04-11,41366.5,41366.5,41403.25,40990.19921875,41232.0,219200,0.01302451674866334,1,1.0,0.018662319275816186,0.04416301203538664,0.002660170759936298,0.0032620294916569656,0.009730745278930749,0.010076818096094045,12.297739834055998,40688.66913097321,0.008671614935621238,0.03405386880377288,0.019318675765872963,-0.06308464732955665,0.2810713660548673,0.0037118064756205237,0.016002148515879888,0.006546582168837365,0.010521111041979874,0.010823288616318965,1.2528936012117402,0.9080791349123309,61.88150473513965,1.2228595474560482,1,11.979999542236328,-0.023634955558933912,-0.07418856795036588,0.8350177486156825
2023-04-12,41557.94921875,41557.94921875,41610.1484375,41332.0,41426.0,143000,0.004628122242635868,1,1.0,0.018251476506681907,0.054894741904234046,0.02649099912922037,0.0031851788429971516,0.0014383619595566461,0.006729614765798897,11.870599909242044,40722.75854618015,0.009672047093375834,0.037448912662029245,0.024081477605674497,-0.058748488546395465,0.28700032093850986,0.0036014573991032094,-0.008239522622538464,0.006528666102255372,0.009554601990498592,0.010222030584770801,0.8178906428734843,-0.6524582329642474,63.65706591161648,0.34332952692108687,2,12.270000457763672,0.02420708903242641,-0.025416973069570803,0.8586424444689674
2023-04-13,42132.55078125,42132.55078125,42196.19921875,41502.6484375,41680.1015625,232600,0.01382651389931322,1,1.0,0.027644533775568192,0.06850522165082795,0.06490259279623367,0.010855281100300223,0.002939325593450787,0.016711000559264007,12.3570755190667,40778.04451618289,0.018025698201396257,0.048432797808075585,0.03732723785059761,-0.04573426144053262,0.30479504876438673,0.00545456339909391,-0.03725805902066548,0.007985351920791214,0.008046901690272988,0.009326013883561312,1.3086162761259108,1.086685802186307,68.41271763766923,1.3185328517606905,3,11.90999984741211,-0.029339901949537173,-0.04029008913358423,0.8462112257946445
2023-04-17,42262.55078125,42262.55078125,42603.55078125,41799.0,42603.55078125,229100,0.0030855003456817798,1,1.0,0.0297641573365659,0.06810198292452596,0.07234334372253892,-0.008004027686586056,0.011179005098585352,0.019248086826239862,12.341913868441587,40836.26044814631,0.015174109863527968,0.0479502123512725,0.039568056148260866,-0.042789874174335156,0.30882099433839305,0.005798608242791827,-0.04257918638597302,0.007749018990455045,0.007875711475165782,0.009331249797543042,1.2804963250705643,0.9759145591643861,69.38868060216569,-0.05599187590800966,0,12.270000457763672,0.03022675188612922,0.039830530460316815,0.884196905631631
2023-04-18,42265.19921875,42265.19921875,42500.69921875,42114.3515625,42406.94921875,214200,6.266629559847914e-05,1,-1.0,0.035032768396170866,0.05900882039910349,0.08229387395490573,-0.003342612534299591,0.003416699532581529,0.009173776679824667,12.274665436995786,40892.297262679785,0.008308076297297464,0.04385676699532073,0.038810335506571376,-0.042729889361640384,0.30890301330170966,0.006769826973551519,-0.04726110555873486,0.006117704563892107,0.0073469526759290926,0.009295542734219108,1.1807507855134778,0.6319672238456219,69.40941731358896,-0.5320364608157839,1,12.079999923706056,-0.015484965523159033,-0.015484965523159033,0.8839455506398497
2023-04-19,42154.0,42154.0,42339.8984375,42022.1484375,42280.1015625,170000,-0.002630987687399111,-1,1.0,0.0190371435823673,0.03805474010981724,0.07720924029736231,-0.002982527426373185,0.0003525913523528102,0.007561488686676576,12.043553716032399,40941.775801398224,0.0018906961350654118,0.03724035317746905,0.03524214718908761,-0.04524845523624505,0.30545930558971335,0.0037264700725728197,-0.058172096714995014,0.006228805031189351,0.0074845271534880325,0.009288217024566257,0.9439462505899664,-0.1948029319548637,67.34655652439886,-0.8493649682778021,2,12.149999618530272,0.005794676760456419,0.014190324105989749,0.9025069322559248
2023-04-20,42269.5,42269.5,42378.1484375,42108.8515625,42218.5,180200,0.0027399535038192813,1,-1.0,0.017121893515596343,0.03568586985952815,0.0674627906917098,0.0012080012316875303,0.0015301039047302747,0.006395255748077017,12.101822624156375,40993.84341702967,0.0012492631730811196,0.03667518774830468,0.037263402305230627,-0.04263248039589269,0.3090362033881574,0.0033759585389287246,-0.05034089717611345,0.0062217556897822685,0.007238286189985582,0.009282067984665566,0.9986975919306121,-0.004536883945759176,68.39716874019201,-0.07630558952729244,3,11.9399995803833,-0.01728395429961116,-0.02689493602843085,0.8963290726645204
2023-04-21,42118.0,42118.0,42382.1484375,41962.3515625,42252.55078125,144100,-0.003584144595985328,-1,1.0,-0.00034535723520623396,0.02728962930060863,0.07001814788016536,-0.003184441619787563,-0.0004009798731946202,0.010004131307434994,11.878262781987614,41037.92798891086,-0.0022705818114196774,0.02948030216907758,0.033232162671294856,-0.04606382401765358,0.30434442835383463,-6.884766202581057e-05,-0.0703635051153716,0.0030327607148312088,0.007095886541026331,0.008865706044280164,0.8052528639284716,-0.6648238661664924,65.42369661996273,-0.981908027891528,4,11.630000114440918,-0.02596310526272494,-0.02350963363211389,0.8876507492088214
2023-04-24,42635.75,42635.75,42714.1484375,42269.1015625,42469.94921875,201000,0.012292843914715856,1,1.0,0.00883049441766226,0.038857483979435115,0.06870714242562181,0.0039039552507117393,0.008356266174794624,0.010528893649228483,12.211060187041213,41100.58767562024,0.00821169442401646,0.03865610433608516,0.045286760602339264,-0.034337235501701736,0.3203785308226175,0.001772160210598863,-0.059876648007959554,0.0063470774412355616,0.007009173096991129,0.009010142502923394,1.1191225188608336,0.40660153601266824,70.19282223772151,1.2703301601925072,0,11.670000076293944,0.0034393775975425367,-0.04889978476651857,0.9024475173901014
2023-04-25,42678.5,42678.5,42865.55078125,42601.5,42731.6015625,262400,0.0010026796760933543,1,1.0,0.00977874915745458,0.04515409420806282,0.06698782012112203,-0.0012426766270937145,0.0022481500266794885,0.0061981569017522855,12.477625336052071,41162.466590301796,0.007253756388485999,0.03631529674669894,0.04572592647913007,-0.033368985073779105,0.3217024475402235,0.0019387522501656473,-0.05720907096366745,0.006298045026569995,0.0070269834160064356,0.009004736140786694,1.3615254896873783,1.9702521181455628,70.55397223323995,-0.321409703817868,1,11.520000457763672,-0.012853437664921308,-0.04635757197675383,0.9023263453340227
2023-04-26,42829.8984375,42829.8984375,42875.6015625,42432.25,42559.05078125,178000,0.003547417024965638,1,1.0,0.016034028502633246,0.03537641418780901,0.08110175522874052,0.006364043635327643,-0.0027988148306524363,0.01044845754113911,12.089538829274222,41227.85607450565,0.007612248631646774,0.035950412645312825,0.048771402549397554,-0.02993994175456993,0.3263910773045665,0.0031673954684442985,-0.06506772672610728,0.005757488950036179,0.00634420960155315,0.009014283946979389,0.917691336065785,-0.4651243266980472,71.85457457347097,-0.05932479183482159,2,11.649999618530272,0.011284648923689078,-0.041152264666530325,0.9227722470122988
2023-04-27,43000.8515625,43000.8515625,43043.3984375,42736.6015625,42753.8984375,181400,0.003991443623184487,1,1.0,0.017302110564354933,0.03472024897462922,0.09152094998517635,0.005776154550233815,-0.0017744613639675993,0.007178785017599632,12.108459816663173,41297.38530932896,0.008164837841069512,0.0355698401826028,0.052212094955711115,-0.026068001720980203,0.3316852925119227,0.0034151449766672607,-0.07421883942082141,0.00576039957983776,0.005937197582184408,0.009026795648147214,0.9315462435166642,-0.39394189590694567,73.28922043995544,-0.06923777539923326,3,11.43000030517578,-0.01888406185048841,-0.04271350863742229,0.9192167180530013
2023-04-28,43233.8984375,43233.8984375,43302.05078125,42810.3515625,43045.5,238700,0.005419587439129625,1,1.0,0.026494573282207057,0.026140065954424196,0.09643601861742734,0.004376727822885087,0.0010383151932492616,0.011485521627453933,12.382962812326921,41373.32700062978,0.00835247201590616,0.03643655437963621,0.05704841434619838,-0.020789692096540868,0.3389024773960939,0.005190122506658208,-0.06994144533522029,0.00421728171112737,0.005883891935486781,0.009050965914795464,1.2119519687238203,1.1847597010152868,75.14888133972732,0.133317144431459,4,10.949999809265137,-0.041994792921684065,-0.05846950115945637,0.8968426049647288
2023-05-02,43352.1015625,43352.1015625,43483.8515625,43269.3984375,43395.05078125,241600,0.0027340380875178205,1,-1.0,0.016801664389626048,0.02578052581088852,0.09563821366397285,-0.000989726200955556,0.0037274534468124784,0.004956230794605671,12.395038745042797,41450.92600305607,0.007741955308171544,0.03457747900589158,0.05886667960341787,-0.018112493819042806,0.3425630877647667,0.0033138420933083216,-0.0788365492743468,0.0016244565815404092,0.005893590612658642,0.008989884448797253,1.214558616529258,1.1655631920427192,76.05932675641587,-0.31366133107501887,1,11.899999618530272,0.08675797496008264,0.019708615315568112,0.9875928154556102
2023-05-03,43312.69921875,43312.69921875,43354.94921875,43078.1484375,43154.8515625,175900,-0.0009088912031910423,-1,1.0,0.014859922882716203,0.02478398349853994,0.085255277528683,0.0036577036077019873,-0.004549952433462262,0.006425549641521777,12.077670930725649,41523.93671739701,0.0038661706967705674,0.029457549021214405,0.05704487856533057,-0.01900492273593385,0.3413428439845683,0.0029258061127010676,-0.0703953546459668,0.0023657378862942794,0.0059340304406901795,0.008921536605729884,0.9032788147995995,-0.5538502420145949,75.07199364747603,-0.841620126285783,2,11.84000015258789,-0.005041972089558033,0.027777750183035854,0.9899665687315174
2023-05-04,43685.44921875,43685.44921875,43739.80078125,43213.94921875,43236.1015625,175400,0.008606021022089516,1,-1.0,0.019975550082110827,0.036329867124116344,0.07576713088556608,0.010392880949279041,-0.0017684803217445518,0.012168560661700401,12.07482435892022,41608.7019135285,0.008505880341436388,0.03453433369593527,0.06512576242807784,-0.010562458478433026,0.3528864686977288,0.0039505770671508685,-0.055791580803455254,0.003484083519099228,0.00517801008549498,0.008987978213526497,0.9036346307410937,-0.5460590842603451,77.98363050947924,0.9485105282299603,3,11.729999542236328,-0.0092905919707712,0.00686694646571584,0.9857556665000552
2023-05-05,42661.19921875,42661.19921875,43588.0,42582.19921875,43110.6484375,251200,-0.02344602192073575,-1,1.0,-0.007898735290307712,0.009266710482735752,0.045283270966576694,-0.010425480363664502,-0.013157717078099606,0.023620216891172708,12.434004713576181,41649.97631765483,-0.01359266959663102,0.00807261260912756,0.03963070950589078,-0.033760832766146553,0.3211666628963751,-0.0015549907340964464,-0.053182006256884407,0.012857259528277678,0.007999112246844896,0.009631500786606554,1.266831408543043,1.473562574662781,57.952863963513586,-3.223291800314651,4,12.300000190734863,0.048593407565458824,0.07611547351972736,1.0349179806987472
2023-05-08,43284.0,43284.0,43418.55078125,42780.30078125,42796.8515625,223400,0.014598764044501333,1,-1.0,0.0011588490585097144,0.0276841255520206,0.05572924437645521,0.01138281017678542,0.0031797592715204197,0.014919249943182633,12.316719165617238,41714.055677746794,0.0005758363465337442,0.020035618982520362,0.05370271592193013,-0.019654935153143968,0.3404540632714606,0.00023488117266973283,-0.0545703953179455,0.01461493777035234,0.008448306098912575,0.009657114563686935,1.1137145421008026,0.6341245795412789,64.00685501653979,1.4060787143389197,0,12.640000343322754,0.02764228839963767,0.15433795100413206,1.062497400673335
2023-05-09,43198.1484375,43198.1484375,43533.25,43125.8515625,43438.55078125,229000,-0.001983447983088471,-1,1.0,-0.0035512263408510325,0.013190771535624535,0.05256081570868165,-0.0055343085675355515,0.003570621505637187,0.009446733751090784,12.341477282536376,41772.25539381555,-0.0006974778511970889,0.01543142794246286,0.05033610172849988,-0.021599398594745172,0.33779534236324216,-0.0007113627437390596,-0.056112042049532684,0.014565455502961063,0.008506509086191653,0.009523718127281852,1.1324580273471305,0.7337055382226639,62.66739203762409,-0.5399662819926787,1,12.68000030517578,0.003164553858114205,0.06554627828986792,1.061932103588255
2023-05-10,43331.05078125,43331.05078125,43383.6484375,42822.1484375,43275.25,249100,0.003076575005113602,1,1.0,0.00042369934986763447,0.015289918372248357,0.061134414994925335,0.0012894386803080282,0.0017848348896608887,0.013112373397601088,12.425609701250272,41833.384624695325,0.0022918514024299207,0.0155757115228767,0.05220778772568704,-0.018589275759473643,0.3419111700755143,8.496457910247776e-05,-0.0607107156450577,0.014660446405792239,0.008316230349545452,0.00952341546856801,1.2035269960140114,1.1675708627110855,63.92593607423134,0.008730903841745708,2,13.079999923706056,0.031545710481332145,0.10472970904879064,1.0917285643896983
2023-05-11,43475.30078125,43475.30078125,43774.25,43367.25,43535.1015625,190700,0.0033290215076533514,1,1.0,-0.004810490478138529,0.015068967410506673,0.05097846763081226,-0.001373622183105479,0.004709112231783123,0.009384962154621286,12.15845679158851,41897.77349357982,0.006607115882364349,0.016444684641647184,0.053929673025372646,-0.015322138350635294,0.3463784212220559,-0.000969966957694583,-0.05578895810895079,0.014077593250868041,0.00798045711476712,0.009162647238443586,0.9277548041838969,-0.41097361133493054,65.29353373365075,0.10178662250691183,3,13.220000267028809,0.010703390224721332,0.12702478967943853,1.0977331423672383
2023-05-12,43793.55078125,43793.55078125,43905.94921875,43347.75,43447.1484375,144900,0.00732024837737888,1,1.0,0.026542891040023164,0.018434500479550753,0.053794799900553025,0.007972959243765098,-0.0006475479926326703,0.0128772362752392,11.883799128308773,41972.11770093944,0.008686591628435424,0.02121646707202498,0.059696431396107155,-0.00811405183165572,0.3562342456753445,0.005209171838499929,-0.02725190886052986,0.0061322908646541975,0.008040285153728672,0.009194097327202918,0.704612317342994,-1.6891115573843822,68.16137346315166,0.5822351224423985,4,12.850000381469728,-0.027987887903593633,0.04471546196797305,1.0644466826578807
2023-05-15,44072.1015625,44072.1015625,44151.69921875,43666.6015625,43821.05078125,161300,0.006360543419769105,1,-1.0,0.018207687886979018,0.019387636907454153,0.04603449696933959,0.005728999573817129,0.0006279463416283201,0.011109123194661251,11.9910212641133,42054.470009235934,0.011430457279071278,0.025393127145767504,0.06429261231284276,-0.0018051181908722048,0.36486063248234024,0.003599167221843251,-0.02782680908236057,0.0036298852990661553,0.007663699473359082,0.009196384443706969,0.7981987331749802,-1.1118713356921792,70.46200045729263,0.5346193535207218,0,13.170000076293944,0.024902699247049798,0.0419303574822425,1.0852904849520721
2023-05-16,43903.69921875,43903.69921875,44144.1484375,43815.69921875,44144.1484375,222500,-0.003821064523351181,-1,-1.0,0.016332894042225155,0.012723665897828917,0.03883221450580554,-0.005446910343970773,0.001634750158165889,0.007496153766945869,12.312682380588432,42126.9888017659,0.0043133475279767556,0.01952858087427249,0.058387380896816506,-0.005619285241143813,0.35964541194024324,0.0032018023022996633,-0.022499320463580386,0.00436008391780252,0.007779147836296655,0.009159806896498882,1.1028500619578687,0.5692731665601943,67.29600975951698,-0.7429223502172239,1,13.289999961853027,0.009111608569773999,0.04810722728675776,1.0905957613074022
2023-05-17,43698.69921875,43698.69921875,43992.75,43446.3984375,43948.5,203600,-0.004669310414564087,-1,1.0,0.008484641633917711,0.008911935920929759,0.03391679269227388,-0.0056839432802029645,0.0010204329486401657,0.012575301570415701,12.223912563658505,42188.62450439273,-0.002054666038222111,0.013081879804968326,0.05170636935653078,-0.010262357468609054,0.35329680545815634,0.001674794807918968,-0.025432151058356167,0.005628660547519856,0.007909464211061146,0.009197056572917498,1.0118278501143028,0.06549920588835982,63.552510190607144,-0.8081637713267416,2,13.109999656677246,-0.013544041060379652,0.00229355757998273,1.0712972140287842
2023-05-18,43752.30078125,43752.30078125,44079.19921875,43673.69921875,44006.8984375,226500,0.0012266168892505203,1,1.0,0.006371433780153701,0.0015302935804837325,0.03791575606704001,-0.005785403318336276,0.007052823636859185,0.009284764223176008,12.330500223905226,42249.94514270085,-0.002093088771090589,0.012448781655410884,0.0514506731971037,-0.009048328560352994,0.3549567821759002,0.0012677722904903019,-0.031544322286886306,0.005554129719654573,0.007845797802406585,0.00910567305096097,1.1100492538410645,0.6241682527619095,64.11461124617321,-0.0850954480819078,3,12.800000190734863,-0.023646031583570037,-0.03177005051516091,1.0431947971384532
2023-05-19,43969.3984375,43969.3984375,44020.8984375,43531.8984375,43930.0,192000,0.0049619711963362345,1,-1.0,0.0040153779064036055,0.030664848684681,0.04021572144217456,0.000896845834281812,0.004061482838090032,0.011233142076311499,12.165250651009918,42317.37468367337,0.0020546981686794287,0.015475263855145343,0.054853076708582846,-0.004131254909708259,0.36168003870133736,0.000803832727011086,-0.03620034353577095,0.0049887983172157355,0.00787435752063862,0.009023684450880773,0.9382559190754269,-0.3543224522251281,66.37640642374338,0.37728367999348605,4,12.300000190734863,-0.03906249941792339,-0.04280156999279083,1.0009765732055105
2023-05-22,43885.1015625,43885.1015625,44026.75,43684.8984375,43935.30078125,183800,-0.0019171714418568797,-1,1.0,-0.004243047038154257,0.013887384772664157,0.04195597042832033,-0.0011425714142697576,-0.0007754860758094719,0.007825394466444443,12.121603488903723,42378.854169117556,0.0009867678661338683,0.011464465135909697,0.05150195334986953,-0.006040506027633181,0.35906946461819267,-0.0008505915779849349,-0.04619901746647459,0.003956958590542003,0.007820904984831189,0.008590120921767058,0.88955570612719,-0.6888510484667609,64.6719243973127,-0.5139187139433544,0,12.56999969482422,0.021951178853861997,-0.04555811526149689,1.0190514516376565
2023-05-23,43954.44921875,43954.44921875,44095.25,43852.19921875,43978.8984375,142000,0.001580209542211941,1,-1.0,0.0011559390416542303,0.01750771291376596,0.030929424690547158,-0.0005559306762707044,0.0021373284249192625,0.005542499249298269,11.863582336583399,42440.64221027961,0.0023364817734628195,0.011525605870706305,0.051850964208394225,-0.004469841750685955,0.36121707915471113,0.00023128578124733502,-0.029773485648892928,0.0036679621099164907,0.007446111398722582,0.00858864368431813,0.6972062650365788,-1.7062279976549972,65.45776439169704,0.004014602689312491,1,12.609999656677246,0.0031821768356523616,-0.05116631355362089,1.0184137973828957
2023-05-24,43677.8515625,43677.8515625,44010.44921875,43639.80078125,43751.94921875,148600,-0.006292824985098644,-1,1.0,-0.00047707727284140855,0.008003516531384536,0.023415808018088624,-0.0016935852590139065,-0.00460704214474875,0.008493357688728278,11.909013411265796,42489.16022409218,-0.0038763329348789964,0.004005740043852671,0.044181988866677,-0.010734538803936454,0.35265117830886333,-9.486027749433896e-05,-0.023892885290930033,0.004242132664885366,0.007649902519871793,0.008631260083633924,0.7505808667542176,-1.3964588175271242,59.748951288316725,-0.9820655337094973,2,13.109999656677246,0.03965107165845483,0.0,1.0520402584565691
2023-05-25,43681.3984375,43681.3984375,43719.8515625,43390.30078125,43630.25,170200,8.12053448857597e-05,1,1.0,-0.001620539776970631,0.004740568841306025,0.019880971729189678,0.001172315939056045,-0.0010898329656138291,0.0075950333442354676,12.04472949512141,42535.91466383366,-0.0034731636887259357,0.0031055764672719773,0.04305757132335691,-0.0106542051609765,0.352761020814308,-0.0003246603997842205,-0.02150151150616031,0.00418348139897604,0.0076322578980872165,0.008540396650395644,0.8613796244749228,-0.7686310114902384,59.79737088669105,-0.12255581145682927,3,12.520000457763672,-0.04500375395609357,-0.02187497881241174,1.001199555271276
2023-05-26,44018.0,44018.0,44067.6015625,43588.80078125,43765.3515625,143200,0.007705833021385944,1,1.0,0.0011053497256525713,0.0051251660289235446,0.023654146384092245,0.005772795795760952,0.001921942245510326,0.010984490801957535,11.871997533508683,42594.03565740881,0.003983267777095946,0.009656166382000179,0.04932492620974975,-0.0030304716655367167,0.3631851713585425,0.00022252750249976882,-0.022548796658439674,0.005116493378787425,0.007752356658126354,0.008083756147001615,0.731807031888798,-1.3986460370409566,64.19882511231293,0.8430792102614693,4,11.899999618530272,-0.04952083199397461,-0.03252037121966045,0.9498343483277003
2023-05-29,44311.8984375,44311.8984375,44483.3515625,44193.94921875,44276.80078125,148600,0.006676778533781569,1,1.0,0.009725324991948892,0.00544101294239252,0.024934138233182468,0.0007926872680661898,0.005879430715843519,0.006548460793072015,11.909013411265796,42661.40282525552,0.008722742441363838,0.01514237310022327,0.053945613709518295,-0.0038543212005755665,0.37228685684823865,0.0019391924894361398,-0.015208813241233576,0.005630830116185509,0.0077932227097126895,0.00728459759023894,0.7772982869098993,-1.1355188955188795,67.54039673775758,0.6978968097977988,0,12.300000190734863,0.033613494540094324,-0.021479674673383742,0.9765004911884574
2023-05-30,44436.3515625,44436.3515625,44498.6015625,44207.5,44277.3515625,157600,0.0028085712729175594,1,-1.0,0.010963676085478768,0.012132288468360342,0.025010321551236725,0.003591000689721978,-0.00077962976577785,0.006584890855624046,11.967815456405916,42731.00865808864,0.009341297634758387,0.016730738476358295,0.05438535457670462,-0.001398920366352805,0.3761410222925849,0.0021750471577276676,-0.014046645465757956,0.0056380936823250336,0.007793992790382579,0.0072305951650569475,0.8428934349511967,-0.8107568402195741,68.86561379168553,0.19893002982128338,1,12.010000228881836,-0.023577232305368012,-0.04758124061309543,0.9530611590811473
2023-05-31,44128.1484375,44128.1484375,44339.05078125,43822.69921875,44318.0,305700,-0.006935833257294077,-1,-1.0,0.010309501472517635,0.009827505770829248,0.018827023793451136,-0.004283847702964935,-0.002663395133453695,0.011782742088124814,12.630359507878925,42785.798453359675,0.0002944353524733716,0.008737813418455077,0.044555797547803165,-0.008325050945245646,0.36659633762344124,0.002026704979893214,-0.008517522320933502,0.005883942384174326,0.00799641754248958,0.007164755811268407,1.5801307730080376,2.507263988436714,62.10359371547079,-0.9918397291027407,2,11.970000267028809,-0.0033305546287030197,-0.08695647746015067,0.9493972262850053
2023-06-01,43790.19921875,43790.19921875,44179.94921875,43706.1484375,44172.05078125,182900,-0.00765835936281456,-1,1.0,0.0024907806329890203,0.0008662044469267549,0.0023978235745150123,-0.008644641934127428,0.0009948829784277079,0.010840597906437292,12.116694834378958,42825.1867186691,-0.007855562104974616,0.0008927043686257269,0.03427563971396964,-0.015919654076207802,0.35613045176601466,0.0004931128320694918,9.295705847400804e-05,0.007371934600840651,0.008005560030912027,0.007306651394389458,0.9435617003714404,-0.2450943869558836,55.65084319653041,-0.9793570664408157,3,11.600000381469728,-0.030910599607774425,-0.07348243152207312,0.9205253585661968
2023-06-02,43937.8515625,43937.8515625,44088.8984375,43812.55078125,43997.30078125,123900,0.0033718125604411675,1,1.0,-0.0018208105206960479,-0.0007174734274529859,0.029925374043139774,-0.0013512014986004556,0.004729404437404881,0.006307499821906412,11.727230067617233,42868.82063411345,-0.004148562776005104,0.002804442145636314,0.03563996030628561,-0.01260151960533872,0.36070306945687597,-0.0003660565100406071,-0.03174618456383582,0.006526111327652502,0.005725973426574464,0.007177180570600733,0.6608881184157888,-1.409648366811177,57.71792659922904,0.32780736171362584,4,11.130000114440918,-0.040517263066612186,-0.06470584275400626,0.8873475281072466
2023-06-05,44101.6484375,44101.6484375,44266.1484375,44074.19921875,44103.25,124500,0.0037279218071690767,1,1.0,-0.0047447752728659864,0.004934405237540629,0.01889031599436275,-3.6313933780390335e-05,0.003764372440120945,0.004355137975333677,11.732060994886899,42917.16682248155,0.0005174499562795109,0.0056045196713541195,0.03718331692507624,-0.008920575277909893,0.3657756641025861,-0.0009570335941480505,-0.023635091267228736,0.005832302151778145,0.004881232116319878,0.007085349932366095,0.6820796581383882,-1.2517798803515483,59.94813441190362,0.569592968524209,0,11.140000343322754,0.0008984931517530548,-0.09430892922147227,0.8934873494907674
2023-06-06,44164.55078125,44164.55078125,44236.19921875,44009.69921875,44156.69921875,123600,0.0014263036865649337,1,1.0,-0.0061166313545726325,0.004779983966000323,0.022371383466775363,0.00017781135453770597,0.0012482703753810224,0.00514659277433783,11.724805824005728,42966.08384047247,0.003181663809413922,0.005930489005421938,0.036580818706316756,-0.007506995040750052,0.3677236749673164,-0.0012326105298996986,-0.028488014821347996,0.0056396772028304495,0.004833148681662489,0.006900120125332368,0.6972808304185941,-1.1469192947677969,60.80317329550789,0.06380078376132448,1,11.380000114440918,0.021543964427435336,-0.05245629495708781,0.9175199589970026
2023-06-07,44275.30078125,44275.30078125,44346.30078125,44143.5,44318.69921875,119200,0.0025076673042268016,1,-1.0,0.0033346593718612816,0.013678539520083577,0.021791532468642405,-0.000979235362612794,0.0034903205121117977,0.004594125550760587,11.688558033613386,43017.42568128728,0.005025447780112453,0.007369749668886936,0.03709840226095733,-0.005018152782540041,0.37115347090824874,0.0006663821601122626,-0.018456873096781123,0.004753077741521643,0.0048226586087916,0.006899952556971165,0.6980353116856499,-1.1387881449716815,62.32807725642686,0.294067867771715,2,11.4399995803833,0.005272360750352201,-0.04427741644295424,0.9284960256933065
2023-06-08,43995.25,43995.25,44459.25,43917.8984375,44208.30078125,160200,-0.006325214652603717,-1,-1.0,0.004682572468457824,0.007185016362263763,0.01195964626826096,-0.004819248364785848,-0.001513259059063775,0.012326445065908671,11.984178313616395,43055.77173300151,-0.0022603581499555194,0.0004061746505520118,0.028429061966591566,-0.011311626541634647,0.3624806308830914,0.0009262535889392715,-0.007277073799803135,0.004164697061262295,0.005064266857662419,0.006802650057738051,0.9465847317419049,-0.20050100694661727,56.35744134982037,-1.368951302364918,3,11.260000228881836,-0.015734209624458262,-0.029310357017834354,0.9212141195449437
2023-06-09,43989.0,43989.0,44220.1015625,43932.6015625,44045.75,132300,-0.00014206079065348654,-1,-1.0,0.0011641087509079995,-0.0006588213912490648,0.004462968068660977,-0.0012884330497267046,0.0011478511884805745,0.006544115071150358,11.792827350103048,43092.36891994263,-0.002633479310239313,4.183127676660518e-05,0.026079339786965965,-0.011452080393678102,0.36228707580741804,0.00023251799910224195,-0.003298859317752978,0.003942151147391895,0.004813295998900562,0.00671972672873707,0.7846509696933752,-0.7974803477035661,56.22798680405885,-0.07808923773979465,4,11.119999885559082,-0.012433422777705982,-0.0008984931517530548,0.9162443754657698
2023-06-12,43944.19921875,43944.19921875,44124.94921875,43874.05078125,44035.19921875,91400,-0.0010184541874105335,-1,1.0,-0.0035701436188521063,-0.00829797936255483,-0.002902115833269714,-0.002066528631968868,0.0010502448055195617,0.0057186066258377915,11.42300075744224,43125.77402969978,-0.0029373765882169736,-0.0008314003890089047,0.022880812266717763,-0.012458871161857088,0.36089964883060677,-0.0007158572313533259,-0.0006680277855823924,0.003430275451733643,0.004597455331178468,0.0067328508037817715,0.5535535838657905,-1.5138274435796604,55.248326704595804,-0.19219737211278776,0,11.25,0.011690657893777656,0.00987429562721509,0.9343465786633968
2023-06-13,44079.8515625,44079.8515625,44138.1484375,43889.69921875,43889.69921875,160000,0.003086922646484913,1,-1.0,-0.0019178100365951911,-0.008022710854165838,0.004012243771813528,0.004332505055508914,-0.0012402091964107535,0.00566076375943494,11.982929094215963,43163.18883490763,0.0005250334077508631,0.0020522841326240313,0.02388771301771478,-0.009410408086911438,0.3651006407761752,-0.00038548532118365907,-0.0059300538084087195,0.0037535575389744387,0.0045656567282755835,0.0067315892031237,0.9877152910673498,-0.04253409521150223,57.65413119498771,0.6304504231112444,1,11.109999656677246,-0.012444474962022611,-0.023725874784574774,0.9311486109331744
2023-06-14,43988.0,43988.0,44212.3515625,43956.1484375,44181.6484375,154600,-0.002083753897622942,-1,-1.0,-0.006488962834368062,-0.0031759419432360048,0.006620352239818272,-0.0043830061654204205,0.0023093742694587824,0.005828607239423808,11.948596415135459,43195.53437079361,-0.00025591694519434013,-0.00036445519345806724,0.01982222319257348,-0.011474553010005054,0.3622561069953103,-0.0013035469542934197,-0.013109315074186334,0.0034167207146373535,0.004455217262394391,0.0066922097492299396,0.9690359784380093,-0.10794470491185987,55.47929806339609,-0.5441814735924596,2,11.15999984741211,0.004500467351933102,-0.024475502031601426,0.94304544811749
2023-06-15,43443.6015625,43443.6015625,44077.44921875,43397.5,44054.3515625,228200,-0.012376067052377926,-1,1.0,-0.012538818111046068,-0.007914959567062119,-0.007055611093309433,-0.01386355668255672,0.001508401439028826,0.015667935220922864,12.337977716410112,43205.26249595857,-0.01014672495988669,-0.012389595147482384,0.005878590694087301,-0.02370861022493509,0.345396734072625,-0.002508176945985302,-0.0054832070177366354,0.005876871706662841,0.005283450704441397,0.006619019548123547,1.429600626468285,1.4941235297584963,44.7134410624007,-2.2822546023883534,3,11.079999923706056,-0.007168452042999318,-0.015985817186227047,0.9431392510986688
2023-06-16,43938.1484375,43938.1484375,44083.25,43536.94921875,43583.3515625,234700,0.011383652763883312,1,-1.0,-0.0011560063311282232,6.756702693566652e-06,-0.0007107215725141725,0.008140651470807822,0.0032168143287786373,0.012547980303009503,12.366063381839115,43234.00312111706,0.0013534630659235323,-0.001111500149113967,0.015859063585325444,-0.012594848047366656,0.36071226332297046,-0.0002341038066415156,-0.0004452847586140507,0.008628927780461579,0.00578788082587467,0.006748973216070911,1.4509149357072206,1.5068293175087817,53.534548063237736,1.9714978681553077,4,10.84000015258789,-0.02166062931143864,-0.025179832360862853,0.9284796704572068
2023-06-19,43633.75,43633.75,44040.3515625,43501.3984375,44015.30078125,234900,-0.006927884954756158,-1,1.0,-0.007064623414904325,-0.010609545313552071,-0.005727491871974633,-0.008668594204234908,0.0017559307001692543,0.012389328719496984,12.366915170647005,43249.67946930855,-0.004174673958459485,-0.007748187570417376,0.007593807060651416,-0.019435477343828046,0.35128540530614305,-0.0014131192587307122,-0.0013371315429296926,0.009156149799492903,0.00598029643831191,0.006837493124159892,1.4295712503423303,1.3863453730568998,48.41423788884641,-1.1140868784258304,0,11.229999542236328,0.035977802966666195,-0.001777818467881942,0.9674362120621366
2023-06-20,43766.5,43766.5,43823.94921875,43345.94921875,43597.55078125,161900,0.0030423697252699444,1,1.0,-0.007108725446947184,-0.00901290229853291,-0.004275999861006685,0.003875199769769177,-0.000829615120176469,0.011027558713450281,11.994734139665727,43269.946941100374,0.00028568816565342596,-0.004516653275355429,0.009388712939084838,-0.016452237526425075,0.35539651511344567,-0.0014362806886870495,-0.0028327255859404987,0.009150712187811598,0.006013061627878208,0.0068420875733792704,0.9793720888028552,-0.06732590280759247,50.63185093775777,0.5391327268288084,1,11.130000114440918,-0.0089046689110992,0.0018002212764831604,0.9649731315863185
2023-06-21,43859.19921875,43859.19921875,43946.69921875,43698.94921875,43894.3984375,180000,0.0021180404818754717,1,-1.0,-0.002928089052696148,-0.009398051626025583,0.0041519362734796506,-0.0008019068492331471,0.0029222907360652553,0.005669472708824252,12.100712129872347,43293.05487355722,0.002994846704736878,-0.0026138807452313877,0.01011741726407518,-0.014369043549648066,0.3582672998014488,-0.0005885815920852374,-0.007080025326175798,0.009267240536163632,0.005856473650751105,0.00678162726128017,1.0786193672099713,0.25933696723943994,52.177856952475786,0.32375762912387707,2,11.289999961853027,0.014375547687956791,0.011648755933546306,0.9866293744423219
2023-06-22,43724.8515625,43724.8515625,44042.1484375,43663.3515625,43874.80078125,263800,-0.003063157983800302,-1,-1.0,0.006473910769008828,-0.006146082531636954,0.0009947741270732724,-0.003417661529624111,0.00035571927390161433,0.008675396217759137,12.48294651926535,43309.98807704518,-0.001362086927650123,-0.005718157065664459,0.005930525893468085,-0.017388186882979644,0.3541067124779272,0.0012825131557794808,0.005479136641935556,0.006914581952203805,0.005902191779589715,0.006602594875863828,1.5376544649102355,1.675661649943179,49.746410084046786,-0.5305985860992447,3,11.550000190734863,0.023029249757336778,0.04241879695533424,1.0136469501368608
2023-06-23,43622.8984375,43622.8984375,43824.1015625,43519.55078125,43641.6015625,161300,-0.0023316974525178225,-1,1.0,-0.007174858550273888,-0.008322570699493048,-0.008975909003135052,-0.0004285618384837432,-0.0019039515750214275,0.006998022171249362,11.9910212641133,43322.25907157282,-0.002253846318926413,-0.007590710550006886,0.0026323779561730452,-0.01967934034443849,0.3452895761477148,-0.0014419717333946731,0.0018010504528611637,0.004078172526455881,0.005640036062658913,0.00660040004856046,0.9352622271185458,-0.20409902821447068,47.92140847718378,-0.33649433891651886,4,11.239999771118164,-0.026839862727047747,0.036900333293332865,0.9893059672215637
2023-06-26,43641.05078125,43641.05078125,43773.1015625,43541.75,43714.75,120700,0.0004161196160774594,1,1.0,0.0001673195920588455,-0.006898485872753213,-0.015139221741903075,-0.0016859119347588628,0.0021055813756070984,0.0053133271515269824,11.701063407085623,43334.760707246445,-0.0018719988552909678,-0.00641956797192887,0.002354530429422698,-0.019271409687909784,0.33654446213074235,3.347224284271082e-05,0.01530654133396192,0.0026801728224952544,0.005393508507679912,0.006338403184240215,0.7055591278424037,-0.9044504838541415,48.28518388713236,0.21620575216197466,0,11.399999618530272,0.014234862159271167,0.015138030563097482,1.0073785730900116
2023-06-27,44121.5,44121.5,44194.6484375,43693.1484375,43804.55078125,137300,0.01100911206648636,1,1.0,0.008111226623102041,0.0009448406930532283,-0.007085450344796129,0.0072355317677556515,0.0037464725773799735,0.011477772097777773,11.829923591756062,43365.6132285309,0.007480493858733717,0.004879032005516137,0.01252493556129231,-0.008474458730356871,0.35125862989618134,0.0016269085810029244,0.01519667696789817,0.005620010801499224,0.005955227665358969,0.006494379646765832,0.8073858457557849,-0.583525573470283,56.87201208087244,1.905728561166648,1,10.779999732971191,-0.05438595669348034,-0.031446574831172636,0.9577965135827605
2023-06-28,44327.80078125,44327.80078125,44508.3984375,44163.19921875,44419.5,243800,0.004675742693471374,1,1.0,0.010684225221779142,0.0077248518061743265,0.004524376182081902,-0.0020643910613581873,0.006754076810625205,0.007816445023381404,12.404103496029308,43403.34607373557,0.010029718303606121,0.009348105649971922,0.016297138783982004,-0.004057608509629941,0.35757676756190865,0.0021241415749691525,0.0061598490396972405,0.005789769836869911,0.005842937257645647,0.006515414141260585,1.4602299952084332,1.549668559066101,59.94731228977449,0.7588902927365981,2,10.890000343322754,0.010204138504300797,-0.03542955003381787,0.972234654712064
2023-06-30,44747.3515625,44747.3515625,44787.1015625,44447.19921875,44666.0,191300,0.00946473260246794,1,1.0,0.023384870696209203,0.03001017303145015,0.02185768415824363,0.0018213308221018225,0.007629505926065551,0.007647328734419166,12.161598155428344,43456.05217133418,0.014860506715396961,0.01779220465942036,0.02469760234710863,-0.0008875323165203989,0.3526827059270162,0.004613357676126817,0.0015271865379655747,0.005681924005898482,0.005875636724560552,0.0066024100968426315,1.14290835225236,0.48068635666107856,65.35743058506816,1.423301754460828,4,10.800000190734863,-0.008264476561111844,-0.06493506386273762,0.9676552480921665
2023-07-03,45158.1015625,45158.1015625,45353.19921875,44882.1015625,44957.94921875,228200,0.009179314208714429,1,1.0,0.03519259792421958,0.02776523746182269,0.02777218176597085,0.004451990075795655,0.0047063714140903245,0.010496336843629725,12.337977716410112,43522.79920628187,0.01709358035095194,0.02571141016431416,0.03273735557284562,-0.004301739670204839,0.3650994055094145,0.006861649109470559,0.007420416158248733,0.004323999704249258,0.006129981165198336,0.006694345430281145,1.3221703989107447,1.1026935176916615,69.67599479051151,1.2700216768129753,0,11.539999961853027,0.06851849611567573,0.026690408971869584,1.0320618884013832
2023-07-04,45301.44921875,45301.44921875,45655.5,45000.25,45310.55078125,463000,0.0031743508094910222,1,-1.0,0.038046710786656224,0.03822039633884322,0.02720534999843216,-0.00020087070986932973,0.003375899638717236,0.014561030216498797,13.045482333068371,43592.550187162975,0.012747435255156227,0.027567214050422752,0.03450930868561495,-0.0077548330704953405,0.369432709912329,0.00735371231318027,0.010841360788224064,0.003356022038644564,0.006120077172166189,0.006661284613001064,2.44301392992824,3.377005143004392,71.03314625397313,0.296111866795663,1,11.699999809265137,0.013864804847574463,0.026315807085399046,1.0437575164756927
2023-07-05,45151.80078125,45151.80078125,45418.8984375,45073.3984375,45169.69921875,366300,-0.0033033918358192915,-1,1.0,0.023351445015468597,0.03165208050106827,0.022353901093433937,-0.0003962487643169945,-0.0029082954799924915,0.007665275128501342,12.811207948766906,43653.697269284035,0.004773317406049001,0.023027290096674567,0.02990841349775942,-0.011032607654061395,0.36490893707870076,0.004548643802872301,0.0009975439220346605,0.005206309714187896,0.00620761579761617,0.006509594713625044,1.816468721330986,1.8619320756289528,67.63024765496043,-0.7127030207652743,2,11.880000114440918,0.015384641718817926,0.10204085424096232,1.057456957323488
2023-07-06,45339.8984375,45339.8984375,45417.5,45042.6015625,45060.55078125,244900,0.004165894892238953,1,-1.0,0.022832119762596026,0.03376028849420942,0.024044955934005685,0.006199383971272682,-0.002020960369711168,0.00832319680691179,12.40860524294026,43719.82280529251,0.004434633702073817,0.026051638012954636,0.03294477955419594,-0.006912673445696575,0.37059500424804825,0.004483088774923444,-0.0012128361714096592,0.0052100812804585185,0.0062381468017536894,0.0065234419808667754,1.1777435798788112,0.42625639502947793,69.60147343907232,0.4739187530799459,3,11.84000015258789,-0.0033670001235441838,0.08723597606198719,1.0520236522925037
2023-07-07,44925.0,44925.0,45227.25,44844.80078125,45118.05078125,220900,-0.009150846203855756,-1,-1.0,0.00397003244430838,0.027447741835887385,0.021132963217620038,-0.004278792587605034,-0.004892989704328779,0.008528284485319986,12.305465389408209,43767.08465606535,-0.005539537689332101,0.015593969967319434,0.02251634369344109,-0.01600026283799323,0.3580529001564014,0.0007836296225712855,-0.017162930773311658,0.00712635280556563,0.006448107110091907,0.006677329795456684,1.047043488564996,0.11539501357736115,60.80551684929841,-1.5837714911718597,4,11.529999732971191,-0.026182467535605713,0.06759254901334,1.0232516683820476
2023-07-10,44860.8515625,44860.8515625,45184.30078125,44721.8984375,44958.6484375,220900,-0.0014279006677796469,-1,-1.0,-0.006582429059569739,0.028378516085391547,0.019819763179431238,-0.0021752627892262805,0.0007489913745130773,0.010339506145881064,12.305465389408209,43809.97747592553,-0.0056509789807562515,0.013145375586009683,0.020192503775924953,-0.017405316719781846,0.33850653042414713,-0.0013233166388424505,-0.026402192239000977,0.0053876088610662985,0.0064669752621086315,0.006671102851329397,1.0255100856526078,0.06541535163921149,59.55239629985346,-0.37551214412060135,0,11.460000038146973,-0.006071092493094121,-0.006932402423787232,1.0155073191187212
2023-07-11,44745.05078125,44745.05078125,45139.55078125,44663.05078125,44998.0,209000,-0.0025813326590260477,-1,-1.0,-0.012282133289230668,0.025297282724327186,0.01822428390408115,-0.0056213435874927775,0.003057196480296974,0.010668774113389484,12.250089530946948,43846.6470173108,-0.005765410439847072,0.009617084695195073,0.016860149081581958,-0.019941720466318407,0.32550436298397367,-0.002480552277189195,-0.03050641719331182,0.00476758209145173,0.006501846202550361,0.006655365137406952,0.9444833585647469,-0.155859851827106,57.25836722790014,-0.5387918499621084,1,11.010000228881836,-0.03926699893256713,-0.0589743240710906,0.9766699435456612
2023-07-12,44639.44921875,44639.44921875,44937.25,44562.3984375,44872.6015625,233100,-0.002360072469607122,-1,1.0,-0.011347311815584571,0.011739157071948947,0.012695089398305992,-0.0051958731081205075,0.0028506120570422726,0.008411835440718921,12.35922282502385,43877.73729972018,-0.005848302722258848,0.006598817494462889,0.013867055478540034,-0.022254729030456354,0.3177250448381939,-0.0022900926630065065,-0.024042401213890563,0.004744767167151076,0.006519770966464392,0.006662427900452777,1.0362763403574287,0.10527210582222506,55.17120742220828,-0.4615865132003827,2,10.9399995803833,-0.006357915262790503,-0.07912462331671066,0.9711926520081475
2023-07-13,44665.05078125,44665.05078125,45085.1484375,44612.19921875,45009.30078125,336800,0.000573518780989879,1,1.0,-0.014884189852790719,0.0076080923045172,0.015391715496271718,-0.007648419193914869,0.008285307479659729,0.010601342839678363,12.72724456135031,43908.61233821155,-0.00227912310634644,0.006407870305078855,0.013825732305705092,-0.021693973754531217,0.295995311216742,-0.0030235483101192216,-0.030275905349062437,0.0036799625815597072,0.006488492539646668,0.006658938746132164,1.4390087588122196,1.2925680044065022,55.593818602870684,-0.032425403896143894,3,10.9399995803833,0.0,-0.07601356086197986,0.9721419684162573
2023-07-14,44819.30078125,44819.30078125,44923.8515625,44547.80078125,44860.6484375,196300,0.0034534831440233837,1,1.0,-0.002352792849193097,0.0016078989311691938,0.03166632528776092,-0.0009216910073782302,0.004379210430274719,0.008441511694293972,12.187399380264553,43944.32561048757,0.001639481821709879,0.008320701028074882,0.01680358043037528,-0.018315410383195892,0.30047100917876246,-0.00047329720621005,-0.03401911813695402,0.0025204134759509206,0.005711400458828277,0.0065729193644293755,0.8444645200146265,-0.452303451881415,58.15350307142483,0.3281764309418113,4,10.68000030517578,-0.023765931003665752,-0.0737206806141334,0.9507277648892397
2023-07-17,45449.75,45449.75,45556.44921875,44695.05078125,44951.19921875,245900,0.014066467074688171,1,-1.0,0.013127223781731923,0.00645838570286994,0.03440294177735281,0.011090933944250479,0.0029428936909069153,0.019272792455610428,12.412680228204284,44003.361861056685,0.01306244072979204,0.02076853672829874,0.029803443116903573,-0.004506576425622324,0.3187640418109621,0.002627878736324938,-0.02127571799562089,0.006811346545942578,0.005974341247387291,0.005859128014959866,1.0552968693002596,0.16108053901004116,66.62210268557892,2.063014978235383,0,11.31999969482422,0.05992503477160782,-0.012216434804252385,1.0055518331736217
2023-07-18,45410.8515625,45410.8515625,45905.8515625,45281.30078125,45754.80078125,307300,-0.000855855917799353,-1,1.0,0.014879875419182564,0.0024149855167263645,0.040727683559171446,-0.007517226889357324,0.006711825285067575,0.0137926863953655,12.635579748118577,44058.55753562309,0.009199995409403956,0.01786363605539652,0.02793135244766283,-0.010782939062268921,0.3176353698015972,0.0029298325348324247,-0.02584780813998888,0.006519509661950672,0.005657266905386278,0.0055456962009363025,1.2986244638367106,0.8649242369516378,65.73813457574117,-0.5056194724366962,1,11.710000038146973,0.03445232807745313,0.06357854629547344,1.0379825450252584
2023-07-19,45669.30078125,45669.30078125,45707.3984375,45433.0,45622.5,261100,0.005691353715186143,1,1.0,0.023070436139418726,0.011461336891238627,0.04347619255023827,0.0010258267576305552,0.004660745839762626,0.006039628408865802,12.47265875468722,44121.72393741238,0.010319039439731068,0.02147833423419602,0.032626420078041674,-0.005152954867375465,0.32513449875877815,0.004535706894122428,-0.020405756410819542,0.005835860393372452,0.005713291340914077,0.00556845426541126,1.08073428671951,0.24406696592730362,68.70889051909752,0.6187508339680611,2,11.600000381469728,-0.00939365126549141,0.060329143181128364,1.0260946847259207
2023-07-20,46186.8984375,46186.8984375,46256.19921875,45640.94921875,45689.05078125,315200,0.01133360150901419,1,-1.0,0.03407244880798066,0.01868111815838258,0.05307208659101326,0.010896432465484884,0.00043245680713615317,0.013480219200770827,12.660962636965861,44202.71117270994,0.014935610664255479,0.030373131562197488,0.04298281671544568,-0.0014981944565369489,0.3401530451135575,0.006664641806273517,-0.018999637783032597,0.005967394800289286,0.006067939904461519,0.005745209110490082,1.2691510136699482,0.8339989482378091,73.63864662360358,1.4336383607204162,3,11.789999961853027,0.016379273632336266,0.07769656435763284,1.040600175783304
2023-07-21,46075.19921875,46075.19921875,46369.5,45925.8984375,46063.94921875,235600,-0.002418417831220099,-1,-1.0,0.02802137506851521,0.025602653728436175,0.05375313059417541,0.0002442256947309409,-0.0026619933987638202,0.009659072061566569,12.369890730759568,44276.14207647622,0.006923301923799751,0.02519354081841384,0.0392401652068944,-0.006346861218042032,0.336911995092691,0.0054383319945134605,-0.025731755525660205,0.007214260973692003,0.006037884948821118,0.005760860508297479,0.9540585960436534,-0.14161422158460057,71.03767434127398,-0.8348636514431368,4,11.489999771118164,-0.025445308880875706,0.07584264445665223,1.014390378866678
2023-07-24,45923.05078125,45923.05078125,46191.5,45858.75,46131.8984375,225800,-0.003302176443722993,-1,-1.0,0.010413715834520554,0.023677642794411646,0.05272809524670863,-0.0045271853819965615,0.0012305800020703248,0.007255976231362608,12.327404930697698,44340.72673156539,0.001526411209230023,0.019200068155308916,0.03481433666831939,-0.009628079206159221,0.31946112683764155,0.0020544709052821345,-0.042314379412188075,0.006230749473952497,0.00608364614506548,0.005725549803702818,0.902586241355878,-0.31345607743201703,67.5383636430089,-0.9654773005589079,0,11.649999618530272,0.01392513930368322,0.029151937509056314,1.0266578257128094
2023-07-25,45845.0,45845.0,46156.1015625,45622.8515625,46154.69921875,228100,-0.0016995992191761733,-1,1.0,0.009560455762483766,0.024582589572362812,0.05050174501519811,-0.006710025717688721,0.005044273704798814,0.011688221620024915,12.337539408272479,44399.71784013145,-0.002065521795388293,0.014985502949829293,0.03223081692582871,-0.011311314549434435,0.3057347517124507,0.0018907647907279996,-0.04094128925271434,0.006340495830138774,0.006141229221019239,0.005683822729027192,0.8926195507552633,-0.38208866952220855,65.74908521689638,-0.6791338871991376,1,10.239999771118164,-0.12103003378381127,-0.1255337542476581,0.90703749644352
2023-07-26,46062.3515625,46062.3515625,46096.6015625,45804.69921875,45935.1484375,298400,0.0047410091067727755,1,-1.0,0.008606454982366785,0.03187544579184309,0.04398879372868092,0.0027691893751703956,0.001966374468317156,0.006372759754538695,12.606190147311743,44464.91916257728,0.0009529116007692558,0.017611246725448542,0.03611745392905853,-0.0066239324879500535,0.2839124876679438,0.0017146942141999582,-0.035382338746314135,0.006212688612838782,0.005838967409613278,0.005670789410446549,1.1320396820880518,0.5217450897427514,68.27005105325979,0.4388534605397783,2,10.460000038146973,0.021484401557245958,-0.09827588843392066,0.9278396301061621
2023-07-27,45679.30078125,45679.30078125,46310.1015625,45570.6484375,46285.8515625,320400,-0.00831591892850403,-1,-1.0,-0.010990078862664454,0.02270791104587233,0.030488767233669334,-0.01310445332157218,0.0048521187568277445,0.01622652190289014,12.67732549417634,44512.54197115268,-0.005176291756853636,0.007644592212888753,0.02658647074518513,-0.014884767330896387,0.27285237813374796,-0.002203958934060337,-0.04147884609633379,0.004673796261068889,0.006254726813445754,0.0057682125130420255,1.1980929232495092,0.782449818708982,59.90216811817511,-1.5690312197240963,3,10.510000228881836,0.004780132940011006,-0.10856655955154171,0.9338487064095705
2023-07-28,45468.1015625,45468.1015625,45727.75,45238.80078125,45560.8984375,194700,-0.0046235212697627315,-1,1.0,-0.013176235079694343,0.014475923763661802,0.016107098517178287,-0.002036765695639164,-0.0025920349419753085,0.010808182584553688,12.17921519136029,44550.01489630356,-0.0071504610555355435,0.0021890307520321716,0.021052579869994644,-0.019439468562309277,0.2543408463386842,-0.0026580864674671328,-0.02928333359687263,0.0048018116174780995,0.0061059929190109274,0.0058204750664465,0.7275920701059437,-1.0798171612972094,55.838312311127716,-0.8889886987817006,4,10.140000343322754,-0.035204555423539396,-0.11749342512511063,0.9036225435657129
2023-07-31,45651.1015625,45651.1015625,45694.8984375,45359.75,45546.3515625,247900,0.0040247996663869134,1,-1.0,-0.005921845655363911,0.004430201761285835,0.010917199415871659,0.002299854903992893,0.0017209867425944392,0.007388674706099571,12.420780718023282,44593.194765566164,-0.0019691129259764373,0.005676231716483764,0.02438838939316856,-0.015492908862506604,0.2593893169585637,-0.0011962198086329138,-0.01683904507123557,0.005602532369705232,0.005839485656866697,0.00580828265583835,0.9230024573683818,-0.3084547781829953,58.46753244050705,0.5922087317596678,0,10.40999984741211,0.026627169126986372,-0.10643775207905082,0.9323779563797139
2023-08-01,45592.5,45592.5,45782.75,45471.05078125,45740.0,175200,-0.001283683426998361,-1,-1.0,-0.0055076889519031225,0.0040001107940024205,0.006424756520361674,-0.003224748578924355,0.0019473448494619773,0.006854893682785295,12.073683457484428,44632.383206132195,-0.002148602579037883,0.004063372295636006,0.02229005521866499,-0.016756704299162165,0.25777265976424524,-0.0011062164607542157,-0.011932445472264797,0.005596087514475639,0.005818942611647985,0.00580302157875151,0.6892482001652307,-1.507261916478635,57.291247983085725,-0.2777924620371019,1,10.279999732971191,-0.012488003491492372,0.003906246362021193,0.9266269850237974
2023-08-02,44995.69921875,44995.69921875,45404.8984375,44720.8984375,45234.6484375,233600,-0.013089889373252173,-1,-1.0,-0.023156706237689728,-0.014749548405097457,-0.0034572610571231843,-0.005282437843639978,-0.007848912924274826,0.015294862668198156,12.36136552993621,44646.63089290152,-0.010590799717634042,-0.008909349811686975,0.00843750662616396,-0.029627250266878014,0.2413085547912301,-0.004679069337062145,-0.019699445180566544,0.00657315796406427,0.0065190390460882815,0.006126844804675341,0.9436286885742562,-0.307399459425515,46.93506163719654,-1.9832875991879126,2,11.279999732971191,0.09727626711824566,0.07839385199175242,1.0195227580619959
2023-08-03,44513.44921875,44513.44921875,45038.44921875,44279.3984375,44862.8515625,245800,-0.010717690987654294,-1,1.0,-0.025522535208738262,-0.03623211939668358,-0.018227857741879183,-0.007788233061004502,-0.0029524523133677965,0.01714230111597821,12.412273476114072,44641.40808215048,-0.016150613188460124,-0.018638334781750795,-0.002744133172279678,-0.040027405541358,0.20214022222747344,-0.005182057764374844,-0.007294677466859079,0.006987544627399107,0.006844006689700054,0.006258734790515311,0.9927302100161551,-0.03965226499308599,40.555524970111435,-1.4346299209757114,3,11.1899995803833,-0.007978737120429402,0.06470022233042427,1.0143679165405162
2023-08-04,44879.5,44879.5,45118.05078125,44520.55078125,44754.75,245200,0.008223374905214298,1,-1.0,-0.012945373619589473,-0.025951037413277644,-0.0010127991096271494,0.002787413626486574,0.005420851124436321,0.013420768375840476,12.409829483044193,44650.745020105365,-0.005472400332842426,-0.0105186018793008,0.004917203256402313,-0.03213319099839334,0.20575269393848886,-0.002644601004103164,-0.011932574509962324,0.00922805389075064,0.00684181685971725,0.0063551687808937945,0.9854711331712316,-0.08039486636151073,46.49982514119733,1.2054811482658274,4,10.56999969482422,-0.055406604897999756,0.04240624624678868,0.962352600075589
2023-08-07,44837.5,44837.5,45011.3515625,44773.8515625,44993.69921875,200800,-0.0009358393030225454,-1,1.0,-0.017822167147185097,-0.023638472679459288,-0.0005205331973573424,-0.0034715798314468855,0.002544574220969485,0.005304435328027851,12.210064666799711,44658.06874480712,-0.0028073669239030005,-0.01141914922034708,0.0036084420474243035,-0.033038958798348055,0.2037074323145277,-0.0036257158056572417,-0.017301633949827755,0.008582674562162414,0.006837479091562744,0.006274030950168464,0.8102982123400992,-1.0255580810988263,45.93228069030309,-0.13624388062997242,0,11.100000381469728,0.050141977478488586,0.066282473023201,1.0122657842112748
2023-08-08,44964.44921875,44964.44921875,45096.8515625,44817.8515625,44888.94921875,229400,0.0028313179537218236,1,-1.0,-0.013775309124307689,-0.0192071279583379,0.004903300670561217,0.0016819284325876767,0.0011474595762475607,0.006225198001981981,12.343222483677406,44670.0836653539,0.002817461767368629,-0.008859885336886312,0.006156054325470415,-0.030301184641844316,0.20711551077866816,-0.002801453164204168,-0.018678609794868906,0.009044177133183602,0.006837981370063002,0.0062188832341986,0.921914560141462,-0.4303316611136698,47.99828697274731,0.37489754455827473,1,11.329999923706056,0.020720678768650025,0.10214009902813359,1.031735192477927
2023-08-09,44880.69921875,44880.69921875,44975.0,44533.75,44973.44921875,177300,-0.0018625825836887655,-1,-1.0,-0.0025557998207988986,-0.025653322152836,0.005404412559343763,-0.0020623279203884444,0.00020015812839640067,0.009908215679119769,12.0855984920623,44678.34309882042,0.0014633384488525604,-0.010968939785995483,0.004082333070071898,-0.03210732876675401,0.2048671584517913,-0.0005115152170130239,-0.007960212380142662,0.006968150020366503,0.006828878637566893,0.006215443010128658,0.7206145342220777,-1.4374878708890757,46.729683507195396,-0.3153486240873519,2,11.140000343322754,-0.016769601205888884,-0.01241129370235905,1.0135104758692566
2023-08-10,44541.80078125,44541.80078125,44980.3515625,44418.3984375,44797.6484375,232000,-0.007551095312668732,-1,-1.0,0.0006369212675627622,-0.024901869786651987,-0.002759428184770818,-0.005711184965589189,-0.0018504787736306819,0.01265135945391435,12.354492650648448,44672.98849813139,-0.0062245458741932574,-0.018303890961532433,-0.00368399316381561,-0.03941597857966982,0.19576909169921744,0.00012634189303426972,0.00339634945233358,0.005847852164530373,0.007049571477912254,0.006230610517174973,0.9634551495016611,-0.2054508708947871,41.90333998448234,-1.054566411597137,3,11.399999618530272,0.023339251992335885,0.01876676014493439,1.0349992891059048
2023-08-11,44199.1015625,44199.1015625,44571.25,44120.8984375,44568.1484375,196900,-0.0076938788450210405,-1,-1.0,-0.01516056189351489,-0.02790967637510977,-0.01383777095892269,-0.00828050722182304,0.0005915265163929143,0.010207216499409028,12.190451264627217,44654.40469673408,-0.010867444189566514,-0.025190702689677425,-0.011530346066510891,-0.04680659566094092,0.18222559076434353,-0.0030551007169264993,-0.0013227909345921995,0.00454911578958197,0.007191643758334037,0.006231535726859742,0.8175891707843708,-1.0264015350330535,37.666790895157234,-0.9760851660097745,4,11.520000457763672,0.01052638975867537,0.08987708518143434,1.041921087277567
2023-08-14,44090.94921875,44090.94921875,44212.75,43776.8984375,44066.6015625,172300,-0.0024469353431780805,-1,-1.0,-0.016650142877056018,-0.0341755683948618,-0.02989677129687185,0.0005525194906502497,-0.0029977984917326336,0.009956200143376136,12.056992422516021,44632.3084034798,-0.00997971908302163,-0.026116717023835508,-0.014016585161738005,-0.04913899829090242,0.17933276118269262,-0.0033781264996725906,0.013246628419815831,0.004421416698643941,0.006312908067663838,0.006225239707172842,0.7265443811933375,-1.4276350811259944,36.415502507890395,-0.15054061692033072,0,12.0,0.04166662527455389,0.08108104392795568,1.0820071258187374
2023-08-16,43946.3984375,43946.3984375,44002.80078125,43600.3515625,43726.25,0,-0.0032784683435331807,-1,-1.0,-0.022641237665277036,-0.03610465674178864,-0.03224896857493276,0.005034697407163889,-0.008271521144636845,0.009230412240440291,,44605.40997344138,-0.008693341902240623,-0.027737076976802978,-0.017180858004824214,-0.052256365984105935,0.17546635605866362,-0.004617958103823668,0.00960773090965572,0.00284925415445785,0.006322852158539843,0.006220207438504195,0.0,-3.3003476723716836,34.75373789817874,-0.2627618204704924,2,12.130000114440918,0.010833342870076423,0.07060901995780244,1.0916618043852833
2023-08-17,43891.3515625,43891.3515625,44071.8515625,43745.1015625,43897.25,266400,-0.0012525912693002184,-1,-1.0,-0.02204394480192673,-0.02454340471255112,-0.03893094898181482,-0.00013436918030172734,-0.001118372363776255,0.0074694077354732396,12.492754217648372,44577.407682816236,-0.005496197670237241,-0.027041355820538432,-0.018291967119671883,-0.05344350138560908,0.17399397716370843,-0.004502519848842813,0.016887004179888088,0.0030037565208662557,0.006086400142954422,0.006218596535317187,1.1997297905877056,0.6582666050247918,34.11528464110668,0.11732127216751286,3,12.239999771118164,0.009068397002427897,0.09874321309646494,1.0983981540610182
2023-08-18,43851.05078125,43851.05078125,43957.6484375,43672.44921875,43724.75,167600,-0.0009181941274378769,-1,1.0,-0.015507904662237504,-0.014880860708969323,-0.050573814983720156,0.0028885421014414035,-0.003795771981702688,0.006530415029426715,12.02933546703012,44548.92309844109,-0.003289396462934066,-0.025411523397406807,-0.019007190799653056,-0.054312624003924996,0.17291602278822923,-0.0031475449053620483,0.03506591032148265,0.0027385873663948197,0.005240771636448257,0.00620790047995011,0.7807332184282852,-0.7279302781081164,33.62820856679427,0.31764712087835756,4,12.140000343322754,-0.008169888044554652,0.06491234645215593,1.0877161885732933
2023-08-21,44002.0,44002.0,44113.80078125,43862.0,43952.8515625,126300,0.0034423170268600423,1,-1.0,-0.004459402013438862,-0.019552356866720855,-0.044995990335432445,0.0011182081651769963,0.002321512926972513,0.005740750108294196,11.746415308338582,44527.47513379634,0.0010385302692330336,-0.019798453390752636,-0.01563327542338044,-0.051057268247447135,0.1769535715845501,-0.0008989593589591708,0.04053658832199358,0.002598774033647851,0.005411871104478224,0.00616402169318857,0.6037140603714061,-1.2307172123396903,37.242439819063016,1.0611276701166674,0,11.960000038146973,-0.014827042840635962,0.03819440650167438,1.0693370343406103
2023-08-22,43993.25,43993.25,44151.30078125,43938.69921875,44125.0,160700,-0.00019885459751833867,-1,1.0,-0.00221585655290113,-0.018829105101756394,-0.04202248649468909,-0.0029858356940509916,0.002795327485114313,0.004838594821425127,11.987294551725604,44506.52512854942,0.001284568532610463,-0.017882367456062188,-0.015830892700374532,-0.0512459698724377,0.17671952895577492,-0.00044406717308297555,0.03980662994178796,0.0024526902668724846,0.00542609266318243,0.0061640542237547365,0.7802864773003156,-0.6645810868274832,37.11626909985382,0.35690473713538456,1,11.75,-0.017558531561636115,-0.02083333333333337,1.0500916039146424
2023-08-23,44479.05078125,44479.05078125,44521.6484375,43952.05078125,44064.5,212400,0.011042620885022059,1,1.0,0.012120500488965735,-0.010795160308504137,-0.02979494424146578,0.009407817659340286,0.0016195666380637939,0.012959523984100215,12.266226568349921,44505.44770316513,0.009892759042956972,-0.005520940864300008,-0.0052011440563781396,-0.04076923880460216,0.18971359660203538,0.0024215184999970595,0.04191544473043152,0.005143942532359627,0.006170928839617273,0.006354211044124338,1.0352642994662833,0.10653890874514912,47.70847878099053,2.0340635867708716,2,11.729999542236328,-0.001702166618184786,-0.03297613919462239,1.0413706992311902
2023-08-24,44496.19921875,44496.19921875,44949.8984375,44433.75,44704.19921875,220400,0.00038553964616583336,1,-1.0,0.013780565754251572,-0.008567157078501308,-0.03400070319086845,-0.004652806752721339,0.005061898434103063,0.011616134976228655,12.303199356260896,44505.0850175018,0.0075148702951727325,-0.0033926390445078018,-0.005002914895182762,-0.040399417316339406,0.19017227836110814,0.0027196967814115017,0.047781268945120026,0.004898555463409629,0.006014106480592645,0.006341042591172344,1.0950736591061536,0.2970189704356029,48.04118318615839,0.3490669803276559,3,11.699999809265137,-0.002557522092236364,-0.04411764476721858,1.0330213521878377
2023-08-25,44231.44921875,44231.44921875,44359.1015625,43983.75,44276.19921875,152500,-0.005949946392015404,-1,1.0,0.008674784998827345,-0.0069676474021374,-0.03169600974046216,-0.0010107010265020524,-0.004944242516500049,0.008533869042544122,11.934919875029603,44494.35420186447,-0.0002020919126522115,-0.007713487358293227,-0.011030770494131112,-0.046108989341053924,0.1830908171075967,0.001709801934452475,0.040370794739289506,0.006190643441498292,0.005898523429457345,0.006393001811477144,0.7906880282055271,-0.6868713560239846,43.445326881430994,-0.7396177918891558,4,12.079999923706056,0.03247864278937862,-0.004942373799000643,1.0592310023352918
2023-08-28,44494.6484375,44494.6484375,44610.3984375,44201.44921875,44253.6484375,163000,0.005950499551762967,1,1.0,0.011196046486523281,0.006686716800839987,-0.021409583676193278,0.005445878667842888,0.0005018876645938521,0.009251941417715464,12.0015054797889,44494.36574051685,0.0035122395380031996,-0.0007177502672098754,-0.0056132775742830845,-0.04043286130969711,0.19013079848449038,0.0022275934711682736,0.03260563016271656,0.006457837589270049,0.0060837760980867,0.0061808584651719045,0.8521316360404632,-0.47820687096481196,48.69953596030588,1.1543558126262847,0,12.399999618530272,0.026490041129573205,0.03678926245651337,1.076622504942049
2023-08-29,44495.25,44495.25,44673.0,44429.80078125,44655.75,140300,1.3519884326074205e-05,1,-1.0,0.011410841435902208,0.009169700095231104,-0.0253192480123956,-0.0035941620060126636,0.0036206952556618907,0.005473785938122718,11.851538266090552,44494.40041735933,0.0012585806745007975,0.0005944650502354655,-0.0058473847424534205,-0.040419888072979006,0.1901468889152187,0.0022564511357142116,0.03673008944829781,0.006438562926307162,0.005972019761473864,0.0059796841168149595,0.7546865334445012,-0.7779954690431026,48.7112644391667,0.21426110200515008,1,12.229999542236328,-0.01370968399385264,0.040851024871176866,1.0535383243908034
2023-08-30,44232.6015625,44232.6015625,44779.6484375,44149.80078125,44706.55078125,153100,-0.005902842157308963,-1,-1.0,-0.0055407931244317865,0.006512550178759957,-0.02982723995174641,-0.010601337174702708,0.004748839061472854,0.014266149452649179,11.938846581645775,44484.13379560014,-0.0035464748752878058,-0.0037886318241642453,-0.011980106344973825,-0.04608413801097704,0.18312163968593986,-0.0011077551817329798,0.024286446827314623,0.004995932867568028,0.006061407283956991,0.005956052278450276,0.8284632034632035,-0.5369440222732437,43.98317462280188,-0.7279576055574133,2,11.800000190734863,-0.03515939228096132,0.005967659951433335,1.0098849124975957
2023-08-31,43989.1484375,43989.1484375,44399.6484375,43895.05078125,44265.8515625,705100,-0.00550392959943824,-1,1.0,-0.01139537286673098,0.002228158202436381,-0.02236993309864077,-0.0062509387085735,0.0007517079897056982,0.011495547841250967,13.466094915707131,44464.72260508641,-0.0067618069138211025,-0.008147461863411856,-0.017515821648721456,-0.05133442375915203,0.17660982147353657,-0.002292656381667015,0.010974560231909791,0.005245329147784976,0.0055020244353577216,0.0059977673996244344,3.3838032393521296,3.807121480014578,40.098051393090884,-0.797443298302423,3,12.0600004196167,0.02203391734569493,0.03076928343763563,1.0287030711762202
2023-09-01,44436.1015625,44436.1015625,44568.55078125,43830.75,43996.1015625,320800,0.010160531423676789,1,1.0,0.004626851422793621,0.013341773362935294,-0.001737624417058603,0.010000886087030793,0.00015806455107625087,0.016832949042624185,12.678573154974497,44463.600211259494,0.0024036238242886986,0.0020176634073055164,-0.007788951826766767,-0.04169547736119648,0.18856480253802513,0.0009304674039816564,0.006364475839852224,0.007047083608386362,0.005556878032725093,0.006156973234914138,1.5123158515026518,0.8191731194805362,49.004095345797325,1.8387956428063403,4,11.369999885559082,-0.057213972640935196,-0.0587748379661539,0.9691029110627106
2023-09-04,44578.30078125,44578.30078125,44656.05078125,44310.94921875,44647.6484375,238600,0.00320008312497877,1,-1.0,0.0018800540444208202,0.013097149703422462,-0.006711287308236447,-0.001553220800577578,0.004760698341245268,0.007788178059475459,12.382543788645952,44468.09827282775,0.005232012923011603,0.0055656898638721366,-0.004993023321432867,-0.03862882322970918,0.1923683087055708,0.0003765062226817616,0.008591341352657267,0.006656026353434032,0.005270168414464843,0.006151564662596208,1.1265610614037158,0.20217089973643135,51.4759386841711,0.6677470622084293,0,10.960000038146973,-0.03605979345108401,-0.1161290019905643,0.9326072191904169
2023-09-05,44532.1484375,44532.1484375,44668.69921875,44401.69921875,44625.05078125,225500,-0.0010353096224208214,-1,-1.0,0.0008292668880385268,0.012249570956908151,-0.006810182603847248,-0.002081842869051357,0.001048716509617689,0.006013283380993918,12.326075437924871,44470.61004399137,0.0040242063590968085,0.004870690669787112,-0.006426452215057407,-0.03962414005973754,0.19113383832209824,0.0001655443875308286,0.007639449491885775,0.0066867726221338155,0.005270811603874221,0.006142576883797456,1.0585363563817303,0.09404714169138417,50.6183581202837,-0.13394892493323063,1,10.81999969482422,-0.012773753908346008,-0.11529026166703193,0.9217924457513743
2023-09-06,44409.1015625,44409.1015625,44577.0,44207.25,44494.6484375,252000,-0.002763102147939067,-1,1.0,0.003990269479189568,-0.0015726329029369657,-0.012350816387147523,-0.0019226329009018816,-0.0008420882736576368,0.008364012690226151,12.437184366493561,44468.19794667799,0.0004537480981554636,0.002722408807930964,-0.009511263076665522,-0.042277756661167364,0.1878426138549475,0.0007926857616031207,0.01634108586633709,0.006091446621163471,0.005242148069824154,0.006159011870064374,1.1766903249906613,0.2848625144774645,48.307634835403924,-0.4105271572650341,2,10.68000030517578,-0.012938945803797952,-0.09491524300469811,0.912391638190425
2023-09-07,44878.3515625,44878.3515625,44915.55078125,44341.19921875,44418.05078125,169100,0.010566527659641833,1,1.0,0.020214147274603134,0.00858842666249493,-5.230881628104367e-05,0.010362921676074647,0.00020151767171882874,0.012953000203411983,12.038245534886672,44484.28240220042,0.006990647203491318,0.013320388591166146,0.0006169429700691234,-0.03215795808667335,0.20039398568954706,0.004004598578733003,0.020266456090884177,0.006154601032881661,0.005789518013059926,0.0061439253986264085,0.7911111111111111,-0.33579417927605404,56.46890658058123,1.8195765704799205,3,10.869999885559082,0.017790222373984754,-0.09867334101597314,0.9296955117000859
2023-09-08,45156.3984375,45156.3984375,45383.3515625,44812.1484375,44953.6484375,179100,0.006195567914583089,1,1.0,0.016209722493025103,0.020911573893398705,0.013798222017748163,0.004510201219415763,0.0016777994818980267,0.012746613249232255,12.095699588048802,44510.6398937808,0.009964878324706586,0.018891517540058456,0.006444460352096167,-0.02616162698541067,0.2078311081521436,0.0032099970249435806,0.0024115004752769398,0.005381837605370343,0.005657589918545561,0.006169306602321159,0.8483929797967836,-0.24043610921779304,60.45311573092337,0.9692463236069205,4,10.779999732971191,-0.008279682937941568,-0.05189095501550911,0.9244489979169564
2023-09-11,45570.69921875,45570.69921875,45636.19921875,45231.30078125,45340.80078125,228100,0.009174796830252685,1,-1.0,0.02226191712353054,0.02418382477527592,0.031032251963549085,0.005070453841544656,0.004083637095310586,0.008951731002789223,12.337539408272479,44552.210847701164,0.014726544128705131,0.026650990233922395,0.015305751397354735,-0.017226857767498032,0.2189127131746984,0.004395383475383104,-0.008770334840018545,0.005996152501174597,0.005594204698655424,0.006160834891813661,1.0725789387064162,0.11594812830593812,65.51747014354945,1.3604073479660803,0,11.350000381469728,0.05287575720017501,0.03558397280705616,0.9740399415255441
2023-09-12,45511.3515625,45511.3515625,45893.80078125,45322.55078125,45893.80078125,271400,-0.0013023205100523016,-1,1.0,0.021988679175771075,0.022836180547361806,0.03221528156953268,-0.00833335248420415,0.007090116413378628,0.012604100831772401,12.511349026382906,44589.824209065824,0.009004976579827864,0.023676085362182867,0.013823915177469346,-0.018506743387355914,0.21732529814836757,0.004297511961796249,-0.010226602393761608,0.00605765429797575,0.005557039865943259,0.0060330351863520934,1.2471280213215696,0.4032015593626569,64.24822515784805,-0.5211146248407452,1,11.6899995803833,0.02995587554945489,0.08040664603486514,1.0045544074744694
2023-09-13,45909.44921875,45909.44921875,45990.5,45299.3984375,45449.3515625,441700,0.008747216740054409,1,1.0,0.033784688351293335,0.0379097678412752,0.04466920728536672,0.010123305183293834,-0.0013622974899977736,0.01525630772897612,12.998386197584617,44641.5742094456,0.011104425562022013,0.03035566320330881,0.022415101258895977,-0.009921409142863305,0.22797350637442265,0.006593289826559475,-0.010884518934073384,0.004711433103569826,0.0056502493046872385,0.0061394391084682864,1.8426816295029307,1.530105773427375,68.63729579627466,1.1551179449466906,2,11.829999923706056,0.011976077703004018,0.10767786382674172,1.0178970911718725
2023-09-14,46000.8515625,46000.8515625,46153.8984375,45801.5,46013.30078125,238600,0.0019909266023752092,1,1.0,0.025012059510179263,0.045731804239362406,0.0480618601365268,-0.00027055695937103783,0.002262095587450126,0.007694037040271607,12.382543788645952,44694.87920368303,0.008132886165275945,0.02996888525621281,0.024063383062766123,-0.007950235337883738,0.23041831149527536,0.004890060844125992,-0.02304980062634754,0.004500065730896783,0.005592623453943892,0.0061221640422271465,1.0011958961878187,0.002161315265623429,69.56125769488199,-0.06666748251701524,3,11.31999969482422,-0.04311075504403428,0.04139832695517942,0.977885259649327
2023-09-15,46231.5,46231.5,46310.3984375,46028.75,46122.1484375,278400,0.0050140036470112115,1,-1.0,0.023808399245746514,0.04040404928354824,0.05428488431496925,0.0023709121583566735,0.0026368397731767533,0.006118967764712272,12.536814207442402,44755.138842754284,0.008435633658187563,0.03238191888171326,0.028789638126296962,-0.0029760941998511954,0.23658763339646216,0.004674268088447348,-0.030476485069222736,0.004449810918323011,0.005567288753737365,0.006133967762330677,1.1416620532693609,0.26357771259683666,71.8175587141379,0.4214783262797784,4,10.899999618530272,-0.03710248123822679,0.011131715077139948,0.9466735905377417
2023-09-18,45979.8515625,45979.8515625,46252.94921875,45906.8984375,46100.94921875,348800,-0.0054432245871322005,-1,-1.0,0.008978408292266371,0.031440201997100514,0.04494912873278478,-0.002626793120362642,-0.0028238491342482937,0.0075380997851800255,12.762253971016962,44803.16679254824,0.0011594757797040633,0.02449998707499021,0.022709571291405137,-0.008403119237861094,0.22985660918621498,0.0017700154386080015,-0.03597072044051841,0.005484768600302136,0.00584872630794133,0.006036866664012876,1.3679504274845087,0.7217077571908467,66.06367026134328,-1.3065744632411591,0,10.84000015258789,-0.005504538352494981,-0.044933939360431774,0.9460639073162395
2023-09-20,45384.6015625,45384.6015625,45745.1484375,45276.3984375,45493.69921875,334000,-0.0129458878132932,-1,-1.0,-0.002785019465438965,0.01914242081080819,0.031626478209725306,-0.0023980827702187813,-0.010573160356752728,0.01035307613186299,12.718896271958837,44825.96815607576,-0.011255667546232551,0.009671863235995138,0.009234545543833027,-0.02124022121221924,0.21393502349725302,-0.0005513284436237858,-0.03441149767516427,0.008701256154320783,0.006758550700109717,0.006327091943520174,1.2668550513000436,0.5447323991941762,54.86607978821356,-2.147771433238353,2,11.130000114440918,0.026752763631999965,-0.047904147651305684,0.9740089445337731
2023-09-21,44623.8515625,44623.8515625,45276.80078125,44592.44921875,45179.6015625,257700,-0.01676229324063483,-1,-1.0,-0.028002898708811896,0.004835720436671576,0.003255482720666336,-0.012300905293093243,-0.004516950528202624,0.015346803651508055,12.459551396640457,44818.04201515122,-0.022352921603694637,-0.007412427948063239,-0.007629048029071379,-0.03764647963639892,0.1935866886583151,-0.005665347329223863,-0.03125838142947823,0.009393761491191456,0.007542789657236339,0.0067660575934207065,0.9691248918807115,-0.06383877841883469,44.48770936491771,-2.251267341778698,3,10.81999969482422,-0.02785268790918327,-0.0853761821974236,0.9506655344240214
2023-09-22,44612.05078125,44612.05078125,44996.75,44548.8984375,44707.3515625,249400,-0.00026445008301156925,-1,1.0,-0.03019076243323615,-0.005933836069694665,0.0026036282768884256,-0.0021316579470553377,0.001871196615178997,0.010053033368003804,12.426813312228074,44809.96392754725,-0.016627301111239216,-0.007802759266211318,-0.007879390583153833,-0.03790097410474558,0.19327104455941788,-0.006224477415647744,-0.03279439071012458,0.00897870066819061,0.0075431786335351785,0.006757948706606488,0.9328246558946739,-0.1400629838488492,44.34757373068183,-0.05596886450687547,4,10.65999984741211,-0.014787416998601866,-0.05830387501811318,0.9409064768935432
2023-09-25,44766.1015625,44766.1015625,44936.55078125,44400.8984375,44615.0,266500,0.0034531203688745737,1,-1.0,-0.03169696932827182,-0.008643224183173093,0.012087606289041819,0.003386788355934103,6.610811873368366e-05,0.012063997860403654,12.493129522588037,44808.243834800305,-0.006815340840793416,-0.004968177467193712,-0.004498221584540306,-0.03457873036155231,0.19739155310897422,-0.006569518378275942,-0.04378457561731364,0.008511667131745703,0.007435620398218275,0.006775229983276211,0.975975975975976,-0.0523313276868908,46.70757298735004,0.3807626383054652,0,10.899999618530272,0.02251405014573482,0.0,0.9671265443539538
2023-09-26,44624.19921875,44624.19921875,44773.80078125,44532.44921875,44722.5,188500,-0.0031698615424862187,-1,-1.0,-0.02948361722976145,-0.02076992489091678,0.0029116036602014894,-0.0021980162390295714,-0.0009739861408107174,0.005419678610409351,12.146853285870202,44801.02639887677,-0.0039721681951515155,-0.0082650791110959,-0.00756770827924511,-0.037638982116477426,0.19359598767347627,-0.006056602189749845,-0.03239522088996294,0.008637959566591538,0.007370485848583651,0.006772090536524023,0.6871161171560318,-0.6905357771862222,44.8220583562316,-0.45410098222775575,1,11.1899995803833,0.026605502018552496,0.03228776963733271,0.9982158505887878
2023-09-27,44588.30078125,44588.30078125,44668.0,44182.5,44465.8984375,221900,-0.0008044612145088337,-1,-1.0,-0.01754561577792857,-0.020281770361892937,0.002091252015664624,0.0027527239536618213,-0.003547420099887997,0.0109885135517456,12.309982108920686,44792.684217793365,-0.001223038804479536,-0.009165342433760758,-0.007985972750855563,-0.038413164229719965,0.19263578599559958,-0.003568919085120105,-0.019636867793593193,0.007838537321308675,0.007373526964016963,0.006461481434733807,0.797011655262827,-0.4671996324918121,44.334468376959016,-0.12698868049596268,2,11.59000015258789,0.0357462544418512,0.04132974244538712,1.0368581347035462
2023-09-28,44300.94921875,44300.94921875,44756.80078125,44248.19921875,44700.3515625,389900,-0.006444550643670999,-1,1.0,-0.007236093085728923,-0.035036360212813644,0.0015451873467904331,-0.008935105201388762,0.0025130085535154303,0.011494288388678248,12.87364557497069,44773.40049234068,-0.006222107333914591,-0.015625580526233116,-0.013892049365978416,-0.04461015929112887,0.18494978427329659,-0.001448372501720351,-0.008781280432519356,0.0036719742546740238,0.007397934462536576,0.006518313334339075,1.3433015796454841,0.8329034697256265,40.53345579218216,-0.8866304106892766,3,12.81999969482422,0.10612592977073332,0.18484288876243737,1.1416866869765014
2023-09-29,44584.55078125,44584.55078125,44755.05078125,44344.8984375,44445.3515625,156000,0.0064017039702608525,1,-1.0,-0.0006164253720333246,-0.030788577453304655,0.013535209589154773,0.0031319184989290747,0.0032595767426329306,0.009249143829432184,11.957611286231675,44765.99462131751,0.0002631753761094249,-0.009978802877604238,-0.007099791351024537,-0.038494036354715926,0.1925354820118388,-0.00012415083868388472,-0.014151634961188098,0.005124867506665022,0.007402705727875741,0.0065327023719740996,0.593607305936073,-1.4519928056466005,45.499787650531715,0.7718544594903637,4,11.449999809265137,-0.10686426818810224,0.07410881549353987,1.0224583597694055
2023-10-03,44399.05078125,44399.05078125,44566.30078125,44243.1015625,44561.5,192600,-0.004160634048106404,-1,-1.0,-0.0081993018922486,-0.0396363781999286,-0.0008337990945918028,-0.003645506070262446,-0.0005170127509660586,0.0073050759855394125,12.168370778346162,44751.60466680506,-0.002255296747700922,-0.01405736053676835,-0.010442892375538738,-0.0424945108045159,0.1875737782818053,-0.0016465379815124791,-0.007365502797656798,0.00492637038719775,0.00712811285189837,0.006327610871095636,0.7511993447482351,-0.8641386310594044,42.971846116709884,-0.5824944869746398,1,11.789999961853027,0.02969433696520829,0.0816514105018622,1.0508489767047695
2023-10-04,43964.05078125,43964.05078125,44161.3515625,43857.5,44108.1484375,310300,-0.009797506756241359,-1,1.0,-0.014793507761650115,-0.04384095887108164,-0.013779125476634513,-0.0032669169156846903,-0.0065519946627518874,0.0069281551046001255,12.645294850436471,44720.72020070487,-0.00909068065859974,-0.023050847448799674,-0.019215110308508927,-0.05187567730404684,0.17593851616555423,-0.0029737051846107374,-0.0010143822850156026,0.00618602214762731,0.00740743309115911,0.0064525661878219,1.193576305413982,0.6741808114549701,37.68436442162745,-1.2352193386882409,2,11.65999984741211,-0.01102630321132636,0.042001812748299505,1.0360300313397408
2023-10-05,44213.3515625,44213.3515625,44391.8515625,44108.30078125,44181.3515625,243400,0.005670559851057355,1,1.0,-0.008409138993421106,-0.02580721124954788,-0.007158802936432007,0.0007242874848392095,0.004942692435945313,0.006428512915431433,12.402461459535564,44700.823391363505,-0.0017844840024369311,-0.01716287007071582,-0.012900525248307582,-0.04649928158595629,0.1826067459026345,-0.0017057082415613868,-0.0012503360569890987,0.007323883182786457,0.007541034831331981,0.006509625266440329,0.9330317782803695,-0.23507209278180083,42.082736493895005,0.7977348551042727,3,10.9399995803833,-0.061749594892885895,-0.05608287865806916,0.9715376508600697
2023-10-06,44360.6015625,44360.6015625,44500.69921875,44242.94921875,44395.3984375,157500,0.003330441932045014,1,-1.0,0.0013465251829130054,-0.00589931148438172,-0.0010921184688175156,-0.0007837946324321689,0.004117463810511142,0.005825787036158215,11.967180737247824,44687.481358859055,0.001270315566531554,-0.013836427610255126,-0.008956175649824219,-0.04332370281111506,0.186545348998308,0.00026983859690284226,0.002438643651730521,0.0070304877481301145,0.007561666620359389,0.00653353914213385,0.6148860996701088,-1.2674056255182298,44.57128490983668,0.4450882361850144,4,10.300000190734863,-0.058500860529833276,-0.19656782871116207,0.9162478606325116
2023-10-09,43886.5,43886.5,44113.19921875,43796.75,44057.80078125,162300,-0.01068744664862209,-1,1.0,-0.015656786241380338,-0.016263560373130037,-0.022100891141660917,-0.0038880919658364275,-0.006825894387914952,0.007225404139576567,11.997201753502683,44656.070325178305,-0.006299394507386501,-0.023299211300401863,-0.018593782554557323,-0.053548129697322595,0.15602589346275675,-0.003147165532759948,0.006444104900280578,0.007466604586860442,0.007491942429897244,0.006638769430845638,0.6344676609135865,-1.1950095868150852,38.79192016376469,-1.284733407285844,0,11.399999618530272,0.10679605897336675,-0.004366828957883984,1.0117145705204502
2023-10-10,44360.1484375,44360.1484375,44487.25,44004.55078125,44027.55078125,175300,0.010792577159263184,1,1.0,-0.0008761976453430798,-0.009068315328580323,-0.017633160029404737,0.007554307481297444,0.003213990207694849,0.010969302269429698,12.074254070909326,44644.465545269355,0.004602176070499758,-0.011882587751373163,-0.007416268237835643,-0.04333347485955208,0.15407167497534327,-0.00017728615291725042,0.016756962384061658,0.009624247696491096,0.007788958090962647,0.0067533011038426564,0.6857969993936193,-1.0238168008119792,46.28544783233114,1.4995691786659773,1,11.270000457763672,-0.011403435536549544,-0.04410513195689847,0.9980075786136212
2023-10-11,44516.8984375,44516.8984375,44710.55078125,44411.3984375,44554.8984375,213700,0.0035335769946949203,1,1.0,0.012574993578293725,-0.0024045424484595568,-0.02312452517332486,-0.0008528804089477395,0.004390201720681517,0.006735936139705126,12.27232844130724,44639.46291359213,0.005633894787372226,-0.007225814672881999,-0.003484706252011679,-0.0399530200347211,0.15814967609626512,0.0024925419581448604,0.035699518751618586,0.007983222718832504,0.0075050048110495635,0.0067520927572789335,0.8383844328056651,-0.5229260740815119,48.53117967975351,0.6247543591123756,2,10.989999771118164,-0.024844780414593592,-0.057461413813195694,0.9747660580704137
2023-10-12,44599.19921875,44599.19921875,44693.05078125,44530.05078125,44571.55078125,112100,0.0018487537123805797,1,-1.0,0.008726948820076741,0.00024442370103905375,-0.020042304006229195,0.000620315807176961,0.0012276763581526187,0.003660449452454553,11.62714660906025,44637.88394516695,0.0057398034575639285,-0.00437777396539354,-0.0011720080308906511,-0.038178129616450465,0.16029080960944053,0.0017334884944499107,0.028769252826305935,0.007786173349585335,0.007535055828932773,0.006729914314284708,0.4539748106750901,-1.589206000968747,49.71980234300732,0.37710726386363463,3,10.619999885559082,-0.033666960260676726,-0.029250430264916583,0.9464397128008188
2023-10-13,44287.94921875,44287.94921875,44563.05078125,44203.69921875,44322.05078125,169900,-0.006978824854531163,-1,-1.0,-0.0016377673248555435,-0.0002934474368891937,-0.03531952631960045,-0.0007694039851248562,-0.006214202101267408,0.008129445472915825,12.042965307660024,44624.161014719226,-0.000951719183432204,-0.00953340202156271,-0.007562747534104303,-0.04489051599111485,0.1521933432688541,-0.000325801113126133,0.033681758994744904,0.008588535461548951,0.007283019670169387,0.006792410238736468,0.7281220536556099,-0.8698328086937315,45.44536033485715,-0.7172431076991472,4,10.619999885559082,0.0,0.031067930961017565,0.9515702719293333
2023-10-16,44225.8984375,44225.8984375,44356.94921875,44044.3984375,44204.75,140400,-0.001401075966365406,-1,1.0,0.007733549895753811,-0.008044318883231427,-0.038585223201540564,0.0004784200227351133,-0.0018785972305707102,0.00709626632075624,11.852250770573848,44608.54287443612,-0.003876756606397057,-0.008954118442851603,-0.008611193073785219,-0.046228696934407315,0.15057903286699392,0.001532689788021759,0.046318773097294375,0.0065236269802496135,0.007229495682737831,0.006546467093716035,0.6146303024996717,-1.161198746172186,44.62175479656902,0.07487934227046557,0,11.06999969482422,0.04237286385257333,-0.02894736269724507,0.9930032144761811
2023-10-17,44409.5,44409.5,44589.8515625,44336.94921875,44589.80078125,120500,0.004151449014867747,1,-1.0,0.0011125202290414027,0.00023534779609324374,-0.039410358738089846,-0.0040435430993407,0.008228263452109775,0.005704098910870668,11.699405031912846,44600.737271517064,3.627593056121649e-05,-0.002804131834118803,-0.004449096827322854,-0.04226916399788654,0.1553556030595171,0.00022317946833673376,0.04052287896713125,0.004576614631606832,0.007188366220422557,0.0063997013054083035,0.546398530845444,-1.2742370947255306,47.645186260213485,0.8561481411203486,1,10.699999809265137,-0.033423658153493685,-0.050576807927800393,0.9606751603247231
2023-10-18,43888.69921875,43888.69921875,44412.5,43861.44921875,44404.19921875,217200,-0.01172723811909615,-1,-1.0,-0.014111477681491347,-0.0017139358444225872,-0.045479754124641225,-0.011609262391164265,-0.00011936142604622885,0.012563442181350347,12.288573867041917,44572.81421062424,-0.008887308276865166,-0.01217928420931651,-0.01568690190904826,-0.05350070156568434,0.14180647279020622,-0.0028291208806673265,0.03136827644314988,0.0065258908824645835,0.007482093806034641,0.006498164642523036,1.015166740669767,0.04477553089013814,40.83480585218537,-1.2643467802968227,2,10.970000267028809,0.025233688091272466,-0.0018197911288327928,0.9843420872127706
2023-10-19,43754.5,43754.5,44058.80078125,43558.1015625,43616.75,156600,-0.0030577169325781695,-1,-1.0,-0.01893978442543154,-0.010378122134698797,-0.03591750299394292,0.0031581903741108633,-0.00619633809137407,0.011494973398497732,11.96145006253884,44540.72345726643,-0.008133812223195896,-0.013389855817617442,-0.0182197241982166,-0.056394828497180256,0.13315028094178574,-0.003849278897694736,0.01697771856851138,0.005991368305216699,0.0070511994621037105,0.006508383534454081,0.7635858302654996,-0.7161082016416893,39.27686073415449,-0.17837709930670384,3,10.899999618530272,-0.006381098158122156,0.02636532353940324,0.9790712086640845
2023-10-20,43723.05078125,43723.05078125,43877.5,43567.44921875,43584.25,152400,-0.0007187653555634776,-1,-1.0,-0.012755127466160476,-0.014372004860027654,-0.02018653141108495,0.003184654577054785,-0.0038910283513695736,0.007116569521737443,11.934263922234683,44508.65786212853,-0.006301746105524597,-0.013096700516139308,-0.018378533020270368,-0.05707305920378697,0.1323358117771978,-0.0025821272669095895,0.007431403944924475,0.005814296613608363,0.006093712342290525,0.006490805304194545,0.7626864177759984,-0.7025883084253994,38.902283557572616,0.04646457405546649,4,10.81999969482422,-0.007339442798699691,0.018832373956716886,0.9718853715322407
2023-10-23,43151.19921875,43151.19921875,43831.30078125,43029.44921875,43822.69921875,201400,-0.013078949256332129,-1,-1.0,-0.024300223550433153,-0.016754600645984552,-0.03274567155998087,-0.015323109072950297,0.0022790824455171093,0.018634948321639096,12.213048259266598,44455.42418983918,-0.014484069395365411,-0.024395885374347788,-0.03046419181098144,-0.0694055528148891,0.11752604915383624,-0.004915938844829474,0.008445448009547718,0.007390956261163289,0.0066655303864679,0.006729519213230746,1.0201600648363893,0.05986461559049753,32.78049667317467,-1.7193188169615368,0,10.90999984741211,0.008317944096702723,-0.014453464482652056,0.9788703956672048
2023-10-25,42832.0,42832.0,43397.44921875,42758.3984375,43308.30078125,188300,-0.007397227065042977,-1,-1.0,-0.03552167892005087,-0.03444867727737755,-0.04320460113775404,-0.010997909699939343,0.0036407229774447717,0.014945620149550299,12.145791714645243,44391.76049612,-0.014674291700366873,-0.029490727033809578,-0.03689608891903172,-0.07628937124618553,0.1092594552171449,-0.007311500160183483,0.00768292221770317,0.005382375151057303,0.006670017491861388,0.006726360150555162,0.9730763268048163,-0.0808052088427668,29.94761435056172,-0.7830163384528657,2,11.3100004196167,0.03666366432621637,0.05700940385282638,1.0128963399310043
2023-10-26,42280.1484375,42280.1484375,42716.19921875,42105.3984375,42708.3984375,307100,-0.012884095127474793,-1,1.0,-0.03665068251926684,-0.05024496491237618,-0.05252869120988257,-0.010027301787649713,-0.002885729419592828,0.01450647194697978,12.634928706428914,44308.952180095686,-0.020117447741404212,-0.03944397479351552,-0.04848367474911059,-0.08819054685730922,0.09496765087507636,-0.007510976752194688,0.01587800869061573,0.0056494749338382114,0.007090882261935884,0.006876017213482498,1.5398114721219414,1.5542763357713583,25.796876794447925,-1.443846367530519,3,11.729999542236328,0.03713519956119171,0.06927978639086785,1.0479763834690299
2023-10-27,42782.0,42782.0,42840.1484375,42482.75,42555.6015625,213900,0.011869673618621679,1,1.0,-0.022226285296369497,-0.040745108669709706,-0.04051064403893079,0.00532006197039645,0.006514951701439376,0.0084127896028388,12.273263895070498,44249.071702444875,-0.003996856351982359,-0.026044073765499078,-0.036621903626059014,-0.07736766624613162,0.10796455951391234,-0.004600267671423073,0.01828435874256129,0.010432194015968272,0.007793342404794295,0.007101555692369107,1.0746583601286173,0.2148844636693444,34.6652680276696,1.7869756078739554,4,10.90999984741211,-0.06990620007031012,0.0009174522231025772,0.9776861701185529
2023-10-30,43039.1484375,43039.1484375,43112.5,42390.5,42721.3984375,189000,0.006010668914496753,1,-1.0,-0.015641688572273216,-0.028197304306908366,-0.028482477317121502,0.007437724691172219,-0.0014165200902248609,0.017032118045316756,12.14950229404178,44201.62373127056,0.005190689256000059,-0.018780641725975086,-0.030435197875470096,-0.07182202875812765,0.1146241676501467,-0.0031971499403955616,0.012840788744848286,0.011424229436324452,0.007920184952594587,0.007151084785372642,1.0000264557263419,9.510358555497159e-05,38.70751793733978,0.938862941340678,0,11.489999771118164,0.05316223023079436,0.06192237478661289,1.0358350146079391
2023-10-31,42845.94921875,42845.94921875,43356.8515625,42797.1484375,43356.8515625,157400,-0.004488918246850493,-1,-1.0,-0.00707396330870369,-0.031202287969347764,-0.03899560569826732,-0.011783658760681028,0.007381724233260743,0.013078047146467665,11.96654561496544,44148.460024897206,0.002107314008406747,-0.021245502894976502,-0.03433265968991975,-0.07598854378955995,0.10962071088560142,-0.0014184760204689084,0.03192164238956363,0.010106922251417605,0.007725619239580188,0.0071735255973937335,0.8325179171184514,-0.6028107665170768,36.862219206334856,-0.32801487690258047,1,11.829999923706056,0.02959096252051574,0.08432631431357662,1.0646627412688119
2023-11-01,42700.94921875,42700.94921875,42815.1484375,42589.6484375,42694.25,145200,-0.0033842172397605674,-1,1.0,-0.0030596465551456786,-0.03847264169265585,-0.038246348347994896,0.0001569114986210087,-0.0035405731817376622,0.0052947138159855816,11.885867381372833,44091.69489524437,-0.0006714272429971697,-0.0226622397411701,-0.037101499362913126,-0.0791155992894036,0.10586551334622699,-0.0006117300871591606,0.03518670179284922,0.00965875554286923,0.007716001534506351,0.007185099123444489,0.7777390931733577,-0.7767293301979649,35.49455216834485,-0.19008373874264747,2,12.050000190734863,0.018596810519664553,0.0654288013848936,1.083194777871594
2023-11-02,43017.19921875,43017.19921875,43271.5,42796.44921875,43018.69921875,144700,0.00740615854649751,1,1.0,0.017432549517642615,-0.01985704783949671,-0.021536949977862818,-3.4868557795587984e-05,0.007441286571223946,0.011100238218872386,11.882417912619575,44049.55780989165,0.0032686484390514986,-0.014355901841817826,-0.029539098436216625,-0.0722953834147446,0.11405572866917296,0.0034521517424552276,0.03896949949550543,0.007099151960494279,0.007749502466170486,0.007250863424614648,0.8110304626853123,-0.7409396964535038,40.66531654229621,1.0939018162511824,3,11.079999923706056,-0.08049794619709894,-0.05541343937736842,0.9986030396610337
2023-11-03,43318.25,43318.25,43416.1015625,43221.0,43318.30078125,124100,0.006998381733759551,1,1.0,0.012534477116544318,-0.009970403044258336,-0.020245051118431556,-1.1722816704292399e-06,0.006999562220888575,0.004514045544989704,11.728842971192698,44020.87907224884,0.007769134016830271,-0.006439127526724834,-0.02244972205882176,-0.06580295237170986,0.1218523159310816,0.0024931888162828767,0.032779528234975874,0.00590966204951186,0.007815267171585162,0.007326550209341906,0.7196288779356336,-1.0904265193797398,45.17101829668144,1.0238751358139921,4,10.880000114440918,-0.01805052442619892,-0.002749746415285914,0.980842928940572
2023-11-06,43619.3984375,43619.3984375,43648.69921875,43415.19921875,43627.75,149900,0.006951999157398969,1,1.0,0.013481911726079376,-0.002370656710772079,-0.016708590481031127,-0.0001914277610007392,0.007144794630438672,0.0053783007840985985,11.917723684090689,44005.13473363125,0.012042807730295509,0.001319251501313125,-0.0152717281749305,-0.05930841528375333,0.12965143228616063,0.0026790094244343414,0.030190502207110503,0.006061056686392014,0.007960928118409434,0.0072207077278637795,0.8711570872319405,-0.4981175727773163,49.31712604015128,0.9764398721780643,0,11.109999656677246,0.021139663586129176,-0.033072247346436434,0.9979340482764112
2023-11-07,43737.8984375,43737.8984375,43799.3515625,43283.8515625,43598.8515625,198200,0.0027166812070962276,1,-1.0,0.020817585676446315,0.013596359530491764,-0.0033860426896653584,0.003189232514546237,-0.0004710490225911887,0.011909753439008089,12.197031900878025,43994.654878881,0.010609351957711117,0.00421079847179243,-0.012258352519069128,-0.056752856133881105,0.1327203351028218,0.004089690599598738,0.024203628366111674,0.004610564810640455,0.007642256761183943,0.0072333028075684475,1.1399649153078537,0.5430021423057763,50.89080324465908,0.3744592969176307,1,11.1899995803833,0.007200713427382821,-0.054099775777704195,1.0060687512631254
2023-11-08,43658.6484375,43658.6484375,43797.55078125,43547.75,43791.80078125,163400,-0.0018119297641436827,-1,1.0,0.022428054557847465,0.019299786082835224,-0.015813743296832272,-0.00304057703438884,0.0012323944605391742,0.005736250007176031,12.00395646140804,43981.47815568959,0.004333294747343235,0.0031991282341005283,-0.013792925949030824,-0.05846195370879565,0.1306679254131982,0.004379264907382517,0.03824179785467974,0.003979247517437782,0.0072023485026207704,0.007191121582090805,0.9430368788595833,-0.2199464287626428,49.777651359996575,-0.14460427943744375,2,11.039999961853027,-0.013404792149700473,-0.08381744505352096,0.9936099442645977
2023-11-09,43683.6015625,43683.6015625,43876.75,43542.6484375,43626.1015625,108900,0.0005715505608407945,1,1.0,0.015491532592841084,0.033194139019512514,-0.01871866424319557,0.0013180182950251434,-0.0007454851710902783,0.007672972923995673,11.598185308921051,43969.79672066255,0.0018356801290376978,0.004734424921132416,-0.012867558164943707,-0.05792381711038506,0.1313141593000927,0.0030527850384739854,0.034210196836036655,0.0038840929440135826,0.0071389894206595325,0.007136649492509073,0.6480985538296733,-1.2851700870105436,50.14740566476379,0.20928142885530562,3,10.979999542236328,-0.005434820636233795,-0.009025305248944404,0.9882543253429005
2023-11-10,43820.1015625,43820.1015625,43908.69921875,43504.94921875,43543.25,90000,0.003124742354512655,1,1.0,0.011585222452430655,0.024264914274694904,-0.017468870963998406,0.006358082194140309,-0.0032129118818006114,0.009280553299117278,11.407564949312402,43963.92632230323,0.0026581562763502925,0.008777798440126949,-0.009480785553012924,-0.05498007176053225,0.1348492245699176,0.002297665689409762,0.02905409341642906,0.003246927446375068,0.007170790061242523,0.007153538796543102,0.5391642953422195,-1.6140627007673554,52.21972764709366,0.556053576512358,4,11.109999656677246,0.011839719477296118,0.021139663586129176,0.9977548099616117
2023-11-13,43891.25,43891.25,43970.75,43681.3984375,43915.1015625,169600,0.0016236483933869117,1,1.0,0.006232354691675157,0.019798290473553193,-0.008957272254594528,-0.0005431289385965428,0.0021679548109787656,0.006624136883209189,12.04119800233994,43961.076270448204,0.0030382807375971435,0.010877284142132572,-0.0077194021617490475,-0.05344569167232772,0.1366918206901268,0.0012407619006189498,0.015189626946269685,0.0019761788742766765,0.007041423804440579,0.0071121332983597645,1.0161164699538674,0.05644347296370381,53.30920482968942,0.29160843470215153,0,11.1899995803833,0.007200713427382821,0.007200713427382821,1.0023737849803744
2023-11-15,44201.69921875,44201.69921875,44408.55078125,44164.55078125,44398.44921875,202500,0.00707314598581732,1,-1.0,0.010604093882397025,0.031642431191761355,-0.0005471730276819242,-0.004431461086188346,0.011555816221912112,0.005524792977257902,12.218495165528731,43970.51246449926,0.007996136495915998,0.01805573701167051,-0.0007968857723162735,-0.04675057486602185,0.14473180787875245,0.002113408851422517,0.01115126691007895,0.0032941506532064195,0.0072322241776699376,0.007140702839140337,1.191071376055054,0.6787115845484767,57.827820951952724,0.9799308120698625,2,11.140000343322754,-0.004468207232840138,-0.004468207232840138,0.9975822045685577
2023-11-16,44161.55078125,44161.55078125,44420.94921875,44064.1484375,44251.69921875,144300,-0.000908300771454762,-1,-1.0,0.011518962719836212,0.034205365202014004,-0.005583247250025347,-0.0020371745964910424,0.001131178232595873,0.008097303451945327,11.879649744761963,43978.00416319537,0.004775934487656,0.017421549668668147,-0.0015805315662200418,-0.0476164120542598,0.14369204709454741,0.0022754887374857556,0.01710220996986156,0.00303976939355024,0.007166832859756222,0.006993900105520175,0.8428492158523407,-0.5742542613855196,57.058762611213,-0.09122250006642615,3,11.649999618530272,0.04578090300627391,0.05525359228125004,1.0388336322723288
2023-11-17,43583.94921875,43583.94921875,43872.8515625,43513.8515625,43656.25,227400,-0.013079286218029229,-1,1.0,-0.002281230031077497,0.013174962812385171,-0.006943700893960569,-0.0016561381531853972,-0.011442097759495786,0.008250246464263445,12.334465860298574,43962.55102811908,-0.007915943546543867,0.004467021266242693,-0.0141959154098322,-0.06007290959035573,0.1287333714653141,-0.0004513081718692523,0.0046624708628830724,0.007667435353985549,0.007288130262521742,0.007214685258647497,1.324287336575139,1.1740205134744541,47.31055264544754,-1.753369515499908,4,11.829999923706056,0.0154506704780899,0.07741351702247945,1.0508549939218776
2023-11-20,43584.94921875,43584.94921875,43724.0,43450.05078125,43591.5,124300,2.294422643944749e-05,1,1.0,-0.005366312157323638,0.006156740375015124,-0.0038750478522209253,-0.00015027657341454184,0.00017324683479466845,0.006304922867160775,11.730453277498803,43947.743114026176,-0.006829956852467912,0.0046863630628866774,-0.01375070412398079,-0.060051343690356807,0.12875926937937873,-0.0010790777245530151,-0.001491264305102713,0.007427614934382159,0.0072602599371645385,0.007214487964850038,0.7307466196355086,-0.9441276411588924,47.32733079945521,0.026501089122838068,0,12.149999618530272,0.02704984758139939,0.09360936039525192,1.073321536443651
2023-11-21,43689.1484375,43689.1484375,43790.94921875,43586.44921875,43790.94921875,108200,0.0023907156166922405,1,-1.0,-0.0046045980121323105,0.0015990591915187036,-0.0007753883396567351,-0.0023246991231332314,0.004726402202881998,0.004691825181116801,11.591736645394517,43937.60214631927,-0.0035377707301048793,0.0071276354733889715,-0.011070644641939974,-0.05780419375882854,0.13145781179217006,-0.0009273915244717081,-0.0038292096724755753,0.007504635721892324,0.007281644692975086,0.007217242068721266,0.6444695931860146,-1.1859298356882573,49.14454945033576,0.33082427957675004,1,12.229999542236328,0.006584356067307784,0.0929401251878692,1.0737017448313528
2023-11-22,43449.6015625,43449.6015625,43692.5,43230.94921875,43663.6015625,150900,-0.005482983385283524,-1,1.0,-0.017015129950727514,-0.006591466103749055,0.006915273483762974,-0.004901107383312868,-0.0005847418847393276,0.010676397108805965,11.924372644755941,43918.46486852244,-0.005589764646993734,0.0012611972239213443,-0.015856372164488708,-0.06297023771013274,0.1252540474089643,-0.0034429494881363,-0.023930403434490488,0.006147875751365093,0.0067355519803597025,0.007080432700489122,0.9125268345780546,-0.2903078459349541,45.27721038456246,-0.8694478604670969,2,11.869999885559082,-0.029435786602770242,0.06552957986880892,1.0377234829512194
2023-11-23,43577.5,43577.5,43649.6484375,43451.3515625,43452.75,72300,0.0029436043807220535,1,1.0,-0.013225323180860227,-0.0018587024657020779,0.017405211057153425,0.0028709345208300973,7.246182673208489e-05,0.004563652633791418,11.188579408146856,43905.093697207834,1.0792669977145403e-05,0.0033466669159179724,-0.012252958208023313,-0.0602119927969894,0.12856635015234247,-0.00268840569416905,-0.03063053423801365,0.006753753033911581,0.006500953237582471,0.00703139552569262,0.4531068843418043,-1.6273807911635538,47.64610271284351,0.31734290409359417,3,11.31999969482422,-0.046335315588670434,-0.02832617463619136,0.9895969837212528
2023-11-24,43769.1015625,43769.1015625,43806.5,43566.1484375,43607.3515625,96800,0.004396800240950016,1,1.0,0.004248177300792744,0.0019572562000793603,0.035216364653994026,0.0037092369567129683,0.0006850223739315013,0.005516933929672676,11.480402273264668,43899.76067231733,0.003554849186123772,0.006033725176317446,-0.007099113425885715,-0.056079932660477255,0.13352843095262037,0.0008497612013080812,-0.030968187353201282,0.003880194097943142,0.005661791777430926,0.0069270469926127395,0.6494464944649446,-1.2245002316680678,51.06374286593206,0.4680664229256597,4,11.329999923706056,0.0008834124692078671,-0.04226542715338932,0.9922059818965654
2023-11-28,43880.94921875,43880.94921875,43960.30078125,43739.80078125,43851.55078125,151200,0.002555402150311137,1,1.0,0.006791335204141102,0.0013885786221470298,0.025687186638072124,0.0006704081606292965,0.0018837311209659354,0.005041175223974089,11.926358742727569,43899.022968255864,0.004755520008283134,0.007332316883437865,-0.0038249690808600596,-0.053667837290675986,0.13642505194251553,0.0013525523231374208,-0.01889585143393102,0.003910513738734693,0.005150733108113979,0.006942847408700637,1.0362197169585032,0.1325680419066557,52.99283897360327,0.24766302869508822,1,12.18000030517578,0.07502209948750704,0.0024691923940272087,1.06074465291954
2023-11-29,44566.44921875,44566.44921875,44630.3515625,44003.44921875,44081.75,152300,0.015621813388373429,1,-1.0,0.020080519136348673,0.015383458405718642,0.035486315057276174,0.010995462266130542,0.004576035496611348,0.014246663724780808,11.933607538883253,43925.19654670661,0.01636829766376089,0.021278334622387533,0.01235439411473152,-0.03888441284141515,0.15417807203383402,0.003998549698077864,-0.0154057959209275,0.007514252606050117,0.0059815723919583175,0.007193214727680136,1.0570516379789006,0.2129345167667131,62.69831462653723,2.314488222282218,2,12.710000038146973,0.04351393429325068,0.03924779344863927,1.1010525578857433
2023-11-30,44481.75,44481.75,44764.80078125,44254.6015625,44711.19921875,343200,-0.0019005153032107813,-1,1.0,0.023755072552628764,0.006335746955429267,0.03817865658427633,-0.0051318064100096565,0.003247959003633181,0.011528726973836936,12.746068646595944,43947.02217232596,0.009683317387410973,0.017430421115339486,0.011128225790833833,-0.04071102772296445,0.1519845389453034,0.004631952760848421,-0.014423584031647563,0.006481985105282926,0.005866005698554285,0.0071857475623131935,2.23772576123101,3.219392534420958,61.021848474653076,-0.6456841060147744,3,12.6899995803833,-0.001573600134039621,0.06908169357455707,1.0952401296445617
2023-12-01,44814.19921875,44814.19921875,44951.1015625,44531.75,44580.1484375,204900,0.0074738340724005425,1,1.0,0.028379306264700865,0.014778657586841382,0.049489532168808914,0.0052501122013564406,0.002212108055550872,0.00941691181011301,12.230277334226992,43981.029115322985,0.011550352515281671,0.022563179364944102,0.019342035186985438,-0.033541461116682304,0.16059428024335137,0.00556047915718244,-0.02111022590410805,0.006490066709501796,0.0058546924210825324,0.0072332937059980265,1.3104793578715104,0.8086701767296974,64.97994467955294,0.8597653229416572,4,12.380000114440918,-0.024428642726008643,0.09363961556477385,1.066965465445368
2023-12-04,46431.3984375,46431.3984375,46484.44921875,45484.19921875,45671.5,311200,0.03608675926252802,1,1.0,0.060825942958833146,0.06533251964980291,0.07936823597901377,0.016638350776742607,0.01913011492329222,0.021991153349527715,12.648191071286373,44077.12202991816,0.03560724940182076,0.05535332419630153,0.05590988360293705,-0.001141258682023953,0.2024763666359601,0.011881488106055918,-0.018542293020180622,0.014707949661575645,0.009399294288595959,0.008815756031213866,1.8897255282973038,2.1180305326540534,77.14052403590193,3.3868185561330097,0,12.989999771118164,0.049272992814087146,0.14651366801325794,1.1103987663447876
2023-12-05,47012.25,47012.25,47230.55078125,46653.6484375,46895.8984375,326100,0.01250988731864,1,-1.0,0.07135900287024821,0.07863496098271461,0.08527583639689973,0.0024810605271816315,0.010004006246446581,0.01236564262541766,12.69495936177741,44192.22508756843,0.03411789185381744,0.0640885229243787,0.06832831755823324,-0.0046220248893786555,0.21751921048590353,0.013487859020507205,-0.013916833526651518,0.013788217031719435,0.009573359801410728,0.008771486331711306,1.8657741160315826,1.959606570444679,79.84732576630358,0.8636583289598065,1,13.460000038146973,0.036181699408017076,0.10509028743022841,1.1380258080198784
2023-12-06,46834.55078125,46834.55078125,47259.8515625,46750.19921875,47256.75,244200,-0.003779849268009894,-1,1.0,0.050892579558385886,0.07199504811245494,0.07370923164740173,-0.00893415689293064,0.005200772139176491,0.010901607956048984,12.405742840658741,44295.845703006926,0.020031024834670928,0.05622321978612212,0.06322193676641621,-0.008999198414484016,0.21291717138936037,0.00964898111662392,-0.022816652089015843,0.015747279785269172,0.009705192907970454,0.008423320739046591,1.3604835789297751,0.8243831371776619,76.84930152849567,-0.7523345382636369,2,13.739999771118164,0.02080235751691273,0.08103853106843562,1.1489254931622292
2023-12-07,46841.3984375,46841.3984375,46927.69921875,46507.1484375,46735.3984375,208100,0.00014620949994759158,1,1.0,0.05304756304551872,0.07806278430703384,0.07095677000656075,0.0022680880776432344,-0.0021170768609078917,0.00904271268781765,12.245774012381725,44395.67130043803,0.009801052468972964,0.052693704707295744,0.06230213009427793,-0.008854304682836465,0.21309451140246713,0.010076528537750701,-0.017909206961042035,0.015385018456670342,0.009733855967285246,0.008422295512254485,1.1561753430746153,0.3574324595580531,76.88531821857708,-0.3384070978557503,3,12.670000076293944,-0.07787479713597867,-0.0015760051024961141,1.0529377740340047
2023-12-08,47262.0,47262.0,47303.6484375,46793.8984375,46797.19921875,218300,0.008979269973359294,1,1.0,0.05462109831086437,0.08455051345304332,0.08253465673950977,0.009932235027086206,-0.0009435930656292119,0.010893514261925507,12.293625542538035,44508.07634747968,0.008227618392542187,0.05786282885630834,0.070628795884772,-0.0008804487365288123,0.22398721452355022,0.01045144194196543,-0.027913558428645402,0.015329248716503225,0.009726083541891606,0.008490725579427304,1.1946260979013326,0.4502352372283939,79.04207691033679,0.504214189061028,4,12.470000267028809,-0.015785304503615816,0.0072698022419974695,1.0301954154686006
2023-12-11,47314.25,47314.25,47588.0,47186.6015625,47233.30078125,182500,0.0011055393339258757,1,-1.0,0.019014106665091735,0.08099660059134894,0.08311238789012099,0.001713816680415739,-0.0006072366541830646,0.008506618917413163,12.114505452004684,44618.12237306871,0.005554603704850093,0.0547466589966989,0.07050772881616517,-0.005752500630411028,0.22534038053342823,0.0037359890080826035,-0.06409828122502925,0.0066913878584363845,0.009717012239572453,0.008468446887630187,0.9789984711530725,-0.050803199550777965,79.30046607701563,-0.2990604391676081,0,12.760000228881836,0.023255810396395793,-0.01770589270892109,1.0464592065172305
2023-12-12,47097.55078125,47097.55078125,47454.0,47004.05078125,47421.69921875,182000,-0.004579999022493175,-1,-1.0,0.0018144373275050807,0.07330291663621469,0.07479328212134373,-0.006835445436165126,0.0022709695017885732,0.009572562604104018,12.111761966058932,44715.35485966406,0.000586377959823686,0.046094427382119614,0.06439622530512466,-0.010306153205640078,0.21972832278836366,0.00036057120740567967,-0.07297884479383865,0.005383041503635734,0.009904575656449607,0.008503321736827536,0.9528047535533859,-0.12236110725839053,75.16163219428581,-0.8226175721653046,1,12.710000038146973,-0.00391851017539091,-0.05572065363108658,1.0355644374530344
2023-12-13,47092.25,47092.25,47201.94921875,46886.8984375,47190.75,202300,-0.00011254897891865845,-1,1.0,0.005502331386792569,0.05667493878303742,0.07293025375217166,-0.0020872734593114116,0.001978854891687988,0.006719377731285875,12.217507023155838,44808.566433794884,-0.0006205203580565419,0.042271512224496044,0.06293536771865017,-0.010417542237538876,0.21959104361107565,0.0010943211036469201,-0.06742792236537909,0.004904462863487926,0.009930430186206192,0.008435238220107333,1.050090838307812,0.13122497996810423,75.05843474107718,-0.36699683787952214,2,12.06999969482422,-0.05035407878850484,-0.12154294789759224,0.9799066181924223
2023-12-14,47732.30078125,47732.30078125,47943.6015625,47510.8515625,47567.6484375,193100,0.01359142494253307,1,1.0,0.01901955051446036,0.07307605436499243,0.07987479270937947,0.0034614354326625947,0.010095046159399901,0.00910844545547078,12.170963468416605,44923.222682714695,0.009146585291011408,0.052325966000893336,0.07585340893771225,-0.004407278017579575,0.2361670237409011,0.003783647388901509,-0.06085524219491911,0.007305245636143649,0.010153371571536974,0.008582876878380948,1.004787178686648,0.0125167359262931,78.83686944239983,0.9441578481858713,3,12.31999969482422,0.020712510879946633,-0.027624339334029413,0.9954348808667053
2023-12-15,48143.55078125,48143.55078125,48219.94921875,47632.8515625,47939.8984375,313900,0.00861575899902034,1,-1.0,0.018652422268418567,0.07429233636974186,0.0901689349571182,0.0042480762452074185,0.004349206990909343,0.012325477837069184,12.656829742830045,45049.510059127846,0.014061222241411384,0.056753994008035734,0.08329413530564288,-0.0015843740762442153,0.24681754089998895,0.0036937284263334497,-0.07151651268869963,0.007242991104236457,0.010141346092213028,0.008604458487267708,1.5643376856373965,1.4636419491533728,80.84480996061556,0.41363676408883326,4,13.130000114440918,0.06574678893514818,0.05292701148990164,1.0545761377410119
2023-12-18,47867.69921875,47867.69921875,48076.6015625,47806.69921875,48068.5,157300,-0.0057297718598569025,-1,1.0,0.011697305119493517,0.03093382559182145,0.09828733000994583,-0.004177388128400096,-0.0015588958444508686,0.00564570129627655,11.96591008904637,45160.02728107382,0.005905622402334403,0.04578236295805082,0.07519825684060678,-0.0073050678341036075,0.23967356083976415,0.0022991624413608446,-0.08659002489045231,0.008409816091361585,0.009588844565851299,0.008512013333296143,0.7978494078263295,-0.5130616278842596,75.65934470761981,-1.0784538473705512,0,13.899999618530272,0.05864428769063568,0.08934164335421291,1.1072168016844346
2023-12-19,47870.8984375,47870.8984375,48017.0,47646.05078125,47940.3984375,189800,6.683460459178114e-05,1,-1.0,0.016420124686353788,0.018264355301012003,0.09833553315019605,-0.0014497167788583838,0.0015187531453678764,0.0077855186876470035,12.153726165157964,45266.33595387485,0.002713761159071471,0.04097857107775473,0.07350623148951922,-0.007238721460832107,0.23975641393202565,0.0032311879153242586,-0.08191540846384227,0.00767835463694835,0.009587725824715176,0.00849571789372006,0.9469640273412164,-0.14022707395246237,75.6788284889107,-0.4818023332787687,1,13.869999885559082,-0.002158254229819967,0.09126670683954052,1.0973101249795858
2023-12-20,47445.30078125,47445.30078125,48166.1484375,47202.6484375,48085.3515625,242500,-0.00889052994912265,-1,1.0,0.007497003885989839,0.013040586272571097,0.0859744920211345,-0.013310722713924215,0.004479822439096039,0.020411990256770218,12.398756989359676,45351.78555494838,-0.00766856860575645,0.027527320751416413,0.06249224551486235,-0.016064895340013822,0.22873432240434616,0.0014750121379523585,-0.07847748813514466,0.009453310843643913,0.010053456921529815,0.008620499173997594,1.1706775447150546,0.48361337747537286,67.89298196717016,-1.2852566059069999,2,14.449999809265137,0.04181686578886912,0.19718311305852754,1.1332444428987407
2023-12-21,47840.1484375,47840.1484375,47932.3984375,46919.69921875,47172.44921875,208000,0.008322165730816566,1,-1.0,0.00225942714859384,0.02132195095184075,0.10104918611703329,0.014154431873013802,-0.005750865902568558,0.021583668173757307,12.245293358683455,45449.36841308766,0.00013858286647022253,0.031176028225803343,0.0694407552063607,-0.00787642433066514,0.23896005307453763,0.00045461891683331923,-0.09878975896843945,0.00796929035142474,0.00982912169504517,0.008495070629786718,0.9904761904761905,-0.027816885957686624,70.8856188326744,0.3469852721458749,3,13.760000228881836,-0.0477508366429793,0.11688316312723424,1.0711922687425801
2023-12-22,47491.8515625,47491.8515625,48071.3984375,47415.8515625,47837.75,165800,-0.007280430483091571,-1,1.0,-0.013536583990473194,0.00486334819728329,0.08982506023750791,-0.007230658580305303,-5.013440757052417e-05,0.01382547931541222,12.018537521683331,45529.46579149598,-0.004430063706117599,0.019368298162020535,0.060170367810268195,-0.01509951105396196,0.22993989053680103,-0.0027244866081525734,-0.10336164422798111,0.007030350566869617,0.010192258040407551,0.008487738436432543,0.7723302666821941,-0.7495946709752326,65.11966812938513,-1.1294336563512537,4,13.710000038146973,-0.003633734731334881,0.044173641938368924,1.0574624048195882
2023-12-26,47724.8515625,47724.8515625,47838.44921875,47411.6484375,47576.3984375,118700,0.004906104780803666,1,1.0,-0.002984218138356809,0.008678179671029351,0.09037768331505269,0.0031203102772695036,0.0017802396036030524,0.009002023665400002,11.684354580597759,45615.559351143194,0.0010538398968620913,0.020039029454924976,0.06384799338440805,-0.01026748605652792,0.2359741045138648,-0.0006015670122358774,-0.0933619014534095,0.007483313599263396,0.010193114297276864,0.008497042471022872,0.5501228159614404,-1.5341335386461734,67.0505343813075,0.0505222920385553,1,14.68000030517578,0.07075129572063155,0.0561151588526434,1.1178374510943716
2023-12-27,48282.19921875,48282.19921875,48347.6484375,47806.69921875,47818.5,184900,0.011678352849774809,1,1.0,0.00859187511984949,0.02515307946696077,0.10029979019048607,0.009697067426832712,0.001962257281771928,0.011315343405633772,12.127570417375216,45720.133463598366,0.01100006978707933,0.027120376760623465,0.07450767022133656,-0.0013537208295581853,0.2504082462195621,0.0017236335694471197,-0.09170791507063658,0.009299889215357458,0.01031071362390292,0.00861903590429801,0.8502908647766204,-0.5259524696339569,71.16278720292983,0.6559350181954665,2,15.5600004196167,0.059945510636716826,0.12184574967568551,1.1697929132229536
2023-12-28,48508.55078125,48508.55078125,48636.44921875,48343.1484375,48479.05078125,391100,0.004688095533396774,1,-1.0,0.022410017061588183,0.030075028932573744,0.08845446813926294,0.0006085102642193144,0.004077104309357025,0.006067059981192397,12.876718560743605,45829.48316232981,0.011236936814011484,0.02762670448354819,0.07752086903940743,-0.0026296828727104824,0.25627027953358666,0.004404314704815958,-0.06604445107767476,0.007149814711176591,0.009997627574942472,0.008539380351251171,1.7049194620632533,2.2766890275135605,72.65539298277122,0.0388991354681168,3,15.140000343322754,-0.02699229209302889,0.04775090264120263,1.1279147985674907
2023-12-29,48292.25,48292.25,48477.69921875,48091.8515625,48374.8515625,174000,-0.004459023775527982,-1,-1.0,0.009450254174914186,0.011731033484351894,0.08566434549000435,-0.0017075310793104824,-0.002756198991656513,0.008023139964751696,12.066810578196666,45926.06225400315,0.00483374244701321,0.018931913924035527,0.0707817912141215,-0.007076980829786945,0.2506685404886572,0.001864007706759938,-0.07621409131509016,0.007686139514190804,0.010096578539847615,0.008573945900654736,0.7875619526104963,-0.7036444611318804,68.98104020853701,-0.8450067453305221,4,14.5,-0.04227214853433048,0.053779052239034675,1.0730010711837017
2024-01-01,48234.30078125,48234.30078125,48450.0,48044.1484375,48203.44921875,146900,-0.0011999693273765377,-1,-1.0,0.015633191680743952,0.0018849876780451247,0.07631736418641721,0.0006400281100216263,-0.0018388205405629268,0.008447471246742295,11.897507362161969,46016.5814119344,0.0005366346144949221,0.014050446911106882,0.0676859383456525,-0.008268457997237315,0.24916777660135603,0.0030748172584626763,-0.06068417250567326,0.006203297170717479,0.010131260057138044,0.008576930432695452,0.6737450409337951,-1.0359202666372564,67.98900775926359,-0.4815484949159727,0,,,,
2024-01-02,47761.6484375,47761.6484375,48223.55078125,47689.80078125,48194.80078125,183200,-0.00979909185153427,-1,-1.0,0.000771021256122939,-0.0022154977778513496,0.028649793992111094,-0.008987532611993206,-0.0008189193034877524,0.011192120563645807,12.118333731222167,46085.01541293698,-0.00941893532640875,0.00271156091843157,0.05541398746679407,-0.017986526469386106,0.2369270668204625,0.00015257555061025767,-0.027878772735988155,0.008290810111285284,0.007330411856233461,0.008518789586434003,0.8656413164174168,-0.4346784714763127,60.36380088506756,-1.5299642619936138,1,14.579999923706056,0.005517236117658975,0.06345732189193143,1.0702095577066992
2024-01-03,47704.94921875,47704.94921875,47798.75,47481.3515625,47796.30078125,233300,-0.001187128598046483,-1,1.0,-0.011955752002610343,-0.003466599210931065,0.014734440890406209,-0.001911268466530286,0.0007255265444898831,0.006684696771577921,12.360080458009522,46148.54222885121,-0.008220121235824818,0.0007935074487920134,0.05232382042207521,-0.01915230274748129,0.23545867532574213,-0.0024172113772637643,-0.02669019289301655,0.005308913380684638,0.006871031902888805,0.008501548954138878,1.1270803642600062,0.4389214272677922,59.50169187353162,-0.2820405314596918,2,14.100000381469728,-0.032921779475175605,-0.03950953076626018,1.030777128170959
2024-01-04,48195.8515625,48195.8515625,48281.19921875,47738.1484375,47805.3984375,175700,0.010290386045669564,1,-1.0,-0.006446270064016546,0.015819285975453568,0.029066165011557787,0.008167552991122375,0.0021056351677347417,0.011375614660903238,12.076533274175189,46228.82886938647,0.0032901498923763595,0.009650354865258346,0.06105883980858562,-0.009059001290746852,0.24817202203831557,-0.0013109718126566282,-0.03551243507557433,0.007352618003922886,0.007097563836390307,0.00857803353110939,0.8630937760966744,-0.4672289543298012,64.26087326230945,1.2422715518828011,3,13.329999923706056,-0.05460996006607266,-0.1433162233787122,0.9749497082841233
2024-01-05,48159.0,48159.0,48381.94921875,47822.8515625,48245.55078125,181000,-0.0007646210473574166,-1,-1.0,-0.0027592419073453334,0.006664936730214288,0.02812899713611383,-0.001793963999756778,0.0010311928752944732,0.01169101460876526,12.106252310247962,46304.521854900726,0.003079492992773523,0.007487905227540179,0.05791483903893635,-0.009816695635049298,0.24721764343954244,-0.0005529521553414602,-0.030888239043459165,0.007136088221691088,0.007109169560185894,0.008307147529435224,0.8950869124446752,-0.3544771670566548,63.65611613002966,-0.3056271404680393,4,12.630000114440918,-0.052513114273936345,-0.16578600871623028,0.9275170788820639
2024-01-08,47450.25,47450.25,48154.5,47387.3515625,48096.6484375,231400,-0.014716875350401781,-1,-1.0,-0.016255046067855106,-0.0008759726380693778,0.00398311539926377,-0.013439573411024124,-0.0012947021844307398,0.01618888611000331,12.351903093741713,46349.452370394814,-0.00844416295511338,-0.007534594872673426,0.040235008019063864,-0.024389099899437237,0.22886249684622081,-0.0032560924489711466,-0.020238161467118876,0.00961613799482408,0.007738695826835805,0.008544634870305327,1.1406319317789717,0.47466817662700383,53.27228633558983,-1.9305250442586135,0,13.460000038146973,0.06571654126566862,-0.07172413530020882,0.9856112463302935
2024-01-09,47242.6484375,47242.6484375,47939.30078125,47156.05078125,47705.3984375,161000,-0.004375141595671206,-1,1.0,-0.01086645911476769,-0.010103816129600984,-0.001513319190307394,-0.009700160048055358,0.005377177938999268,0.01660974545203927,11.9891596439666,46384.479667144034,-0.010636348990229779,-0.011802774737423262,0.033435260808863373,-0.028657535729657485,0.22348604942090847,-0.0021875543332227523,-0.009353139924460296,0.008971856528575968,0.007801961167350385,0.008320078743606097,0.7978393914616319,-0.67231745697809,50.66523425083235,-0.5545620615236132,1,13.260000228881836,-0.01485882679779471,-0.09053495896649444,0.9681659009216435
2024-01-10,47360.8515625,47360.8515625,47423.44921875,47010.80078125,47073.8515625,165200,0.0025020427285395996,1,1.0,-0.007213038937996741,-0.019082553635879185,0.005590540843045666,0.006096803012155269,-0.0035729765494267544,0.008777736831587488,12.014912140069015,46422.76876107957,-0.006729387024987102,-0.009602998048356345,0.033949698117761655,-0.02622719538000813,0.2265472637943317,-0.0014567246656596936,-0.012803579781042407,0.009222317069062765,0.007746896663026906,0.008204689541185346,0.8220745938145356,-0.5853646824430779,52.10252302241124,0.2832314230218033,2,12.970000267028809,-0.02187028332181873,-0.08014184991980355,0.9462663857653472
2024-01-11,47438.3515625,47438.3515625,47662.1015625,47237.0,47538.6015625,132500,0.0016363726040213855,1,1.0,-0.0157171203628943,-0.02206207362442303,0.007349437805583614,-0.0021088125587413256,0.0037530997466426732,0.008999334472976692,11.794337924408413,46462.59553760586,-0.0019328492356228536,-0.008341200019852448,0.03365617020492528,-0.024633740239986872,0.2285543521343422,-0.003198844509796709,-0.023066558168477913,0.00704189275449791,0.007752104777879173,0.00818489664035829,0.6710049882257615,-1.0317522215975141,53.06794669811708,0.16013090713170305,3,12.770000457763672,-0.01542018543928314,-0.042010462801765125,0.9314709061945893
2024-01-12,47709.80078125,47709.80078125,47873.69921875,47408.5,47572.69921875,191600,0.005722146950919438,1,1.0,-0.009327419978612528,-0.012060925277865508,-0.00047137891180049074,0.0028819378498910917,0.0028320473166736633,0.009812569871436557,12.163165144518898,46511.50554716053,0.005679134733699522,-0.002643327626962828,0.03737207412911658,-0.019052551170671495,0.23558432067444643,-0.0018938230522541673,-0.008856041066812037,0.008107929632382422,0.007235827802280898,0.00814804453951732,0.970667207052029,-0.09194553158484454,56.38400862940977,0.7911647167342866,4,13.100000381469728,0.025841809857213294,0.037213005761687956,0.9519657203672036
2024-01-15,48158.30078125,48158.30078125,48248.05078125,47825.3984375,47891.05078125,167100,0.009400584212379659,1,-1.0,0.01492196102760257,-0.0015756422041789397,0.00030637540772637806,0.005580374530112253,0.003799009784824577,0.008837403504381416,12.026347714583485,46576.08575241894,0.012111938754138693,0.006716887026857761,0.0446448007281698,-0.009831072070032353,0.24719953513244253,0.0029681565198580754,0.014615585619876192,0.005108090967207191,0.007286410876214116,0.008170533458499506,0.8792423046566693,-0.40302829767605447,61.25509881089549,1.2853522082320867,0,13.789999961853027,0.05267172215959026,0.02451708192948021,0.9967833922567036
2024-01-16,48125.1015625,48125.1015625,48305.3984375,48002.8515625,48109.94921875,224500,-0.0006893768719291593,-1,-1.0,0.018679162879012834,0.007609727404522149,0.005377370292515948,0.00031495239542041843,-0.0010040130510340856,0.006302685468718086,12.321630986164447,46636.83147046134,0.007676548811945374,0.005752290941939341,0.04161642308278461,-0.010513671628250128,0.24633974461824149,0.0036648017504121236,0.013301792586496886,0.0039050200685473474,0.007162646849697621,0.00814995395515436,1.160746600486014,0.5464709772754667,60.71456432788939,-0.13717726951928164,1,13.56999969482422,-0.01595360896572795,0.023378541522734553,0.979323753893472
2024-01-17,46064.44921875,46064.44921875,47212.75,45979.6015625,46573.94921875,499600,-0.042818659635945555,-1,-1.0,-0.027372868117440774,-0.0343884654918617,-0.03773585367545362,-0.010939591951006007,-0.03223166899160765,0.026819467668152436,13.12156305723356,46614.38510764913,-0.030205804285160946,-0.0354920472192381,-0.0041680121764696345,-0.05288214993722156,0.19297314730268167,-0.0053876347338876465,0.01036298555801285,0.021704490877097644,0.01217712844428919,0.010397612920384238,2.39157491622786,3.2669492782209315,38.18882667029547,-3.411366581261787,2,15.079999923706056,0.11127489040827099,0.16268308506061513,1.0836836475600118
2024-01-18,45713.55078125,45713.55078125,46184.05078125,45430.69921875,45492.75,275000,-0.007617554175751939,-1,-1.0,-0.036358784073210804,-0.05150444905057794,-0.03649992668366375,0.004853537788988355,-0.012410855409018902,0.01658243380478457,12.524526376648708,46579.05827131975,-0.030552710098912732,-0.04110076519094868,-0.012647801958454304,-0.060096871470896436,0.18388560972288626,-0.0074886417204699995,0.00014114261045294896,0.02132993407653742,0.012141585725312256,0.010438810518243153,1.3062581641135258,0.7170277004568079,35.75607715352099,-0.4868849396269108,3,14.06999969482422,-0.06697614283764652,0.10180103292558607,1.010376617493401
2024-01-19,45701.1484375,45701.1484375,46249.8515625,45558.05078125,46103.5,296600,-0.0002713056312196871,-1,-1.0,-0.04210146156257699,-0.05103618352748185,-0.04471139973142979,-0.008727137039487241,0.00853027629850934,0.015185039074031664,12.600139708685969,46544.63043469937,-0.022487813279677984,-0.03920546312020374,-0.013752085446078054,-0.06035187248246737,0.1835644148902485,-0.00878799528551991,0.002609938168852799,0.020565062339251088,0.011913820690745753,0.010436985249565227,1.3798236840268894,0.8879429177530485,35.66958709813106,0.16575303861901483,4,13.880000114440918,-0.013503879495690096,0.059541962615094146,0.9987767138605406
2024-01-23,45015.05078125,45015.05078125,46580.30078125,44886.1015625,46495.44921875,422600,-0.015012700549271618,-1,1.0,-0.06526912181303113,-0.051321104077428514,-0.05215212083257048,-0.03183964156438361,0.017380324311461675,0.037744405501354904,12.954181384164093,46484.64691887783,-0.02403982171578387,-0.05115923756411668,-0.029126711724770892,-0.07445852844257188,0.16579591674872732,-0.013755671826490989,-0.013117000980460647,0.017970975088760863,0.01221180899282951,0.010674175086161699,1.8551768037050858,1.9081025064423636,31.17681028669506,-1.0304216444980825,1,14.850000381469728,0.0698847448869695,0.07686732578310052,1.064401694686388
2024-01-24,45082.3984375,45082.3984375,45485.5,44489.3984375,44489.3984375,348700,0.0014961141902798403,1,-1.0,-0.06322486657089843,-0.045726691272567344,-0.05536849332133531,0.013329018166722655,-0.011677257597784351,0.02238963882371555,12.761967232663743,46429.65678235321,-0.009511546841998265,-0.04708587283616055,-0.028260500637931098,-0.07307381271328224,0.1675400805627455,-0.013518603543450138,-0.00785637324956312,0.018382126241489202,0.012124217250290597,0.010674902678546209,1.4571971833928832,1.0714221176047236,32.08114325477898,0.35728840257411904,2,14.380000114440918,-0.03164984881854216,0.05969052600094327,1.0282445460962073
2024-01-25,44866.1484375,44866.1484375,45139.05078125,44429.0,45057.94921875,386800,-0.00479677229905584,-1,1.0,-0.026013570151670162,-0.05267437224408544,-0.07075176434638053,-0.004256757899007658,-0.00054232293749622,0.0159816962175606,12.865663042561277,46368.34272961387,-0.009044836522604545,-0.0482205932692954,-0.033357616710918137,-0.07752006657172865,0.16193965664626464,-0.005316047161560247,0.04473819419471037,0.006590995570492435,0.0116398716899961,0.010696030688659444,1.5509844019407355,1.2921304474251336,30.68681909391576,-0.10452263299670186,3,13.869999885559082,-0.03546594053011687,-0.0802387297260414,0.9946573755693454
2024-01-29,45442.3515625,45442.3515625,45660.3515625,45110.8984375,45171.5,336800,0.012842714274943212,1,-1.0,-0.0059325782862011955,-0.04207566102650662,-0.06320945831956659,0.005996071914813544,0.006805834089488752,0.01218005280389734,12.72724456135031,46332.029350511366,0.004885561610849583,-0.03285172559859829,-0.021597240321413642,-0.06567292036234078,0.17686211566129817,-0.001208925785674679,0.057276880033365396,0.01012424248308057,0.012077083128606413,0.010835567048805306,1.3653592784027566,0.8734603655729755,38.37266197038343,1.3462709423602446,0,15.68000030517578,0.1304975078984103,0.11442790655808,1.1239740643792264
2024-01-30,45367.75,45367.75,45678.69921875,45206.05078125,45481.5,232100,-0.00164167477991084,-1,1.0,-0.00729518729613432,-0.0490895108111713,-0.060558371167216296,-0.002501016896980091,0.0008614967349600396,0.010455424203877574,12.354923592262528,46294.21447402072,0.004717337692279538,-0.03142516435055482,-0.023693678787484584,-0.06720678156516971,0.17493009080658448,-0.0014673467636966548,0.053263183871081976,0.010111701209355796,0.012078784020078292,0.010801219564865764,0.9299623367256992,-0.17164705828675486,37.78842178701048,0.11824430497076893,1,16.100000381469727,0.026785718630076172,0.15994238103205016,1.1501232458070239
2024-01-31,45996.80078125,45996.80078125,46179.75,45071.19921875,45295.6484375,373100,0.013865593538361587,1,1.0,0.02180937226464108,-0.044883228123396735,-0.04638815041908473,0.01547946365570782,-0.0015892690843165023,0.024595546612144137,12.829601759209249,46282.55119195129,0.01423804675311431,-0.01564419941063359,-0.010937857917923169,-0.0542730499430123,0.19122119388169873,0.00432796424773101,0.06819752268372581,0.008476775436185835,0.012654396074578633,0.010959898454284477,1.4301046418030587,1.0958819768372372,45.344949228700735,1.2934307434135872,2,16.049999237060547,-0.003105661069842447,0.08080800166767754,1.1402386442591461
2024-02-01,46188.6484375,46188.6484375,46306.8984375,45668.3515625,46164.8984375,305700,0.004170891300949053,1,-1.0,0.024538401645459285,-0.04023790209533651,-0.03293437415708966,0.00051446013754701,0.0036545510425699613,0.01398226240170085,12.630359507878925,46278.86873099241,0.013523742600513486,-0.009872022986274464,-0.007923880093385518,-0.05032852563394657,0.196189647996766,0.004810117143846876,0.05747277580254895,0.008337731216566027,0.012606647593956638,0.010781327741373596,1.1448795011516206,0.38242556323426274,47.44170472746485,0.46358510974578354,3,14.460000038146973,-0.09906537535791016,0.005563276986744636,1.0277185472450796
2024-02-02,45970.94921875,45970.94921875,46892.3515625,45901.25,46568.19921875,337000,-0.004713262373212346,-1,-1.0,0.024624373157170476,-0.0020297648530646084,-0.03634842984632014,-0.01282527583242957,0.008217403931262196,0.021592038615506112,12.727838209334498,46266.79345600252,0.003879371409136207,-0.012703812683235458,-0.01361081219114964,-0.05480457646098914,0.19055169233763677,0.004783862782843588,0.06097280300349062,0.008313484610034939,0.012624253595620723,0.010812413038740669,1.2380602498163116,0.6353434222492329,45.31716303277127,-0.23578602479847155,4,14.699999809265137,0.016597494501038756,0.059841379275728634,1.0425531744363352
2024-02-05,45825.55078125,45825.55078125,46048.6015625,45615.1015625,45962.25,265900,-0.0031628330493705947,-1,-1.0,0.008432645001281713,0.0024500393884505645,-0.0491805975909817,-0.0029741628999885774,-0.0001892329590282178,0.009503431652038208,12.490875577231112,46249.4898216985,-0.0009677157339033827,-0.01331506534778876,-0.017631238972569636,-0.05779407178467216,0.1867861760981272,0.0016671364209886019,0.057613242592263414,0.007548151290022445,0.012300333445300527,0.010827087933788398,0.9609338296411405,-0.10868331896704421,43.90304024545664,-0.05896266384052679,0,15.619999885559082,0.06258504001572063,-0.00382655729903858,1.0988778947733966
2024-02-06,45690.80078125,45690.80078125,45932.1484375,45527.0,45891.19921875,178600,-0.0029404993001226343,-1,1.0,0.007120714191248156,-0.00022642004859352305,-0.05125104796092117,-0.004366816315798568,0.00143257279794356,0.008899080490697828,12.092903947424535,46227.58044756327,-0.0053064462098791195,-0.013595356754638724,-0.021460170632368453,-0.06056462765716074,0.18329643217791544,0.0014099155416248763,0.058371762152169326,0.007712077777133836,0.012293604708016815,0.01080202439627767,0.6457211034383021,-0.9839716087803135,42.57701043306684,-0.03169568169713067,1,15.789999961853027,0.010883487678582604,-0.019254683992026123,1.0986258424034634
2024-02-07,45818.5,45818.5,46062.8515625,45620.5,45944.6015625,283700,0.002794856219775488,1,-1.0,-0.003876373535149913,0.017848457456026257,-0.03438864916412454,-0.0027446437276958374,0.005554745745540784,0.009696333062987034,12.555672620796942,46211.538077070596,-0.001751455079276814,-0.009093146533891866,-0.01966630528003201,-0.057939040863691234,0.18660357557122603,-0.000780466869484891,0.030512275628974628,0.003972525269266907,0.012001450017363588,0.010801502971022895,1.016099281889651,0.045393865512111574,44.29414252863736,0.3781365473474317,2,15.510000228881836,-0.017732725373504787,-0.033644799616676435,1.0715026029560353
2024-02-08,45012.0,45012.0,46181.19921875,44893.75,45973.8515625,319900,-0.0176020603031527,-1,1.0,-0.025474840189190107,-0.0015615504041471828,-0.047216837143477464,-0.020921709402406567,0.00339058595327215,0.028677693860503967,12.675763725937609,46164.497368165874,-0.014268711287961677,-0.024181388633542217,-0.037434149981026454,-0.07452125467565437,0.16571690787808477,-0.005136128146927583,0.021741996954287357,0.007599561798266091,0.012517496367475135,0.011109558833923382,1.1140518892564861,0.3434884594746269,36.807959169602626,-1.2354637614567854,3,15.829999923706056,0.020631830438553767,0.0947441135508218,1.083986707882211
2024-02-09,45634.55078125,45634.55078125,45718.1484375,44859.1484375,44986.75,276000,0.013830773599262436,1,-1.0,-0.007317630878128423,0.017126550205672553,-0.03644995231920356,0.014399812861564795,-0.0005609615213720786,0.019148825377209324,12.528156144699286,46143.71514907113,0.0008393297020406333,-0.008830355602205377,-0.024852483296272463,-0.06172116767814391,0.1818396745117788,-0.0014947055785123644,0.029132321441075137,0.011399140923810903,0.012992989160746527,0.011262026619243413,0.9429772113840582,-0.18339296893125354,44.59257559102042,1.2158108822022395,4,15.449999809265137,-0.024005061040578646,0.051020408825263264,1.0490578712789367
2024-02-12,44882.25,44882.25,45748.5,44633.8515625,45664.30078125,268800,-0.01648533333561597,-1,1.0,-0.02058460324356781,-0.012325540893931342,-0.05388259663981654,-0.01712608685275466,0.000651918327028289,0.024973162711247925,12.501722887631132,46094.245927538934,-0.011570091294904893,-0.022456564091184017,-0.04105753840551346,-0.07718900699072222,0.16235665352819625,-0.004134151712248592,0.033297993396248726,0.013325790679088704,0.013370665888688557,0.011321438397051964,0.8974808433915962,-0.3693021119352783,38.43141382052572,-1.0444517385511067,0,16.059999465942383,0.039482178913130994,0.02816898742682361,1.0784313395875784
2024-02-13,45502.3984375,45502.3984375,45750.3984375,44819.55078125,45056.80078125,245900,0.013817231477922798,1,1.0,-0.004123419605885137,0.0029679328928589044,-0.046267272292143224,0.009889686984510263,0.0038890826830205705,0.020768785943285597,12.412680228204284,46071.036222047216,0.0029195232395320993,-0.006561512350547135,-0.02823143380639848,-0.06443831388994124,0.17841720446989903,-0.0008395405477667533,0.04214385268625809,0.015596909052411975,0.013752826136994288,0.011478435472580083,0.8136456885712395,-0.7016211385539337,45.15810282423145,1.182891444483374,1,15.8100004196167,-0.01556656629135289,0.001266653439644827,1.0520712333887894
2024-02-14,45908.30078125,45908.30078125,46170.44921875,44860.75,45014.6484375,280000,0.008920460408422759,1,1.0,0.001959924075427999,-0.0019240468575387748,-0.046720917546908436,0.019852478576852153,-0.010719215178732852,0.029194768673060527,12.542544882151386,46064.65444005517,0.01146562809140759,0.0047683026107929,-0.0200207765993416,-0.05609267290935915,0.1889292284869771,0.0003947079025883032,0.048680841622336435,0.01617701461134021,0.013731873008548098,0.01149805067664875,0.9094895489906291,-0.37658850223498047,49.07953843763936,0.826038265181056,2,15.4399995803833,-0.023402962012215367,-0.0045132590242122905,1.0218398172636296
2024-02-15,46218.8984375,46218.8984375,46297.69921875,45590.19921875,46027.1015625,277700,0.0067656099433950345,1,1.0,0.026812815193726136,0.0006549228224534964,-0.03960933199329286,0.004167042209676398,0.0025877843271977724,0.015518686299335683,12.534296673294891,46070.7032242687,0.012921938589390568,0.013680708967998584,-0.01330110371907479,-0.04970656411155118,0.1969730598972217,0.005257865862867703,0.066422147187019,0.012625543531042626,0.013880150324827404,0.01037851911721952,0.8942919249657838,-0.457420047242995,51.913026340521434,0.6330721642897679,3,15.229999542236328,-0.013601039109727653,-0.03790274064191268,1.002435306209709
2024-02-16,46384.8515625,46384.8515625,46693.3984375,46264.3984375,46454.30078125,291400,0.0035905902262991507,1,1.0,0.016441506893462687,0.009003563136807724,0.006955523167735622,-0.0014950008413006028,0.005093205413978555,0.009272788893592754,12.582452172743242,46083.022766944436,0.013226746406057387,0.016963105003179466,-0.009492936379354937,-0.046294449788533885,0.20127089966723205,0.0032467272332966117,0.009485983725727065,0.011711314635769458,0.00983408902165368,0.010235058282494564,0.970961131566233,-0.1547076550329757,53.40493054751259,0.3255393886778478,4,15.220000267028809,-0.0006565512480672941,-0.014886701946649872,1.0013158101825834
2024-02-19,46535.5,46535.5,46717.3984375,46317.69921875,46554.8984375,158400,0.0032477938901456227,1,1.0,0.036835274523893125,0.01549243176888293,0.017980428225390366,-0.0004166787631604958,0.003666000197734275,0.008629513673861344,11.972878758362462,46100.766972162295,0.0092281554971471,0.019347518787380148,-0.006149039695620741,-0.0431970107295591,0.20517237995558102,0.007128404831790313,0.01885484629850276,0.004310139631469629,0.009668293181627024,0.01023402339231964,0.538253733625567,-2.1064703024160027,54.77657276911966,0.23942082220282818,0,,,,
2024-02-20,47094.19921875,47094.19921875,47136.75,46367.80078125,46444.8984375,171900,0.012005871189736839,1,-1.0,0.0349827885102898,0.03071512018839262,0.030481745620793532,0.013980023707528428,-0.0019469343297052787,0.0165836896681316,12.05466819137094,46139.72509947946,0.014341436186080303,0.030014160594609166,0.005674413701955694,-0.031709757286423,0.21964152431075634,0.006841232097001152,0.004501042889496265,0.0036627458514993856,0.00997153101170933,0.010375280306822077,0.5967713938552335,-1.6578570233215337,59.53416781817669,1.0496912899822506,1,16.06999969482422,0.0558475304127799,0.0006226792786041546,1.0503267807129217
2024-02-21,47019.69921875,47019.69921875,47363.3984375,46886.94921875,47363.3984375,198900,-0.0015819358060203959,-1,-1.0,0.02420909549224537,0.02621646755677287,0.04453284851863337,-0.0072566418392366865,0.0057161863502463274,0.01016165962360095,12.200557464842063,46174.233888470466,0.007911351544926623,0.02613523082453191,0.004187419048367435,-0.03324153029199182,0.21771212971293982,0.004719895256473552,-0.020323753026388003,0.004983012541937866,0.009213990509872766,0.010298923981210115,0.7184006645838225,-1.1970225137112676,58.64815250208421,-0.4129222412193884,2,15.93000030517578,-0.00871184768556843,0.007590125387358482,1.0342477094386755
2024-02-22,46919.80078125,46919.80078125,47024.05078125,46426.8515625,46934.55078125,177200,-0.0021246081782709814,-1,-1.0,0.015164843114939375,0.04238427044454807,0.04075653486575881,-0.00031426741610345857,-0.0018109098721338787,0.01286322889989747,12.085034317153118,46203.47180583437,0.0027567512631060703,0.021906245936616917,0.0022227717206081215,-0.03529551324314623,0.2151249685633719,0.002981313600026279,-0.025591691750819434,0.005646081579694871,0.009263589831936302,0.010301330689325764,0.6604793320660479,-1.3707377127118345,57.414247498603174,-0.4497232201354602,3,15.199999809265137,-0.04582551675617108,-0.015544027049267939,0.9857328064247666
2024-02-23,46811.75,46811.75,47245.3515625,46723.1484375,47060.69921875,200500,-0.0023028823535239384,-1,-1.0,0.009203402040099062,0.025796226731647387,0.04336457730955634,-0.005289960049102144,0.003002963251205993,0.011176539733800981,12.20856952572876,46227.3258526644,-0.001374681772660973,0.01739731004551905,3.687110901064639e-05,-0.03751711418206398,0.21232667871594096,0.0018196941606392404,-0.03416117526945728,0.006093088257938886,0.009183372289917285,0.010286365723881702,0.7742060044405831,-0.9451909699092547,56.04088163709105,-0.4866669929426122,4,14.970000267028809,-0.015131549021213275,-0.017071522194500477,0.9689634178660469
2024-02-26,46576.5,46576.5,46893.1484375,46513.55078125,46615.8515625,223700,-0.0050254476707236595,-1,1.0,0.0008810478022154289,0.0377487759637718,0.02495796098800307,-0.0008441669771330802,-0.004184813374847127,0.008161012218465569,12.318061147478222,46241.01895648148,-0.006567001186878977,0.011038360794241043,-0.004769454062244434,-0.04235402155870915,0.20623419443223173,0.00017516969564274708,-0.02407691318578764,0.00670824721667351,0.008957827989620538,0.010309834991334692,0.8830727933049107,-0.49780238726417225,53.06470483276021,-0.7033217004428945,0,15.600000381469728,0.04208417523067687,0.02496715556990603,1.004119491242497
2024-02-27,46588.05078125,46588.05078125,46722.25,46324.8984375,46480.19921875,157300,0.0002479959045871283,1,-1.0,-0.010747574985805919,0.023859233381756884,0.026897978878167805,0.0023203765111336474,-0.0020675830354363253,0.008577494520276032,11.96591008904637,46254.628047648876,-0.00417050439406741,0.009951457461683539,-0.004035615607373803,-0.04211652927801142,0.20653333557242382,-0.0021734069219456788,-0.037645553863973724,0.0018997922096131398,0.008935831304908815,0.010118488824236969,0.6302588348425354,-1.4614035464976625,53.19613706315787,-0.1251802781168257,1,15.729999542236328,0.00833327933254524,-0.021157446113542644,1.0123242021822458
2024-02-28,45963.1484375,45963.1484375,46754.55078125,45852.55078125,46640.8984375,167300,-0.013413361007185598,-1,1.0,-0.02247038579159355,0.001194721985275482,-0.0007316235733446641,-0.014531238091568978,0.0011343607505311054,0.019671751835643684,12.027543886974914,46243.19747470186,-0.013070160676460106,-0.003559039515566344,-0.01647794959943555,-0.05496496607362132,0.19034966837518713,-0.0045357157620135105,-0.021738762218248886,0.005346594465947381,0.009017732200322169,0.010196423526486672,0.6991516569852481,-1.229366486286772,45.73453520435992,-1.4899359564547934,2,16.329999923706055,0.03814369986843791,0.02510983119066945,1.0501607732384046
2024-02-29,46120.8984375,46120.8984375,46329.6484375,45661.75,45881.44921875,544700,0.0034320973510877373,1,1.0,-0.017026976467241384,-0.0021203447791495744,-0.0014668106188834296,0.005218867817543702,-0.0017774939604299164,0.014627088044150739,13.207990463371766,46238.401434027284,-0.00627360720370275,-6.57239164183306e-05,-0.012364086268273667,-0.05172151383699741,0.19443506431888588,-0.0034762733664179405,-0.015560165848357954,0.006439598057245171,0.009001182303104503,0.010190458971766361,2.168046489412514,3.290063870826852,47.7277984778293,0.3857639422013627,3,15.56999969482422,-0.04654012446004674,0.02434209803960341,1.0028339409705571
2024-03-01,47286.8984375,47286.8984375,47342.25,46218.0,46218.0,172500,0.02528138088159948,1,1.0,0.01015019599779965,0.01944701437245211,0.02862566993098481,0.023127319172183997,0.002105370142162032,0.024324938335713357,12.058152515453552,46279.51896357523,0.016767315782954945,0.023753573723973558,0.012858045724040763,-0.027747724246484057,0.2246320321182693,0.002060447448324896,-0.01847547393318516,0.014339650959859469,0.01051494982013167,0.010819865044875839,0.7098327263749151,-0.7972043343504991,59.553690394886715,2.2606966751068094,4,15.239999771118164,-0.02119460052499267,0.01803603869560555,0.9791198108035137
2024-03-04,47456.1015625,47456.1015625,47529.6015625,47191.6484375,47318.5,158100,0.0035782242141264575,1,1.0,0.01888509360943824,0.019782780081873064,0.03558169522137322,0.0029079865697348817,0.0006682942536772292,0.0071612909527324665,11.970983023197563,46325.65945765071,0.016560240511702386,0.025606538718006812,0.016477575738245598,-0.024268787611143296,0.22901404010898976,0.003720275981570578,-0.01669660161193498,0.013786502567316622,0.01046837095683933,0.01075935733095066,0.6653340347185692,-0.8811524725056316,60.93485999785137,0.1693902053931736,0,14.920000076293944,-0.020997355618775138,-0.04358976208638521,0.9578839333410794
2024-03-05,47581.0,47581.0,47737.8515625,47196.75,47265.69921875,176900,0.0026318731077290547,1,1.0,0.0213133883495642,0.010336746124269824,0.0413693607122263,0.006670815971445995,-0.004012178360231273,0.011464805574536382,12.083339880147877,46374.88849852716,0.014918229862922662,0.026209751102893926,0.019265970241913035,-0.02170078687288525,0.23224864911017398,0.0041847062276798245,-0.0200559723626621,0.013676348752764893,0.010410891560213608,0.010700045634986437,0.7447166792961185,-0.671461828261519,61.96728554277864,0.05287754509348444,1,14.380000114440918,-0.03619302674877456,-0.08582323376237566,0.9269047422337691
2024-03-06,47965.3984375,47965.3984375,48161.25,47442.25,47451.6484375,301700,0.008078822166410982,1,-1.0,0.04356207240073262,0.02011283003641351,0.046856584949310776,0.01082681038313507,-0.0027185549378953783,0.015155267720228278,12.617188425147152,46437.26143731041,0.014452396353558848,0.03211079868338852,0.027292018058759995,-0.01379728150449151,0.2422037668111352,0.00841617452344417,-0.0032945125485781546,0.009432292069894778,0.010497158899106374,0.010709551244364304,1.2653078342559974,0.6960634182108725,65.03043948002703,0.5453935342613344,2,14.300000190734863,-0.005563276986744636,-0.12431106812341541,0.9261958118245992
2024-03-07,47835.80078125,47835.80078125,48071.69921875,47747.19921875,48035.80078125,146300,-0.0027018988786023934,-1,-1.0,0.03718276100093587,0.019522674537144402,0.06273439929907587,-0.0041635612761152675,0.0014677735626805195,0.0067962101507426445,11.893414587008216,46492.10611746491,0.004425422806814971,0.026204426145636683,0.024467691307055114,-0.016461901523669192,0.2388474578465925,0.007150581042225914,-0.02555163829814,0.010589112936619967,0.009473784000531183,0.010695467864014378,0.6367513927576601,-0.917314196797215,63.182827481351495,-0.6092807655669488,3,13.609999656677246,-0.0482517849548475,-0.12588311345943815,0.8869627375306384
2024-03-11,47327.8515625,47327.8515625,47853.80078125,47230.6484375,47792.19921875,204200,-0.01061859967752643,-1,-1.0,0.000866056483999067,0.011025043124856415,0.03710567436867884,-0.009715971724268874,-0.0009114839051067025,0.013193813008403077,12.226855184712702,46524.880448642754,-0.006411047565844715,0.013466823533544933,0.01400377601587718,-0.026905698858984924,0.22569263263019823,0.00017122374594413304,-0.036239617884679776,0.007168410345458689,0.009595286270338255,0.010668043919357582,0.9028606800194544,-0.2428225978723293,56.41712538336774,-1.297503142188756,0,14.0,0.028655426389479377,-0.08136481559980924,0.9178522302678754
2024-03-12,47282.3984375,47282.3984375,47812.75,46884.44921875,47351.3515625,207200,-0.0009603885133043777,-1,-1.0,-0.003660290653483833,0.015155678024325603,0.053476562282416706,-0.0014562018342599448,0.000496536378140184,0.019799758698642332,12.241439789367465,46554.58703644108,-0.006640786446957127,0.009898255972937088,0.01356247291754676,-0.02784024744816271,0.22451549150497838,-0.0007340418770989621,-0.05713685293590054,0.006913214354620311,0.008598047640208181,0.010643058932508056,0.9287731408848446,-0.1765610287682921,55.84089741018795,-0.4170798682746342,1,13.640000343322754,-0.02571426119123188,-0.08579086638243072,0.8995878243177868
2024-03-13,46981.30078125,46981.30078125,47468.69921875,46842.1484375,47341.1484375,274600,-0.006368070702843176,-1,-1.0,-0.01260375399319058,0.008441005652854328,0.03250163495845948,-0.007601160261776761,0.0012425342609820944,0.013375790866765791,12.523070772316007,46571.320908786525,-0.01047313405211412,0.001884792061794311,0.007674388302921029,-0.034031029486871305,0.21671769027834795,-0.0025366700445312736,-0.04510538895165006,0.00699262097962234,0.008403165050746902,0.010661069069708227,1.2230263890435364,0.5526627029993455,52.0484505834598,-0.9477519608787035,2,14.43000030517578,0.057917884308540835,0.0034770646965884833,0.9568331218520537
2024-03-14,46789.94921875,46789.94921875,47231.5,46565.55078125,46825.75,220400,-0.004072930279026443,-1,-1.0,-0.024506191067747207,0.017988340863426044,0.01920455391500986,-0.0007645532906573841,-0.0033109083542463245,0.014301328075735977,12.303199356260896,46579.89456800078,-0.00959944373253123,-0.00313293535056349,0.004192379298778388,-0.03796535375547419,0.2117620839565862,-0.005003902400331648,-0.043710744982757066,0.003760115792056449,0.008311357556316575,0.010672431756897064,0.9948317497573856,-0.012770265808410028,49.73663680740971,-0.6054889996615763,3,13.619999885559082,-0.05613308402538042,-0.0475524682591516,0.9097284784461784
2024-03-15,46594.1015625,46594.1015625,46802.55078125,46310.5,46572.1015625,339300,-0.004185677897071027,-1,-1.0,-0.025957529684267455,0.010260058694243623,0.00811795905320789,0.0004723858117176844,-0.004655864344531123,0.010625037113613543,12.734639950772321,46580.45170503997,-0.00853319977336749,-0.0077021093629059895,0.0004905503701110969,-0.041992120910476494,0.20669003818526033,-0.005307546767981605,-0.034075488737475346,0.003591908067931814,0.008269941296245463,0.010602268106438547,1.510517529215359,1.2370746849688001,47.41531816123544,-0.556099232289884,4,13.6899995803833,0.005139478370953299,0.0058780254022126055,0.9197796029432335
2024-03-18,46575.8984375,46575.8984375,46739.25,46022.1484375,46458.75,151300,-0.0003906744499747594,-1,-1.0,-0.015888173668880512,-0.015035877240706319,0.004118734210943442,0.002521558102617914,-0.002904907659147441,0.015581662022446733,11.927019899776447,46580.273145528605,-0.005738772574703052,-0.008291520871003143,0.0005848380754123955,-0.042366390111711325,0.20621861521830223,-0.00322767517683049,-0.020006907879823954,0.002491850908021046,0.008237197186255239,0.010601804305816096,0.6952485984744049,-0.715577188088549,47.19484023196974,-0.07590590329153635,0,13.899999618530272,0.01533966724497815,-0.007142884390694881,0.9380799490716352
2024-03-19,46384.80078125,46384.80078125,46602.3515625,46258.75,46421.8984375,147100,-0.004102930113230818,-1,-1.0,-0.018983758986686916,-0.02257456356458376,-0.0032383711091532597,-0.0007991412996593909,-0.003306431119233308,0.007427817710162942,11.89886790658953,46572.607562615725,-0.006008959866699473,-0.012201952368945806,-0.002744495123131653,-0.04629549388716394,0.20126958453878344,-0.0038543439262024434,-0.015745387877533656,0.002159229649861737,0.008258599828774419,0.010499504054610878,0.6777084149178779,-0.7514450357382685,44.837707986108775,-0.4785249152018544,1,14.109999656677246,0.015107916828071,0.03445742679798203,0.9558325235871513
2024-03-20,46310.8984375,46310.8984375,46655.55078125,45828.80078125,46392.8984375,210400,-0.0015932448238491492,-1,1.0,-0.01426955687905418,-0.026693460887749265,-0.01663263829185435,-0.001767511898625379,0.00017457563929590688,0.01803996582730241,12.256765759845692,46562.344459670014,-0.004732987388852488,-0.012952511537234555,-0.003541512068145644,-0.04781497865500981,0.19935566799116963,-0.0028906121507846338,0.002363081412800172,0.0017702936413684714,0.007754314182307753,0.010500157743288229,0.9608183395743903,-0.09274942505020693,43.924058890438914,-0.1004841639253903,2,13.470000267028809,-0.04535786004399878,-0.0665280677646719,0.9205850393058252
2024-03-21,46684.8984375,46684.8984375,46990.25,46570.1484375,46674.8515625,150400,0.008075852825544683,1,1.0,-0.0022451569835836294,-0.026696327805314057,-0.007120436472645264,0.00021525242531401998,0.007858908751061735,0.009020833658363836,11.921053690497876,46567.150498016286,0.003757868352339281,-0.0046261229593605345,0.00483669008211799,-0.040125272559939494,0.2090414878513492,-0.0004536762826649393,0.004875279489061635,0.005021906967826641,0.008000529992915445,0.010373265507648355,0.6945117868439888,-0.7061087457411013,49.52905754440961,1.0446565541094261,3,12.510000228881836,-0.07126948916970799,-0.08149777283435578,0.8650854199973852
2024-03-22,46863.75,46863.75,46974.1484375,46566.80078125,46634.8984375,172200,0.003831036769619267,1,-1.0,0.005787179674197729,-0.02032057089825101,-0.0011946082531620883,0.004907302688923113,-0.0010710101483231915,0.008747598061621993,12.056411870975767,46578.78185103525,0.006436312697851041,-0.0007531007921569563,0.008850806743524176,-0.03644795718488842,0.21367337024730282,0.0011551848521679671,0.006981787927359817,0.004802504029466374,0.008041799112177821,0.010372661911629614,0.7960981022167772,-0.4701691047372121,51.99991000217217,0.4775151533604538,4,12.220000267028809,-0.02318145136268701,-0.10737760105273386,0.8538289740637302
2024-03-26,46600.19921875,46600.19921875,46788.3515625,46529.05078125,46552.94921875,171700,-0.005623766370595584,-1,1.0,0.000521745839913601,-0.015374717417482642,-0.004519181215186352,0.001014973289403741,-0.006632008348670348,0.005572879242025962,12.053504046885568,46579.62174780838,0.0006719041560117509,-0.00614848026243113,0.0035059097594640994,-0.04186674875959075,0.20684795476281861,0.00010370822330702015,0.005040927055099953,0.005712143634466195,0.008124931765228455,0.010393903628348744,0.7991064156563423,-0.4578290873789938,48.25129671316909,-0.6647771029057872,1,12.81999969482422,0.04909978843570828,-0.07769783837017441,0.9025308691593849
2024-03-27,46785.94921875,46785.94921875,46956.1015625,46643.44921875,46643.44921875,285100,0.003986034461527899,1,1.0,0.008648273372819038,-0.010499662351228456,0.004496886171137859,0.0030550913876823036,0.0009281076202480693,0.0067030279489776285,12.560595274900763,46587.71302117864,0.002932747720525018,-0.002409763851604821,0.007789088950662744,-0.03804759660141077,0.20189556500326483,0.00172165975349982,0.004151387201681178,0.0053539840432166655,0.008093980088316697,0.010408187625279468,1.3081882212586322,0.7027427800897813,50.9359056591459,0.458606218141113,2,12.699999809265137,-0.009360365711048368,-0.09992911989511344,0.9033038067705172
2024-03-28,47124.6015625,47124.6015625,47440.44921875,46827.8515625,46827.8515625,348000,0.007238334359031873,1,1.0,0.017570445671619916,0.0030501663186641714,0.011516918442656676,0.006337040673410672,0.0008956181171847885,0.01308190821935063,12.759957758756611,46608.76747377948,0.00668039559803252,0.00423667594583423,0.015339779394964658,-0.031084663468137444,0.2101259428359116,0.0034784081057989604,0.00605352722896324,0.005438027750464086,0.00824347652162778,0.010428020855792733,1.5298720710423352,1.2215424303370088,55.47145610420075,0.8008443543043889,3,12.829999923706056,0.010236229637269778,-0.04751301637976302,0.92205971967602
2024-04-01,47578.25,47578.25,47646.80078125,47373.1015625,47391.05078125,134089400,0.009626573434224905,1,-1.0,0.019135771789157596,0.016847651993905366,0.03513905416414609,0.003950096392968444,0.005654142632837247,0.005777523736521763,18.714017299639206,46646.78639637637,0.012506769978218962,0.012162193728980322,0.025370317536468574,-0.021757328829466648,0.21145166937203602,0.003791444523155077,-0.016003282374988492,0.005792166607762255,0.007771366584293944,0.010432275382418237,19.367075535398982,4.248506548636173,60.71093319236249,1.0063605426186126,0,12.079999923706056,-0.05845674235852649,-0.03437252576407135,0.8816231183350376
2024-04-02,47545.44921875,47545.44921875,47707.3515625,47408.55078125,47490.75,183400,-0.0006894070557450505,-1,1.0,0.014546407804539863,0.02041777015431645,0.030887316368748863,0.0011517867953232998,-0.001839075628044327,0.006302676971264331,12.119424838804502,46682.02807568514,0.008881540377218564,0.009934080699496771,0.024919490547126194,-0.02243173622920246,0.21061648604347688,0.0028655918145371047,-0.016340908564209,0.006127760000218009,0.007778488196877647,0.01043227540884669,0.02655850183404267,-0.22454899757967253,60.159738730705186,-0.28622339173833483,1,11.649999618530272,-0.035596051977777154,-0.0466448965665307,0.8625795694207752
2024-04-03,47624.25,47624.25,47676.94921875,47279.80078125,47350.25,283800,0.0016573779939998978,1,1.0,0.0219752447074939,0.022508456039914693,0.007134144417314303,0.005786664273155897,-0.004105528961392615,0.008399960045041037,12.556025043708079,46718.97795507004,0.006180847085568508,0.011245602267929882,0.025928252445860448,-0.020811536101195967,0.21262293516661893,0.004307671072949403,0.014841100290179599,0.00413354935583033,0.005490283702380568,0.008331324684519706,0.041064523247107,-0.22139074530104247,61.07407901018293,0.23443207114624862,2,11.369999885559082,-0.02403431263000444,-0.11310451199546767,0.854084501504977
2024-04-04,48060.80078125,48060.80078125,48254.6484375,47712.69921875,48086.19921875,324300,0.009166564959028234,1,1.0,0.02724859885901565,0.03613252556379387,0.012742286004121306,-0.0005281855898915904,0.009699873882528335,0.011358594831646546,12.68942429229541,46771.598458057495,0.009963514270622493,0.01986049598968621,0.034286520848284055,-0.011835741439736515,0.2237385220726312,0.005353791660761093,0.014506312854894343,0.004629630524998133,0.00579353491163887,0.00832743396644971,0.046868327170695084,-0.22032976113196037,65.76202571461283,1.4690886060300583,3,11.220000267028809,-0.013192578719441017,-0.11653539877666863,0.8546943667593077
2024-04-05,48493.05078125,48493.05078125,48557.3984375,47894.5,48104.6484375,214300,0.008993816019990941,1,1.0,0.02903895573387638,0.04711962879957898,0.01916838194342274,0.00807411251024175,0.0009123371965767646,0.013840805050684317,12.275132181461668,46839.10639230034,0.01321951240931857,0.02803810564834653,0.042336174236305174,-0.0029483739007147335,0.2347446011967281,0.005694658418108868,0.00987057379045364,0.0048618962991583865,0.006074039936707358,0.008400530472345754,0.030962592766774235,-0.22407044423173708,69.65845163711855,1.3201750751342727,4,11.34000015258789,0.010695176711511767,-0.1161340436460242,0.8739547750961183
2024-04-08,48581.69921875,48581.69921875,48716.94921875,48424.6484375,48586.75,263400,0.001828064765400983,1,1.0,0.021090502882094242,0.040629857721322216,0.012848861915596421,-0.0001039538814594514,0.0019322195085781056,0.00603619831390748,12.481429068291318,46907.443365886604,0.010833080399824745,0.02924505141563954,0.042642979203304565,-0.002776241167990574,0.23535507687026408,0.0041385279027980485,0.00824164096649782,0.004551421890889417,0.005846512523033881,0.00806408269622771,0.03806721450311735,-0.22236278014437266,70.40238802464668,0.20050894704410505,0,11.609999656677246,0.023809479758052587,-0.03890730711897372,0.9041351696585763
2024-04-09,48730.55078125,48730.55078125,48960.75,48568.25,48810.80078125,147600,0.0030639431080778934,1,1.0,0.02492565707072214,0.039834643647808754,0.018704610049105952,-0.001644103327860725,0.0047157996979154395,0.008081411209998302,11.90226119114851,46978.937774332226,0.008954404719520853,0.03142101639602783,0.04420245434857924,-0.004701709404982562,0.23027274533791517,0.004878798319358077,0.006221047021616188,0.0037959436219673105,0.005814998287019029,0.008066997732019413,0.021331313891873652,-0.2262337348533668,71.6589419122085,0.36445179515832044,1,11.359999656677246,-0.021533161704808346,-0.02489270140333366,0.8924853449230081
2024-04-10,48986.6015625,48986.6015625,49057.3984375,48669.25,48879.55078125,247100,0.005254420012599681,1,-1.0,0.028606257578859484,0.05121013179681455,0.035048073074043895,0.002190093393637821,0.003057630123428249,0.00797522948268157,12.417548391976702,47057.66968759371,0.008566117077268965,0.035023615416968024,0.047838787099412805,-0.0014431436899410082,0.2191726899064381,0.005591365337180625,-0.006441815495184411,0.0033349353153699058,0.005200249829607463,0.008030290933556512,0.03570009607674582,-0.22298504278867234,73.72536183644678,0.6751799285618791,2,11.109999656677246,-0.022007042918619546,-0.022867214731642993,0.8828671112049056
2024-04-12,48564.55078125,48564.55078125,48882.6484375,48477.55078125,48671.19921875,208000,-0.008615637088266292,-1,-1.0,0.010481514910515743,0.03801572036476286,0.027116905785665724,-0.0021912021731922923,-0.006438543064629439,0.008356396924381799,12.245293358683455,47116.76306381553,-0.0021930760902233925,0.024718235299700582,0.03742530310848699,-0.010046347175908578,0.198062770364617,0.002056684823736082,-0.01663539087514998,0.006585135275493394,0.0056721815707817215,0.008002440768755545,0.030050898709689536,-0.22429273210062095,65.27676768361849,-1.7556225706405075,4,11.529999732971191,0.03780378841339749,0.02762918525531144,0.9239892483222046
2024-04-15,47773.25,47773.25,48255.5,47725.80078125,48057.5,197100,-0.01629379389946939,-1,-1.0,-0.014843380023603525,0.013764539454826252,0.016856689908127498,-0.005914789574988295,-0.010440759218260168,0.011098802117074221,12.191466493140812,47142.50764954826,-0.015539294279449422,0.007180176956075049,0.019473980037704213,-0.02617644796505114,0.17300456082843796,-0.002964305320118057,-0.03170006993173102,0.009222038645533025,0.0067363437904856835,0.008378811453812567,0.028492067105973577,-0.22452059674654518,53.010991582426335,-2.549959532353333,0,12.470000267028809,0.08152650093907554,0.09964727506489868,1.007229141018206
2024-04-16,47484.80078125,47484.80078125,47609.0,47316.55078125,47436.69921875,186100,-0.006037881424228009,-1,-1.0,-0.022578428814541196,-0.0019641163504332537,0.014850444894724424,0.0010140157998385184,-0.00704475373247581,0.006180696055002557,12.134039442630343,47155.930909614995,-0.017039638127632907,0.0003662133735501436,0.012675393288906048,-0.03205627910035869,0.1659220983800772,-0.004592103059766649,-0.03742887370926562,0.008859262656767774,0.006826092829221784,0.008231578932294155,0.026908617698091383,-0.22482774651564408,49.36927926923501,-0.9972980818507841,1,12.619999885559082,0.012028838437708744,0.08699399300162391,1.023478366711387
2024-04-18,47069.44921875,47069.44921875,47829.75,46982.1484375,47592.69921875,186400,-0.008747042330732646,-1,1.0,-0.03408747768841436,-0.010011473396959403,0.01020188479463191,-0.010994333345015579,0.002272273142664318,0.018040928111824388,12.135650181233627,47152.53947075755,-0.01889041065441047,-0.008880295207087064,0.003440501672959242,-0.040522923800834706,0.15572372843121007,-0.006996350559212687,-0.04428936248304627,0.007834410304272722,0.0070733789940415764,0.00832157667733273,0.026981821287412125,-0.22454891607840893,44.616314803966354,-1.3138885623427947,3,13.039999961853027,0.033280513478811224,0.14788735527718977,1.060335018779641
2024-04-19,47574.1484375,47574.1484375,47668.69921875,46579.05078125,46744.94921875,164600,0.010722437316070366,1,1.0,-0.02883345812829874,-0.001052017879546674,0.021432758862172996,0.017738798150568908,-0.006894068347643554,0.023393530336574157,12.011273567225107,47169.073155727834,-0.0024970290682738735,0.0006952085317268811,0.013507047272182217,-0.03023499099508277,0.1606225230478589,-0.006001570651212742,-0.050266216990471735,0.0100145837081779,0.007422881688981881,0.008413118664628348,0.023823928719268434,-0.22530055419229147,50.81300188639922,1.299644410215042,4,13.460000038146973,0.03220859490204031,0.21152119298737748,1.0964483640939007
2024-04-22,47924.8984375,47924.8984375,48146.30078125,47628.44921875,48145.69921875,177700,0.00737270159361425,1,1.0,-0.013171178018946295,-0.0028277170072251723,0.03320263599951789,-0.004586095639545945,0.012013894100508564,0.010872736169124235,12.087852014142742,47198.71336285616,0.007559901685176476,0.006442845864273941,0.020066903952783394,-0.02308520296776082,0.15951075286702796,-0.0026890753266571145,-0.04637381401846419,0.01136102835182293,0.007444815512764919,0.008446161318468003,0.025714306386611773,-0.2249167803353569,54.61360996719647,0.7682318099570367,0,12.699999809265137,-0.056463612684095055,0.10147442353777447,1.040514512043124
2024-04-23,47970.44921875,47970.44921875,48302.69921875,47899.30078125,48299.6015625,141100,0.000950461716875628,1,1.0,0.0041278166913492065,-0.010776834084071818,0.03583499429383097,-0.006814804534651797,0.007818548128769835,0.008421802216743607,11.857224137840905,47228.97751406768,0.007682006648529081,0.005647028046309728,0.020046552179135622,-0.022156682852532278,0.15584067583036398,0.0008229510136873896,-0.03170717760248176,0.008352844934119493,0.007408406757173872,0.008427957584067343,0.020428299347698776,-0.2260174901273732,55.098835015488206,-0.1132094091633371,1,10.199999809265137,-0.19685039665718373,-0.18203692134359017,0.8470353665157248
2024-04-24,48189.0,48189.0,48246.19921875,48028.69921875,48120.8984375,112200,0.004555946104515041,1,1.0,0.014829992064072428,-0.008083274670607654,0.03221816075092532,0.0014152180177693717,0.0031362895532609392,0.0045285423827403975,11.628038272070732,47266.625454692476,0.009286950820096965,0.008638491657523058,0.02366184597298595,-0.01770168140094822,0.1528744706811168,0.00293597091633969,-0.01738816868685289,0.007468547011568032,0.00729265874888237,0.008439323917224857,0.016248683052927697,-0.22691564113959475,57.449360063736165,0.4042942384311226,2,10.279999732971191,0.007843129921766057,-0.18541998207666588,0.8616570831010049
2024-04-25,48494.94921875,48494.94921875,48625.44921875,47737.19921875,47772.6484375,337400,0.006348943093859694,1,-1.0,0.03028503676291483,-0.004834781440448022,0.034807270411565394,0.015119546537072813,-0.00863997099960572,0.018607082412390823,12.729024449094005,47314.795014067284,0.009665906638272029,0.013312431805381768,0.02863889751249911,-0.011465125274968879,0.1556775874802953,0.005916287949532021,-0.004522233648650564,0.003581089007051659,0.007354378346909797,0.008023383952574481,0.04880352530977727,-0.21968306201096124,60.56183353752,0.6279025681869728,3,10.729999542236328,0.043774301649235126,-0.1771472719612217,0.9050269632996019
2024-04-26,48201.05078125,48201.05078125,48679.6484375,48088.25,48660.0,208100,-0.006060392726143227,-1,1.0,0.013177373938150216,-0.016036033449835174,0.03435289096051508,-0.00943175542026305,0.0034034633278095085,0.012298190046425062,12.245774012381725,47349.5501421921,0.0009340722870002364,0.0054896720521946845,0.021292984682253536,-0.01745603483929141,0.14867372743536292,0.002585433550707268,-0.021175517022364865,0.005437233185564763,0.007378098660759523,0.007894526806464486,0.030092888837794124,-0.22406655865553113,56.30142212201189,-1.0555516733220238,4,10.93000030517578,0.018639400882748625,-0.18796431841017258,0.9293032704222344
2024-04-29,49424.05078125,49424.05078125,49473.6015625,48342.69921875,48359.8984375,327100,0.025372890843195828,1,-1.0,0.031281283688166406,0.01769809431310221,0.056386620482261174,0.022004850674475735,0.0032955226841608824,0.023393446415407703,12.698021213526475,47430.903108429666,0.01998003919543334,0.028172749048667154,0.04519450577762008,-0.0010015600175661862,0.17781890053602736,0.006220413536433345,-0.025105336794094768,0.011582740934382876,0.009040484808182796,0.008180859232715701,0.04728686036787182,-0.22016485972075278,66.77566581984011,2.490487149281137,0,12.239999771118164,0.11985356169862582,-0.03622047598862044,1.0427226559113012
2024-04-30,49396.75,49396.75,49974.75,49249.8984375,49477.1015625,402900,-0.0005523784638946649,-1,-1.0,0.029732904412588024,0.03398345308305384,0.048215759118652946,-0.0016240151496849317,0.0010733798709620514,0.014717828574202327,12.906443671179439,47507.99514339321,0.013450435764113316,0.025181909122228785,0.04289938758074077,-0.011565840749578537,0.17716829874100315,0.005771687098505039,-0.018482854706064922,0.011769699480450556,0.009005098201842815,0.008008104624359542,0.05822170199852603,-0.21772885902900013,66.39309522354759,-0.3263000247614326,1,12.869999885559082,0.051470598547516566,0.26176471825701997,1.096205444348471
2024-05-02,49231.05078125,49231.05078125,49529.3515625,49123.6015625,49262.0,291900,-0.003354455885255625,-1,-1.0,0.021624245808171905,0.03677492526597126,0.034738578683537025,-0.0006282574550363363,-0.0027279122614342036,0.008259777115156427,12.584166556842206,47575.56595272092,0.005750417561441183,0.019993576050707722,0.03794474407903338,-0.014881499532263793,0.16923369943469616,0.004219106646692343,-0.01311433287536512,0.012498840641392875,0.008923096584113138,0.007969315075329777,1.2678901075035292,0.80416925979029,63.99657998188664,-0.5696860844621386,3,13.449999809265137,0.045066039538729896,0.30836577418642896,1.1389618049636507
2024-05-03,48923.55078125,48923.55078125,49607.75,48659.69921875,49375.05078125,223000,-0.006246058028830714,-1,-1.0,0.008838066013156842,0.03939076393019314,0.02898493094806076,-0.009144294392735198,0.002924983272037806,0.019483284863476683,12.314927050442256,47628.42810285931,-0.0022787637704554027,0.012177642131080019,0.030286689646153737,-0.021034606851459987,0.1619305978987626,0.0017411838898358158,-0.02014686493490392,0.013230088943939292,0.00908753022829093,0.008003516981280292,0.9603583040847526,-0.12123181952238712,59.690594819297296,-0.8460586288238691,4,14.619999885559082,0.0869888544896471,0.3625349962048561,1.2226636023819215
2024-05-06,48895.30078125,48895.30078125,49252.6484375,48784.0,49174.55078125,340200,-0.0005774315140434361,-1,-1.0,0.014403212974561486,0.027770383435988366,0.0266891506165452,-0.005678750401650371,0.005130453452209278,0.009606601293456871,12.737288958943898,47678.10938436483,-0.005670456874405215,0.01026484599849647,0.028604168048204304,-0.021599892320621913,0.1612596625544045,0.0028381014415906408,-0.012285937641983713,0.01263039056015657,0.009098307411867857,0.007999191441545067,1.447505584512286,1.332444165402128,59.29586657834948,-0.21190272458865875,0,16.600000381469727,0.13543095153279672,0.5187557107028609,1.3585400199080588
2024-05-07,48285.3515625,48285.3515625,49023.5,48213.75,48965.05078125,230300,-0.012474597947128241,-1,-1.0,-0.023039374570689497,0.007521207905533123,0.0046722230507987295,-0.01388131346552743,0.0014265174543470075,0.01679500142594177,12.347138085808776,47701.92280311523,-0.013505573611108665,-0.002569186920824424,0.015025454388582347,-0.03380504029534915,0.14677341515182046,-0.004657704116984048,-0.027711597621488226,0.005002637350434376,0.00940527072839289,0.008219866149854593,0.999891457722783,-0.0003285776359448905,51.39344912107579,-1.3515857753035,1,17.010000228881836,0.02469878542110071,0.38970592703923845,1.359875313057692
2024-05-08,48021.1015625,48021.1015625,48223.05078125,47851.1484375,48124.19921875,286000,-0.005472674246928877,-1,-1.0,-0.02784896653119895,0.0010559072215274856,-0.009732306199478846,-0.0021423246084857745,-0.003337499646065666,0.007772067252173774,12.56374708980199,47714.43961720875,-0.01335838404543931,-0.007544025301608735,0.009077317725143842,-0.039092710568837265,0.14049749781565643,-0.005697994911435457,-0.018116660331720102,0.004444955046229666,0.009253662041064516,0.008104021097543618,1.2226924885639776,0.6767158731347876,48.38493724720575,-0.5412672145562986,2,17.079999923706055,0.004115208341112453,0.3271173329900996,1.3348442859748177
2024-05-09,47487.8984375,47487.8984375,48258.6484375,47440.6484375,47976.3515625,272900,-0.011103517154974707,-1,-1.0,-0.03540757948668227,-0.014548995880802718,-0.02251466702152427,-0.010181122763444815,-0.0009318819965376549,0.01724259737043144,12.51686070669643,47705.555649377035,-0.01727434959479721,-0.017453220885550336,-0.0023232997696166755,-0.049762161141376396,0.1278339642834546,-0.0072599431792761985,-0.012892912465158002,0.004796928139652958,0.009534327329394436,0.008263370890248782,1.164323655524031,0.49892966139950345,42.92467664782876,-1.0467054666736544,3,18.200000762939453,0.0655738199201572,0.35315992721444056,1.3866667298332096
2024-05-10,47421.1015625,47421.1015625,47868.69921875,47313.3515625,47555.5,218900,-0.0014066083612420677,-1,1.0,-0.030710142554203457,-0.022143494808214204,-0.026871217290936777,-0.0028261386695545205,0.0014235534678160603,0.011737652013859064,12.296370283510955,47694.40058714656,-0.012516082869505193,-0.017504335980279683,-0.003936448284140841,-0.0510987736306835,0.12624754359920073,-0.006327714083736166,-0.0038389252632666793,0.005479445464272215,0.009482996582463443,0.00825986605387821,0.9199411641101072,-0.25543568063110217,42.280957913197234,-0.009290894735290977,4,18.46999931335449,0.014835084565756329,0.2633378562197013,1.3701271764554013
2024-05-13,47754.1015625,47754.1015625,47841.6015625,46983.25,47389.80078125,220900,0.007022190312494292,1,1.0,-0.02333965024278195,-0.009272603221418985,-0.025159940895828514,0.007687324598210536,-0.0006600601887905586,0.018269310073270793,12.305465389408209,47696.74180186631,-0.0008329382178423467,-0.009340210231814952,0.00266117078818455,-0.044435408631358836,0.13415626818933366,-0.004813043903022502,0.0018202906530465635,0.007933591204488222,0.009555244577723764,0.008306635882525039,0.9334854631507775,-0.2108806920224759,46.58177838177752,0.8610019568499784,0,20.600000381469727,0.11532220613431043,0.24096384988431252,1.4761734449088775
2024-05-14,47859.44921875,47859.44921875,47937.25,47607.8515625,47748.8515625,152000,0.0022060441470586056,1,-1.0,-0.008820529000368116,-0.031656684099506505,-0.014518852767237522,0.0023162369906475173,-0.00010993820066175599,0.006918993961900651,11.931635799828413,47703.12248488136,0.0031591440082171804,-0.006428105007508685,0.004332007087595753,-0.04232739095743351,0.13665826698662267,-0.001783730945885641,0.0056983237668694064,0.0069801796393638375,0.009421433276402942,0.008272971605352885,0.6500171057133083,-1.0657678105902513,47.904289976920744,0.3063338113316851,1,20.200000762939453,-0.019417456850636006,0.1875367719655412,1.403898997866821
2024-05-15,47687.44921875,47687.44921875,47957.19921875,47534.5,47923.1015625,188800,-0.0035938566533401106,-1,1.0,-0.006948036027781379,-0.03460350693618508,-0.0017960005076061991,-0.00491730159498689,0.0013299848784106521,0.00889247217810222,12.148443532693538,47702.50784699386,0.0009539737783888166,-0.00991068055570661,0.0002610431743032585,-0.04576912903516276,0.1325732801112387,-0.001394300808707528,-0.00515203552017518,0.006777080337855564,0.008706081787049257,0.008293651748639861,0.8088251044232623,-0.5793889722057731,45.90595918057947,-0.4047406365791078,2,20.270000457763672,0.003465331296058416,0.18676818198518141,1.371587130851579
2024-05-16,47977.05078125,47977.05078125,48052.8984375,47340.3515625,47945.8515625,219900,0.00607290948130923,1,1.0,0.010300568352035633,-0.025471729327329218,0.010366474996234443,0.0006507177937872297,0.005418665665354984,0.01505157548437883,12.300928176542852,47713.274236572535,0.004969022934743839,-0.004406711898690329,0.005486056853411527,-0.039974171331522416,0.13945129512230375,0.0020514930102726705,-6.590664419880987e-05,0.004594029289405541,0.008690421357775114,0.008079762805839646,0.9352869872190205,-0.19942293714245568,49.709890704475534,0.6324551469487731,3,20.0,-0.013320199884862771,0.09890105283544126,1.320349889396445
2024-05-17,48115.6484375,48115.6484375,48188.6484375,47758.80078125,47842.94921875,143800,0.0028888323478224454,1,-1.0,0.014646367378973624,-0.016513567205339252,0.0222267146974231,0.005699883121819071,-0.002795118922824837,0.009000386299874541,11.876178724269083,47729.05361700107,0.004948095846363929,-0.002613280516408533,0.007548321012695938,-0.03720081766291977,0.14274297888242135,0.0028953295948380875,-0.007580347318449476,0.004167764220762076,0.0084206378263894,0.008076611695525758,0.6172071163379617,-1.1390868346014578,51.46880203548491,0.20745469999491964,4,19.799999237060547,-0.0100000381469727,0.07200866124258165,1.278615429571004
2024-05-21,48048.19921875,48048.19921875,48259.75,47927.1015625,47927.1015625,166800,-0.001401814605857643,-1,-1.0,0.006158584218469487,-0.01732480522596236,0.009964461725947116,0.002526705189799156,-0.003918618601699064,0.006940716768907988,12.024550768906783,47741.56913079515,0.002307999097002483,-0.004500549211217778,0.005815236090899463,-0.03855048361922771,0.1411410650838827,0.001222461572484043,-0.0038058775074776285,0.00378238565479154,0.008126310117751485,0.0072923180980294326,0.7155880649520582,-0.847810709286479,50.54235088177795,-0.2362155464941322,1,21.809999465942383,0.10151516698645269,0.058737818546891196,1.3714393197864405
2024-05-22,47781.94921875,47781.94921875,48114.05078125,47435.25,48113.8984375,204900,-0.005541310690705403,-1,1.0,-0.0016193249455457304,-0.010425570643270543,-0.00298277562207927,-0.006899237632577255,0.001367360688189163,0.014310049620271844,12.230277334226992,47743.152663656125,-0.0029237089990980193,-0.009870296040078292,0.00010526460789020612,-0.043878174102921975,0.1348176479003305,-0.0003225927350457577,0.0013634506765335397,0.004750286249367792,0.008065812237781947,0.007323434009325607,0.873941694568254,-0.38177850705846794,46.94974881217405,-0.6688751515603997,2,21.46999931335449,-0.01558918665352671,0.06287121299248044,1.3138328416005138
2024-05-23,48768.6015625,48768.6015625,48829.69921875,47873.1484375,47899.3515625,184500,0.02064906015518586,1,1.0,0.02267163292359342,0.01556607357345019,0.01663841712447489,0.01814742729587447,0.0024570438349536907,0.019980945738273494,12.125404742462718,47783.366345963725,0.013093770484907225,0.009739938159144593,0.020249287094064563,-0.024135157004287165,0.15825056577699081,0.004525358891494312,0.00603321579911853,0.009937922952736248,0.009289951327400974,0.00786054054065461,0.7797147385103012,-0.6928098776688594,58.672972785685,2.11663845558359,3,21.3799991607666,-0.004191902909466139,0.05476066492034959,1.265051286466905
2024-05-24,48971.6484375,48971.6484375,49052.94921875,48644.80078125,48668.0,135000,0.0041634754431041365,1,1.0,0.020730696031834972,0.03124480233533178,0.01624122595405586,0.006239180519026876,-0.002062834677985852,0.008390381519607738,11.813030057420567,47829.96564367103,0.013125272863355105,0.013123107322617287,0.024065918547905917,-0.020072167694685818,0.16307291356456483,0.004078844274324202,0.004489470077779112,0.009899091329872723,0.009282122221459495,0.007803283080677442,0.567787521292032,-1.4000120038319448,60.60247549787596,0.3551467334807749,4,21.709999084472656,0.015434983005594427,0.08549995422363277,1.2425594796841974
2024-05-27,49281.80078125,49281.80078125,49688.8515625,49051.25,49105.8984375,226500,0.006333304139145568,1,-1.0,0.02423644659522317,0.03923778987499138,0.016225433270394607,0.003582102137360981,0.0027413820911365966,0.012998681226268443,12.330500223905226,47886.90035494864,0.01464596449586278,0.01871037802626868,0.029928782004389358,-0.013865986698282633,0.17043900806217135,0.004762561118351163,0.008011013324828564,0.009912277707281173,0.00928163615723933,0.007833850635858198,0.9753681853414865,-0.08222070665330286,63.412483756553605,0.5876157026611618,0,23.190000534057617,0.06817141925369685,0.17121219331422255,1.2815695285775968
2024-05-28,49142.1484375,49142.1484375,49511.1484375,49043.6484375,49390.8984375,155200,-0.002833750827610393,-1,-1.0,0.022767746482434292,0.029066547785080665,0.019524421999034258,-0.005036353009750816,0.0022137514157459085,0.00953232507968428,11.952469886731256,47936.12576995065,0.007233538062815866,0.014836498048823483,0.02623199663521198,-0.016660444774611177,0.16712227555440765,0.00443956674231852,0.003243324483400034,0.010154209195810433,0.009182894908782331,0.00768063550288016,0.6760317978874006,-1.040026133154235,61.29263536642512,-0.4157347873323764,1,24.200000762939453,0.0435532645805039,0.10958282235307704,1.2900818732592731
2024-05-29,48501.3515625,48501.3515625,49022.6015625,48401.55078125,48786.69921875,183600,-0.013039659342834353,-1,1.0,0.015055943834700214,0.013412238423724299,-0.01866903267062936,-0.005848882191651397,-0.007233082599188101,0.012831216587601266,12.120514757168527,47958.291487305534,-0.008823444746743746,0.0025585483912284467,0.012334894989243284,-0.029482857593084506,0.1519033986697445,0.0029278424595738694,0.033724976505329574,0.0123544557829388,0.00777167240451512,0.007924792151286879,0.8255395683453237,-0.5677390455690561,52.60307147957159,-1.5573934153964937,2,24.18000030517578,-0.0008264651707904358,0.12622268646909807,1.2492573339164943
2024-05-30,48682.3515625,48682.3515625,49044.6015625,48313.6015625,48313.6015625,151000,0.0037318547662894552,1,1.0,-0.0017685559404336804,0.020862980932073505,-0.014462458309504211,0.007632426233489825,-0.00387102614569536,0.015130314784219829,11.925035115797062,47986.68600005826,-0.004773678577952219,0.007043508924854941,0.015391755214962478,-0.025861028569427562,0.1562021348583753,-0.0003556601918148866,0.012693902369070531,0.007916734579753573,0.00784150504269154,0.007874052774016515,0.7197159266938348,-1.0635523472887827,54.56257596050788,0.5640320248738325,3,24.18000030517578,0.0,0.13096357597372243,1.2137945033153719
2024-05-31,48983.94921875,48983.94921875,49122.55078125,48569.05078125,48895.1484375,303600,0.006195215443995039,1,1.0,0.00025118168659776785,0.020987084889626084,-0.005019221783381322,0.001816147083866801,0.004371129745587668,0.011396146127971638,12.623466324503612,48025.79436157559,0.0013416017931676607,0.013541398541112418,0.020748109927217626,-0.01982602776902336,0.16336505618063005,5.053486881882608e-05,0.00527040346997909,0.008249157937238426,0.007962062301731097,0.007880258430217004,1.4430343647511763,1.6568058196143942,57.70065430869776,0.8046016368249718,4,24.600000381469727,0.017369729983172988,0.1331184439829869,1.2012598746255323
2024-06-03,50979.94921875,50979.94921875,51133.19921875,50092.6484375,50889.8515625,453200,0.04074804158983514,1,-1.0,0.03445792180033491,0.0595295059770542,0.042032894274062205,0.0017704444694507946,0.0389087114074596,0.020772524785713474,13.02408880813599,48141.64357166086,0.03495880804519886,0.05260183892487961,0.060403303493427075,-0.002997074353677539,0.21076990387403932,0.006933489294284875,-0.007574972473727293,0.019987452020783728,0.011869733079819483,0.009583744884176309,2.042361424064894,2.9565966284276928,71.65358591210463,3.215865393243559,0,20.940000534057617,-0.14878047929499438,-0.09702457732571301,1.0069970650294071
2024-06-04,46928.6015625,46928.6015625,50667.05078125,46077.8515625,50667.05078125,653100,-0.07946943295031661,-1,1.0,-0.0450437546053819,-0.023301552908419843,-0.04022266326878132,-0.07378462257237718,-0.006137676523712945,0.09959664053618494,13.38948553589075,48094.07329679181,-0.03864856627447995,-0.02907650981409442,-0.02400955019411626,-0.08222833150459748,0.11455070617986003,-0.008683990113453737,-0.00482109133660058,0.045418345347404694,0.022400374197370104,0.015331573088661584,2.749373802858406,3.402992574038517,41.6340435587179,-3.5521942337309134,1,26.75,0.27745937525134146,0.1053718659780245,1.2557506310447986
2024-06-05,49054.6015625,49054.6015625,49362.8984375,46446.80078125,47486.6015625,546800,0.045302862843005665,1,1.0,0.011406898615744065,0.026634584075331036,0.015931332694228972,0.03301984030034788,0.011890403323799235,0.06278360634533073,13.211838383831932,48131.74107191762,0.002630732641875132,0.014102116789656874,0.019073934261559507,-0.040650647485553776,0.16504304395350136,0.0023578371465562773,-0.004524434078484907,0.05109117243588085,0.02450675526836658,0.01653843987741717,2.1581086947941746,2.0917062197837626,52.807500263431336,1.8366016102852585,2,18.88999938964844,-0.29383179851781527,-0.21877588290993544,0.8828752751112608
2024-06-06,49291.8984375,49291.8984375,49672.75,48906.75,49426.3984375,250400,0.004837402964075865,1,1.0,0.012520900396880918,0.010730200543670687,0.026463301208241585,-0.00272121789674957,0.007579245639704099,0.01566245968092339,12.43081491820808,48177.23743919536,0.004976745898898566,0.01767097114516344,0.022736882023755945,-0.03600988808411609,0.17067882662759803,0.0024851771519269063,-0.013942400811360667,0.05110138859152852,0.02447618966903151,0.016541863359737487,0.9952700822767201,-0.008495601417988998,53.8690343200386,0.13513285321482196,3,16.799999237060547,-0.11064056220844543,-0.30521095843557655,0.7857075699671892
2024-06-07,49803.19921875,49803.19921875,49943.19921875,49080.44921875,49316.94921875,170300,0.010372917202576604,1,-1.0,0.016724866268773786,0.016980248935488884,0.04875559579241484,0.009859693425949608,0.0005082129527180478,0.01757828246752084,12.04531686665078,48241.000646236724,0.012020511784303077,0.025775520228248038,0.03201021935313112,-0.026010498469110126,0.1828221811670156,0.003324075663422728,-0.032030729523641055,0.05120961576062099,0.0243712688761018,0.016564063083455205,0.6909843382293273,-0.5396603657752691,56.157404737746496,0.32225743411165525,4,16.8799991607666,0.004761900436850874,-0.31382118296706685,0.7918933781371165
2024-06-10,49780.8984375,49780.8984375,50252.94921875,49622.75,49808.1484375,195800,-0.0004477780865451697,-1,-1.0,-0.023520046599202926,0.010127423274676417,0.04976259085609458,-0.0005470992368687164,9.937551859392818e-05,0.012699804399191902,12.184849009078548,48301.38879491372,0.016520894381983398,0.022830530844969023,0.030302503672815104,-0.026446629624420716,0.18229253931400943,-0.004815155652886598,-0.0732826374552975,0.04700117697315514,0.024364362145058868,0.01656176057496746,0.7981900083569434,-0.3499641067798612,56.026860300830116,-0.13200375963701574,0,16.399999618530273,-0.02843599325241486,-0.21680997133420854,0.7731290367595335
2024-06-11,49705.75,49705.75,49970.30078125,49530.44921875,49751.19921875,128500,-0.0015095837933569722,-1,1.0,0.05917816310382418,0.011468801841596266,0.04086870810344334,-0.000913530115126779,-0.0005965986890993423,0.008880427483251898,11.763684183317412,48356.46178334848,0.003603680768982933,0.019242909039420948,0.027426423378715654,-0.02791629001430776,0.18050776965765414,0.011157486203213928,0.018309455000380837,0.018935728880550336,0.024354656288881886,0.01653719756304577,0.5338928474977668,-0.7802214165644413,55.558172282574404,-0.15859136988851327,1,14.770000457763672,-0.09939019504152147,-0.44785045017705905,0.7059892224271744
2024-06-12,49895.1015625,49895.1015625,50233.3984375,49697.3515625,49857.44921875,211700,0.0038094498624403617,1,-1.0,0.017133968541750866,0.02873631259953613,0.04253396929926412,0.0007551999618913516,0.0030519450717472326,0.010786226190058857,12.262925457122957,48416.80059821717,0.004019127599492016,0.020994738695917742,0.030016437368097577,-0.02421318585902215,0.18500485481838638,0.0033819024961900496,-0.025400000757513252,0.004716862740769539,0.0243579730950205,0.016536632815862463,0.8687979644601305,-0.22441120446925836,56.54459927152339,0.060458113106685786,2,14.390000343322754,-0.02572783362651665,-0.23822123831256703,0.697510987218737
2024-06-13,49846.69921875,49846.69921875,50186.44921875,49799.6484375,50179.0,125700,-0.000970082076882206,-1,1.0,0.011255415166317118,0.023917243495420903,0.0452792094224872,-0.006622307763207717,0.00568990599496788,0.007767138792866102,11.74165339457834,48472.875053924334,0.0008105301375003782,0.01775584571029206,0.027862043293040196,-0.025159779158278328,0.18385530284770862,0.0022238687321041147,-0.03402379425617008,0.004982943164143715,0.024332765305465964,0.0165172737936277,0.5226285262873418,-0.7949746431087799,56.20119887168118,-0.14502093338835023,3,13.489999771118164,-0.06254347121139636,-0.19702378668211917,0.664810382118429
2024-06-14,50002.0,50002.0,50102.6015625,49693.3515625,49993.94921875,155000,0.0031155680051846435,1,1.0,0.00399172712533602,0.020783354496462625,0.04220662141119713,0.00016103511276481817,0.0029540571854878494,0.008235508113902938,11.951180395901384,48532.84073808417,0.0031278312248508083,0.01882058445449026,0.030034818306623048,-0.022122598156056727,0.18754368455202913,0.0007976487284647051,-0.03821489428586111,0.0024690169931451266,0.02431721082593611,0.01647495451829842,0.6532642137649092,-0.564895467639064,57.10141048458205,0.03220038338513662,4,12.81999969482422,-0.04966642606832372,-0.24052130733388,0.6431706910371521
2024-06-18,50440.8984375,50440.8984375,50562.1484375,49900.19921875,50194.3515625,189200,0.008777617645294278,1,1.0,0.013258097397109703,-0.010573780270690114,0.04832627379054011,0.004911845004970523,0.0038468773749050036,0.013265462445313696,12.150559935599915,48607.66653021812,0.0092602297366088,0.025334468912152235,0.03783801477870491,-0.013539164218696895,0.1979674889521107,0.002639894404223831,-0.035068176393430406,0.004154468667004817,0.024362768598970058,0.016509220787122685,0.7898472071470318,-0.34848704513668927,59.626921854631135,0.25654030492591406,1,12.970000267028809,0.011700512930990836,-0.20914630678563717,0.6620387086043412
2024-06-19,51398.05078125,51398.05078125,51957.0,50441.75,50607.8984375,435300,0.0189757195727982,1,1.0,0.03404637856284243,0.09523934381035293,0.06971856629317297,0.01561322181212141,0.0033108054212580163,0.03003960013282648,12.98379072754039,48717.09336359192,0.02149393750664537,0.04124580307935128,0.05589199702651262,-0.010757919409319245,0.2206997840797953,0.006710034252648772,-0.03567218773033054,0.00759335250089723,0.024615997213726863,0.016696188192928743,1.720791413831953,1.21785784459144,64.53099596400367,0.6336274971052941,2,13.710000038146973,0.05705472288996982,-0.07176712164958143,0.714583555548538
2024-06-20,51783.25,51783.25,51842.19921875,51281.5,51712.8984375,235900,0.007494432432650244,1,-1.0,0.037842360840469436,0.055624719202406636,0.08374084453800101,0.001360425824613691,0.006125673084179612,0.010933752303462262,12.371163265395767,48837.33480031381,0.0214831430198394,0.04481470356277517,0.062180769556718495,-0.0033441114767981217,0.22984823613213196,0.007347159702751925,-0.04589848369753158,0.00741907700288673,0.024539570060823884,0.016682425110812804,0.926860892285327,-0.12463674297039365,66.30486431648211,0.13213571827195864,3,13.350000381469728,-0.026258180574440182,-0.07227240702156101,0.7108626412038164
2024-06-21,51661.44921875,51661.44921875,51934.3515625,51224.94921875,51927.30078125,289400,-0.002352127015009642,-1,1.0,0.03640662327581712,0.04807181010190731,0.05931783080846875,-0.005119687688369008,0.0027818026340563793,0.013848766169012337,12.57556509317952,48948.08438535053,0.011836143844136908,0.03932399846752856,0.05830679075640862,-0.005688372716862021,0.22695547687156356,0.007009023187999924,-0.022911207532651634,0.007825584471613783,0.024264711745184186,0.016655836332674062,1.1141053279950723,0.1994537200780707,65.1945824176929,-0.2315568184437815,4,13.18000030517578,-0.012734087748035972,-0.022979945974950122,0.7174741581191443
2024-06-24,51703.94921875,51703.94921875,51783.94921875,51138.8984375,51280.25,176600,0.0008226637200989817,1,1.0,0.03403762287008516,0.0381652188979138,0.05579352275096672,0.00826242498330254,-0.007378794526957397,0.012613701134731252,12.081642567151997,49056.157516072075,0.005961954784874179,0.037328001027844344,0.057824239451121424,-0.004870388614623631,0.2279648486285625,0.006588855885724202,-0.021755899880881557,0.008179917565907791,0.02426694786209798,0.016655751966835622,0.6744576840818821,-0.5796638022246484,65.41222010130444,-0.09119969281373842,0,14.0600004196167,0.06676783718247292,0.0967239277933134,0.781653945521744
2024-06-25,52606.0,52606.0,52746.5,51747.6484375,51759.44921875,204000,0.017446458053592462,1,1.0,0.04292353287843831,0.056750714655078305,0.06745287643820719,0.016355482796430815,0.0010734189716377293,0.019302356583534366,12.225875272826354,49195.367025245716,0.014961452429161068,0.05191792903126577,0.07457548963718247,-0.0026636838463215567,0.24938848585144682,0.008374994928684595,-0.02452934355976888,0.009502844707402189,0.02447603076082429,0.01680837877466373,0.7824636096887406,-0.3847146496434203,69.73753984138197,0.5783446613536866,1,14.3100004196167,0.017780938302903282,0.1033153527370636,0.8156867413283636
2024-06-26,52870.5,52870.5,52988.30078125,52373.69921875,52653.19921875,214300,0.00502794358058023,1,-1.0,0.028647958363571924,0.06366969616191276,0.07586871313210475,0.004127019525389416,0.0008972212057559974,0.01173492748589296,12.275132181461668,49339.48988700078,0.01430158058363219,0.05328066663337271,0.07826748907727468,-0.002223146987413569,0.2556703406685344,0.005598027672698959,-0.047220754768532824,0.0075285610381829226,0.024435954125377506,0.016807393942062942,0.8127583722076839,-0.3386661361945062,70.88717300371373,0.04522082198716826,2,14.050000190734863,-0.01816912797049386,0.02479942754499409,0.824724121882936
2024-06-27,52811.30078125,52811.30078125,53180.75,52639.0,52980.30078125,332900,-0.0011197022678053337,-1,-1.0,0.019852959813260185,0.05844660352273423,0.08886245599148102,-0.003189864865014318,0.0020767872679471537,0.010291798856361252,12.715597423563116,49475.639333834086,0.009185076638374102,0.04760381879169781,0.07519768558760917,-0.006947047921475346,0.25426436374047195,0.0038889391295713937,-0.06900949617822083,0.007976398764588357,0.024147771150608812,0.01674794739149222,1.2278016486252237,0.4251340126859652,70.24398317949837,-0.2389488611832744,3,14.149999618530272,0.007117396899492645,0.059925034771607155,0.8557863615880923
2024-06-28,52342.25,52342.25,53030.30078125,52242.30078125,52874.94921875,244600,-0.008881636587457997,-1,1.0,0.013178120078809474,0.0500645142078191,0.07517916288002846,-0.010074699392072407,0.0012052048815013772,0.015083562328151076,12.407379502235209,49588.05543838961,-0.002373882150236014,0.03454396512443081,0.06366929152367068,-0.01576698335393916,0.24312444347712983,0.0025782390177055054,-0.062001042801218986,0.009637773664861765,0.024327331908378488,0.016615461976239268,0.8868263147399525,-0.21875401759438304,65.19639772624308,-0.5357599517382057,4,13.800000190734863,-0.024734942560497575,0.04704096139630676,0.8616652725582347
2024-07-01,52574.75,52574.75,52656.1484375,52166.05078125,52351.1484375,0,0.004441918335570172,1,-1.0,0.01684205547947215,0.05145294188232463,0.07330566110981351,0.004271187341132529,0.0001700048717814003,0.009394954168663183,,49705.18071531551,-0.001257768780308652,0.03546486727017442,0.0661883988765006,-0.01139510067082544,0.24864630073600644,0.003327334156441498,-0.05646360563034136,0.009604740392593493,0.024320828667284085,0.01658007907455987,0.0,-1.6795101451313346,66.48209633852582,0.026009313634538976,0,13.829999923706056,0.0021738936635185002,-0.016358498509697283,0.8935840230930047
2024-07-02,52168.1015625,52168.1015625,52828.44921875,51996.6484375,52793.75,0,-0.0077346718244023505,-1,1.0,-0.008324115832794687,0.03424211658601073,0.02330626769853672,-0.011850805019533563,0.0041654976961374044,0.015997199939719674,,49801.76584657765,-0.0073311916914479205,0.026255127958281388,0.05575851513795191,-0.019041635131132977,0.23898843137505935,-0.0016658127237885382,-0.03163038353133141,0.00655665256152883,0.022858088777277262,0.016567104929763665,0.0,-1.5001266547580188,62.15709244058861,-0.40889321142277923,1,13.640000343322754,-0.013738219915505834,-0.04682040926955411,0.9025939884629515
2024-07-03,53089.25,53089.25,53256.69921875,52482.6484375,52872.30078125,0,0.01765731184211128,1,1.0,0.004137467964176578,0.0329039563377167,0.13127705135843826,0.004103267978588446,0.013498655263625686,0.01474869893755064,,49930.686793770685,0.00935639505167275,0.038085610932970214,0.07200738267425535,-0.0031441907066415867,0.2608656364766172,0.0008386350794763982,-0.12713958339426168,0.010767230838576121,0.011793952778078634,0.016667533661155635,0.0,-1.5323326075150232,67.34020301412625,0.9514561402917151,2,13.210000038146973,-0.03152494826631591,-0.05978648691704791,0.9151368234758848
2024-07-04,53103.69921875,53103.69921875,53357.69921875,52815.8984375,53357.69921875,163700,0.00027216844747290914,1,-1.0,0.005536664183128925,0.02549954316791636,0.08254266729882787,-0.004760325196157332,0.005056564535193095,0.010258289592311738,12.005790763359226,50055.1186535738,0.00850980666960929,0.034273744438372764,0.07006115491113435,-0.004760325196157332,0.26120880431936894,0.001101535386165667,-0.07700600311569894,0.01072222477417236,0.0076984071721080075,0.016652925405182303,0.8793274783122499,-0.20929209117853426,67.41559327129644,-0.48169275346134116,3,12.859999656677246,-0.0264951082860726,-0.0911660775003621,0.9098949059473076
2024-07-05,52660.3515625,52660.3515625,52817.8515625,52290.05078125,52560.1015625,199600,-0.008348715113493665,-1,-1.0,0.006077338335665816,0.01933554630882206,0.06833685112110377,0.0019073403022403074,-0.01023653086785459,0.01009371330423831,12.2040706428595,50157.28465000228,-0.001116839258207709,0.022285502428237583,0.05912569871023694,-0.013069297710740696,0.2506793313134765,0.0011980391843877361,-0.062259512785437954,0.010598549671589998,0.00817276317072056,0.01671772181057443,1.086997957794418,0.15023366200367141,62.63784477517916,-1.4231754000960393,4,12.699999809265137,-0.012441668093593816,-0.07971017146856652,0.9117995318735043
2024-07-08,52425.80078125,52425.80078125,52710.80078125,52246.69921875,52533.1015625,158000,-0.004454029916067359,-1,1.0,-0.002833094189701346,0.013961246160249408,0.05265929907395672,-0.0020425365732944867,-0.002416428987356326,0.008882887712329314,11.970350312009105,50246.246066913955,-0.005003656152403931,0.015148047745130724,0.052614409300652386,-0.017465116583822434,0.24510876815639918,-0.0005656977757666691,-0.05549239326365807,0.010669267717751365,0.008173507017161788,0.01673678935503861,0.863340801049123,-0.2349438063911052,60.20683948546242,-0.8587064623874047,0,13.600000381469728,0.07086618785206644,-0.016630480369134726,0.9880489875496087
2024-07-09,52568.80078125,52568.80078125,52626.6015625,52292.94921875,52390.5,145100,0.002727664582495848,1,-1.0,0.007680923912286586,-0.0007071288208568838,0.05600345576828469,0.0034033036762390126,-0.0006733474877626527,0.006380446097126353,11.885178438872279,50337.32664394674,-0.003804837668150493,0.015176885816955466,0.05376172888619295,-0.014785090981261417,0.24850500724465446,0.0015286336604448684,-0.04832253185599811,0.009904069197639748,0.008142664444278773,0.0167241377152024,0.8039894722260701,-0.3314323967158219,61.19565060357249,-0.003940764787429755,1,14.279999732971191,0.049999950913823143,0.04692077518617799,1.0455027733115643
2024-07-10,52189.30078125,52189.30078125,52528.80078125,52075.3984375,52528.80078125,228000,-0.007219110848261101,-1,1.0,-0.016951628036749433,-0.012884296890515512,0.04996506000311829,-0.006463121086921587,-0.0007609075992897106,0.00870665145834968,12.337100907936577,50409.95308070374,-0.007611579382778227,0.005437131352047101,0.04448445911879883,-0.021897466618827195,0.23949191120274624,-0.003423890997608593,-0.06691668803986772,0.004789093397977329,0.008396656456396475,0.01673589619364288,1.2294418980857373,0.399522210402657,57.1378628630376,-1.1489215745254617,2,14.43000030517578,0.010504241947445703,0.09235429701027775,1.0578015766837336
2024-07-11,52270.6484375,52270.6484375,52400.30078125,51749.44921875,52316.8984375,138300,0.0015587037004187732,1,1.0,-0.0156872457758247,-0.010237436604514594,0.04761082351990642,-0.0008840355866136106,0.0024449006662270113,0.01257697564564961,11.83718051765285,50482.9215260683,-0.002905825458375207,0.004705274137578048,0.044921915859094504,-0.020372894580657035,0.241423911831377,-0.0031924197825209215,-0.06329806929573112,0.005063428671420568,0.008392460708471161,0.016389833612072142,0.7608097700517109,-0.4070617950422558,57.78405729130366,-0.095240991643083,3,14.0,-0.02979905031752117,0.08864699640414342,1.027749223575777
2024-07-12,52278.8984375,52278.8984375,52794.55078125,52171.1484375,52272.6484375,171000,0.00015783236379518506,1,1.0,-0.007243649418999243,-0.001210333191637769,0.048793586272912526,0.00011956539771411884,3.8262391223085734e-05,0.011949178088284248,12.049418835484797,50553.35199318326,-0.0012950466677520505,0.0025204665998848656,0.0438839522412343,-0.020218277718970824,0.2416198487018533,-0.0014595308702018903,-0.05603723569191177,0.004234423789668785,0.008372905880255613,0.016388662112226005,0.9291205955065337,-0.1230196498582628,57.85345497158338,-0.26866682285687515,4,13.729999542236328,-0.019285746983119467,0.08110234239686887,1.0070411822539704
2024-07-15,52455.8984375,52455.8984375,52662.25,52154.0,52330.05078125,186100,0.0033856872522211034,1,-1.0,0.0005741000767081061,-0.0022606205925848055,0.049076005709771664,0.002404883128741231,0.000978451063025997,0.009745177742838517,12.134039442630343,50627.96165766628,0.001971035763609922,0.003553481083400462,0.046071035149284865,-0.016901043231884808,0.2458235851957077,0.00011514265659588095,-0.04850190563306356,0.004293110673215633,0.008374355489752117,0.016378657565097644,1.0026939655172413,0.004725030208473519,59.395669592884545,0.11335424784354244,0,14.1899995803833,0.03350328138991676,0.04338229282092221,1.035577414422703
2024-07-16,52396.80078125,52396.80078125,52619.05078125,52331.6015625,52466.69921875,158800,-0.0011266160338557762,-1,1.0,-0.0032719026769457704,0.004383889999830748,0.038776120258315894,-0.0013322438525925112,0.00020590213058439716,0.00549284199541834,11.975400827795172,50697.32789780682,0.0015002664877300025,0.0005508758847499884,0.043447063965782295,-0.018008618279446695,0.2444200203692705,-0.0006557889774967493,-0.042048022935261664,0.004046349162753297,0.008270953734109689,0.01634650569988679,0.8626684050412864,-0.23852836064592622,58.62433564500109,-0.36849548751544275,1,14.220000267028809,0.0021142133567770838,-0.004201643351844697,1.0330548643601116
2024-07-18,52620.69921875,52620.69921875,52782.75,52168.6484375,52215.05078125,139400,0.004273131835562882,1,-1.0,0.008266032137663526,-0.008825718601223387,0.023787836676989693,0.007768802891706945,-0.003468723229091471,0.011771467747256606,11.845102777308561,50772.75422411832,0.004123878464007315,0.0036547320624661477,0.046353296809221615,-0.01381243964396832,0.2497375911751221,0.0016466594565613382,-0.015521804539326167,0.0022234068901048664,0.0072884719682336395,0.016349062778468943,0.8234633901408867,-0.3386972954978512,60.706312689143246,0.41979400424456476,3,14.510000228881836,0.02039380846746086,0.005544000139581451,1.0510684649558455
2024-07-19,52265.6015625,52265.6015625,52586.75,52146.30078125,52531.55078125,134100,-0.0067482504322836645,-1,1.0,-9.655275285203047e-05,-0.015782283881912385,0.009314818256868751,-0.005062656913698516,-0.0016941705226948848,0.008446413497242171,11.80634106926977,50831.29725699603,-0.0026329904526143245,-0.003576539991486506,0.03764971446348734,-0.020467480274453713,0.2413040489352334,-1.9182090222810854e-05,-0.009411371009720781,0.0043802957873167216,0.007336823023005296,0.016268109990342214,0.8167118365358264,-0.3454459457339097,55.90191378754454,-0.9826583628392175,4,14.829999923706056,0.02205373465034599,0.05928570883614692,1.0685207779257222
2024-07-22,52280.3984375,52280.3984375,52427.0,51874.55078125,52145.6015625,175300,0.0002831092450414907,1,-1.0,2.8692264849361493e-05,-0.007215164990857503,0.011980872161158063,0.0025850094919019568,-0.002295965155141325,0.010649715716664714,12.074254070909326,50888.1247542707,-0.002356337941701124,-0.0038821541836916757,0.036191045103517096,-0.0201901655623006,0.24165547358739442,5.739912887769786e-06,-0.011952179896308701,0.004381919835959887,0.007307138783710508,0.016237355368408236,1.1060634740362167,0.2048031732282561,56.05797398922265,-0.04607626823086354,0,15.4399995803833,0.041132815901242736,0.12454479935608576,1.103487676669837
2024-07-23,51778.30078125,51778.30078125,52547.55078125,51342.6484375,52511.0,207800,-0.009603937063529577,-1,-1.0,-0.012917473085650055,-0.012350788931231316,0.0014380248244758587,-0.013953252056711928,0.004410860846358675,0.02346786502875366,12.244331357647264,50923.03361807381,-0.009375832215417192,-0.013518682118660117,0.024497164173930667,-0.029600197546467602,0.2297306925644741,-0.0025921671467751045,-0.014355497910125914,0.005583495523374986,0.007656896138878019,0.016214251274377842,1.2983442674164323,0.5771439233686187,49.63857198838531,-1.2630866467456403,1,12.75,-0.17422277548510923,-0.10147988886299908,0.9155207706332187
2024-07-24,51317.0,51317.0,51944.6484375,50784.25,51657.6484375,292200,-0.008909152565644729,-1,-1.0,-0.020608143343675334,-0.023812618181248024,-0.02450290841348901,-0.006594346583781232,-0.0023301719432571788,0.022849573194445128,12.585193778298736,50938.48328011013,-0.014128070943895026,-0.02110540726338838,0.013806774152710007,-0.03824563743619767,0.21877483420976118,-0.004170862175689615,0.003894765069813677,0.006136004062516393,0.006744190751504723,0.016278980320211626,1.7767238234221088,1.4612383079558124,44.58679562677302,-1.1386134425669359,2,11.760000228881836,-0.0776470408720129,-0.172995780024762,0.8522356872518272
2024-07-25,50888.75,50888.75,51006.1015625,50559.8984375,50762.30078125,188400,-0.008345187754545291,-1,1.0,-0.03291383893532274,-0.024919873648072466,-0.03748309548803208,0.002491006451715175,-0.010809268249313093,0.008825237763315077,12.1463226411244,50936.532955399925,-0.015805902520428985,-0.027436186492622992,0.004102737060006623,-0.04627165816554561,0.20860392938776592,-0.006750001826880038,0.004569256552709344,0.0040420945253812025,0.006755381251466192,0.016319733989698198,1.154659393865106,0.29061968239638375,40.46916878362729,-0.9545696684203528,3,12.619999885559082,0.07312922108327347,-0.1302550181605614,0.9193225219907815
2024-07-26,51295.94921875,51295.94921875,51398.6015625,50438.30078125,50456.1015625,215700,0.008001753211662743,1,1.0,-0.018552399948759346,-0.018647161416324276,-0.02869369888798512,0.016645115857983603,-0.008501848394782737,0.019039118415483645,12.281643832377247,50950.62771082542,-0.004195723994472077,-0.018232334741266804,0.01076658409219672,-0.038640159343218024,0.21827487976137264,-0.0038108711404779465,0.010141298939225774,0.007695861596825865,0.007107923890309767,0.016346806813558636,1.371221512348622,0.745685008139646,45.61238722129055,1.3250390771371994,4,12.25,-0.029318533194478746,-0.17397167477943642,0.8985879345049848
2024-07-29,51406.25,51406.25,52340.25,51186.94921875,51546.6484375,513700,0.0021502824868222525,1,1.0,-0.01672038591184466,-0.01669217339273632,-0.017882303492876228,-0.0027237161242448624,0.004887310256817763,0.02253114903022079,13.14939471645536,50968.49525157737,0.0013440532946349872,-0.015239188523567516,0.011457675725722335,-0.036572964114319546,0.22089451489945897,-0.003408255235797385,0.0011619175810315685,0.007979859076280835,0.00692460537658066,0.016331222680548752,3.0083157648161163,3.1015261957565943,46.949412314585274,0.43675650752730527,0,12.949999809265137,0.05714284157266425,-0.16126941961071928,0.9529065375728945
2024-07-30,51499.30078125,51499.30078125,51957.75,51260.05078125,51383.8984375,235200,0.0018101063829787378,1,1.0,-0.005388357589769188,-0.01823622671127756,-0.0204556221142278,0.0022458853309927007,-0.0004348024316109423,0.013610974006393411,12.36819149500661,50989.31115470179,0.004248140043817071,-0.012439391380695275,0.011885987243910935,-0.03482905868712861,0.22310446385382218,-0.0010854711246201174,0.015067264524458612,0.007346415174254667,0.0068425987671758845,0.016318100082015213,1.2886259040105195,0.5077529223605496,48.108358026620145,0.4115354631207677,1,12.880000114440918,-0.005405381919321495,0.010196087407130738,0.9510799440023285
2024-07-31,51553.3984375,51553.3984375,51663.1015625,51335.69921875,51583.44921875,219000,0.0010504541892673025,1,1.0,0.004606630112828025,-0.01609644732454374,-0.011783122379171784,-0.0005825663406602302,0.0016339724272652063,0.006377673796842308,12.296827008798639,51011.43222461545,0.004377056501647853,-0.010818997404609112,0.011582344864871431,-0.033815190828467456,0.22438927906178896,0.0009180646490878092,0.01638975249199981,0.005884496096841303,0.0066678572658816545,0.01631679501230756,1.1319584431694836,0.26978806825178187,48.808544125360164,0.24279161184274353,2,13.25,0.02872669893412838,0.1267006583434256,0.9798121751720952
2024-08-01,51564.0,51564.0,51877.1484375,51456.19921875,51672.6015625,156400,0.00020564235959841248,1,-1.0,0.013269141018398045,-0.02008143628721437,-0.02872992178265843,-0.002101724302939194,0.002312226324798241,0.00818072895280247,11.960172107093348,51033.10154914034,0.001947395102119635,-0.009165704975488485,0.010396281860869258,-0.03361650230450136,0.2246410653622021,0.0026196139166988477,0.041999062801056475,0.0030739227492910456,0.00514506318941104,0.016312781358850958,0.776988424660937,-0.5368171006505109,48.953907396222526,0.3212830172705953,3,12.93000030517578,-0.024150920364092165,0.024564217308070457,0.9571397095425985
2024-08-02,51350.1484375,51350.1484375,51608.69921875,51087.8515625,51172.25,163000,-0.0041473035935923885,-1,-1.0,0.001056598417135568,-0.01751540396804363,-0.03302125477222595,0.0034764630732477073,-0.00759735474361958,0.010195137206206527,12.0015054797889,51045.534760448565,-0.0024181061440275964,-0.011609777125175288,0.004800771581053395,-0.037624388057282326,0.21956210707096457,0.00021022115720269955,0.03407785318936152,0.002553312621895619,0.005161961163271696,0.016301767389724244,0.8099177660182356,-0.45738107239903447,46.109604547160586,-0.4818676694023599,4,14.31999969482422,0.1075018837464401,0.16897956692442606,1.0543366018995746
2024-08-05,50092.1015625,50092.1015625,50747.55078125,49719.1015625,50586.25,257800,-0.024499381467829817,-1,-1.0,-0.025563981762917964,-0.041856928034243235,-0.04877008838332331,-0.009768433862956831,-0.014876265419753686,0.020685193143668845,12.459939369487223,51008.145223274114,-0.02186387713974122,-0.03343567865804137,-0.020323654279041085,-0.06120199528960316,0.18968358978612265,-0.0051183822344720254,0.023206106620405342,0.011211873701227374,0.007191461570070368,0.01648038445683379,1.2627041853402885,0.6340905066056715,33.70356013804033,-3.086069345621676,0,20.3700008392334,0.42248612244006356,0.5729730609462702,1.4585944512284463
2024-08-06,49748.30078125,49748.30078125,50688.80078125,49659.05078125,50436.8984375,162800,-0.006863373077311219,-1,1.0,-0.034000461626413125,-0.03920561257072197,-0.051072181256172744,-0.013652656637943173,0.006883258323067088,0.020736401195747534,12.000277732550577,50958.73955888102,-0.021888601318206802,-0.03758343879646061,-0.02734301965059508,-0.06764531624016597,0.18151834746546566,-0.006991122134555524,0.01707171962975962,0.01050939815128691,0.007246489869334099,0.016504858432769626,0.796458012279543,-0.49263187049412643,31.23060071134779,-0.593709890829791,1,18.739999771118164,-0.08001968585959951,0.4549689134014119,1.3176304998195865
2024-08-07,50119.0,50119.0,50292.44921875,49782.19921875,50286.19921875,171000,0.007451495084827453,1,1.0,-0.027823547641363966,-0.023345090320946227,-0.04660180077997489,-0.003324952399418112,0.010812398193562672,0.010249647625206143,12.049418835484797,50925.80859578764,-0.009010633078115355,-0.028108947440627564,-0.020415958394992637,-0.060697879896813745,0.19032242562423798,-0.005766622839269341,0.018778253138610923,0.011998655796680451,0.0075006958732319,0.016513840381879495,0.8313077297034517,-0.41461326075811067,36.62975907433506,1.316582359694151,2,16.170000076293945,-0.1371397932877816,0.22037736424859955,1.1294265605697495
2024-08-08,50156.69921875,50156.69921875,50440.75,49829.6015625,50051.8984375,124800,0.0007521941529160525,1,1.0,-0.027292312102435767,-0.014385316622043232,-0.03894670999750682,0.0020938422821437062,-0.0013388447993774816,0.012264766691611051,11.734467734917464,50895.647443746944,-0.002715091612691564,-0.025457290488523677,-0.02006775352665112,-0.05999134233425047,0.19121777919287739,-0.005615837431912107,0.011654397895071056,0.012067522991403944,0.007440947908657494,0.01650755869171266,0.6223197367108806,-0.886792236952305,37.17000712513527,0.3668118243848232,3,16.600000381469727,0.026592473911375203,0.28383603941794755,1.150740034543035
2024-08-09,50484.5,50484.5,50707.75,50386.44921875,50612.1015625,120200,0.006535533365550128,1,1.0,-0.01685775920499255,-0.015818972669549347,-0.0341711551490641,-0.0025211670442577268,0.009079591576866717,0.006376729978631562,11.696912301083245,50879.5240145804,0.00727012794917654,-0.01738305814367801,-0.014427105777846644,-0.05384788438817002,0.1990030227344289,-0.003451775938143798,0.017313395944071552,0.013257060793981354,0.007644946282004978,0.01641233133337583,0.6020988303654169,-0.9215684646099013,41.81496190870195,1.0856301614498713,4,15.34000015258789,-0.07590362650162052,0.07122908376404058,1.058478532509851
2024-08-12,50577.94921875,50577.94921875,50830.69921875,50149.25,50412.6015625,163500,0.0018510477225683886,1,-1.0,0.009699087103459014,-0.016112841945288725,-0.03253605698642448,0.003279887391746824,-0.0014241685566857155,0.013588422932546348,12.004568269319446,50867.69755199881,0.0071819760907485585,-0.013931908090884385,-0.013333023199181665,-0.052096511669363556,0.201222434549014,0.0019247398954133285,0.04223514408988349,0.005708165738552206,0.0076763208035212655,0.016407656024692917,0.8205359831376091,-0.4141632475349677,43.106268224676455,0.45578009906536077,0,15.869999885559082,0.03455017781611813,-0.22091314522712946,1.0870235176660679
2024-08-13,49831.8515625,49831.8515625,50559.25,49785.1015625,50395.3515625,148900,-0.014751441443841884,-1,-1.0,0.0016794700509950022,-0.032378094332439766,-0.05002386677499182,-0.01118158684340461,-0.003610222618166344,0.015549801310099517,11.911030218672101,50827.07614064592,-0.00800550299597882,-0.02598638303133124,-0.028209266294588642,-0.06607945447188641,0.183502672144735,0.00033038421897517754,0.05170333682598682,0.008969821571088311,0.008117728306333609,0.01653527791314385,0.754305977710233,-0.557221131361717,36.19882785586157,-1.5152903797005,1,16.170000076293945,0.018903603837316263,-0.1371397932877816,1.100112256975094
2024-08-14,49727.30078125,49727.30078125,49959.25,49654.6484375,49887.1484375,137100,-0.002098071373464183,-1,1.0,-0.007815383761647254,-0.035421479700583514,-0.05094776704296933,-0.0032041850708356594,0.0011096692831219742,0.006134401754619209,11.828465865550406,50783.94769517941,-0.008540598880874689,-0.025487524588276505,-0.029774131402486574,-0.06803888643354905,0.18101959906788972,-0.0015720837435017794,0.04313238328132207,0.008052625049450278,0.008111565688740609,0.015518321449850587,0.6983674197081221,-0.6753654399694387,35.34413444078447,0.05981256175650109,2,15.4399995803833,-0.04514536131517177,-0.04514536131517177,1.0461058675733772
2024-08-16,50516.8984375,50516.8984375,50603.3984375,49806.05078125,50133.0,130700,0.01587855451321274,1,-1.0,0.007181477735985986,-0.020306833498176968,-0.03998047940230265,0.007657599535236271,0.008158480600720068,0.016009051987518147,11.780659899612314,50773.47517527042,0.005757747965763969,-0.007968678865789875,-0.015746518624812834,-0.053240691087589796,0.19977248315286175,0.001448698051537118,0.047161957138288635,0.011281259706566238,0.008984296225353553,0.01019744003219382,0.6672452521952216,-0.7407096258796856,45.760068742942344,1.9983008284959036,4,14.399999618530272,-0.0673575123133009,-0.13253016339657886,0.9760064811070517
2024-08-19,50368.3515625,50368.3515625,50728.25,50283.55078125,50683.55078125,115300,-0.002940538306875351,-1,1.0,-0.0023006752072418646,-0.01911965018358186,-0.036300165754932334,-0.006218964809912363,0.0032989425104192394,0.00884383087194037,11.65529270625715,50757.587974769616,0.003264276049122962,-0.009039751777495842,-0.019142886676343222,-0.05602467310283756,0.1962445062066158,-0.0004598399390797048,0.03399949054769047,0.011005497595992068,0.008918749872344157,0.008126047545368829,0.5914640402175029,-0.8969657270875723,44.313726961620844,-0.12736945852013992,0,14.31999969482422,-0.00555555040453648,-0.06649285838446317,0.9722646372447841
2024-08-20,50803.1484375,50803.1484375,51025.6015625,50398.6015625,50417.25,144200,0.008632342761118128,1,-1.0,0.004452517791419641,0.014194790252767264,-0.028256288095547255,0.007654095324516906,0.0009708167129377652,0.012440821383157798,11.878956503832987,50759.37465958257,0.011017784641650687,0.0009691554432473375,-0.01125775759867514,-0.04787595452302272,0.2065708988102958,0.0008942092078218802,0.032708805886966896,0.011747942985062041,0.009212168829912337,0.008184008708348985,0.7456627970111436,-0.5500423530247689,49.3590997332619,1.0924982985784017,1,13.81999969482422,-0.03491620186142308,-0.12917455611327766,0.9435056974789003
2024-08-21,50685.55078125,50685.55078125,50772.44921875,50333.3515625,50666.6484375,180800,-0.0023147710302772184,-1,1.0,0.01713159740169945,0.018839839457456264,-0.02110440055992935,0.000373072708239564,-0.002686841351337262,0.008723791335547426,12.105146726940212,50756.479605530316,0.005261790277715799,-0.0002716343931048315,-0.013885151106929214,-0.05007990368072321,0.20377796344775415,0.0033608122528085483,0.0382359979616288,0.008408438682873533,0.009011653798567932,0.008072214331188154,0.9414950399666727,-0.12567800782016428,48.0899969637335,-0.14343302460709267,2,13.329999923706056,-0.03545584529221635,-0.17563389852740174,0.9082546885042458
2024-08-22,50985.69921875,50985.69921875,51080.0,50794.44921875,50894.80078125,133100,0.005921775197736068,1,-1.0,0.025305987208830816,0.017292827445679393,-0.006455965493890936,0.0017860063524109053,0.004128395504728488,0.00562169263850573,11.798856004383204,50765.4686099703,0.006192176480845611,0.005977216163543756,-0.008510412000442507,-0.04445469041450863,0.21090646593528034,0.0049655115436390476,0.03176195270272175,0.00784306112156736,0.008939606229217238,0.008109282473181616,0.7230551933941765,-0.5855660841911381,51.51645953492205,0.6973641012573657,3,13.0,-0.02475618346547659,-0.15803106520050358,0.8820436287187123
2024-08-23,50933.44921875,50933.44921875,51117.8515625,50856.69921875,51040.05078125,88500,-0.0010247971647073806,-1,1.0,0.008245771101037747,0.015486465658602011,0.0008783713247033642,-0.0020885865289765933,0.0010660158305725892,0.005135062789401746,11.390757830996021,50772.056084824406,0.0035111522583405395,0.004901980334947231,-0.009999200450034313,-0.04543393053852131,0.209665532422264,0.0016339906586858013,0.007367399776334382,0.00525230654724893,0.008739797263578134,0.008107143011404932,0.4941787419381858,-1.0106761529119292,50.88675820038067,-0.12698062459997636,4,13.550000190734863,0.04230770697960495,-0.05902773960504892,0.916469408148461
2024-08-26,51148.1015625,51148.1015625,51317.8515625,51061.55078125,51100.6484375,100300,0.004214368888078024,1,1.0,0.015480951347642158,0.013144659499450428,-0.0028822481794713584,0.0009286207993630217,0.0032826997054903827,0.005019447653440926,11.515920973950028,50786.80296630188,0.004653431190217712,0.009284211614204332,-0.006310992664181973,-0.04141103699376796,0.21476350920708467,0.0030618385833290004,0.018363199527113516,0.00462730792713744,0.008599528556252596,0.008110707566046453,0.5787150564001962,-0.8036601885185429,53.40645554267387,0.505118816239279,0,13.800000190734863,0.018450184242133405,-0.03631281530524788,0.9285113669123541
2024-08-27,51278.75,51278.75,51404.69921875,50938.1015625,51214.05078125,111400,0.0025543164557213505,1,-1.0,0.009361655273887326,0.013855856001971034,-0.0024802431610941866,0.0012633099269251137,0.0012893776452174651,0.009160091207511814,11.620882606475321,50806.09500683907,0.005341296849652933,0.01198954633522283,-0.004326817434934459,-0.03896249743128829,0.21786639962846213,0.0018597036760743002,0.011841898434981513,0.003468125862782052,0.008605653812609982,0.008113002141319657,0.7271540469973891,-0.950949242930524,54.922334288504445,0.30860095375727903,1,13.630000114440918,-0.012318845937993594,-0.013748160968083067,0.9149800356110114
2024-08-28,51143.8515625,51143.8515625,51260.75,51033.69921875,51208.94921875,128100,-0.00263068888184681,-1,1.0,0.009042040072287039,0.026328542064194993,-0.006902020286834953,-0.0012712164034438865,-0.001361202861809229,0.004449036317684386,11.760566487884825,50819.340361963026,0.0008979074847670554,0.009681453066981361,-0.007386272384408033,-0.04149068810433358,0.21466257203138478,0.0017874881164224947,0.015944060359121992,0.003565113216313357,0.008610478283260888,0.008116913849273408,0.8664479691568873,-0.4965484585235611,53.004807846140736,-0.27061220166392524,2,13.949999809265137,0.023477600303552393,0.046511619587969566,0.9331103551347918
2024-08-29,51152.75,51152.75,51368.94921875,50984.3984375,51103.75,143600,0.00017398841166915702,1,1.0,0.0032764242485581185,0.028665324607513698,-0.00777152330676556,0.0009588337450774161,-0.0007840935180838728,0.007542518751523712,11.87478693559626,50832.41524972919,0.00041793378262218,0.01025666213363712,-0.00748781625367006,-0.04132391859158681,0.21487390924300642,0.0006532585096601757,0.011047947555323678,0.0027420155498391256,0.008605228926753368,0.00802833436677552,0.9967031060211695,-0.013170446141179624,53.12107620055451,0.06174613615706373,3,13.789999961853027,-0.011469523268799131,0.06076922783484817,0.9207451401221346
2024-08-30,51351.0,51351.0,51466.55078125,51256.0,51437.44921875,478600,0.0038756469593521636,1,1.0,0.00819796789054461,0.016511337558301475,-0.0041307889225040695,-0.0016806669083133208,0.005565667901530221,0.004107827010496332,13.07862045445641,50852.75190660255,0.0026576133100938357,0.01438542144427709,-0.0036229971357947892,-0.03760842855167267,0.21958233161536034,0.001632564353822591,0.01232875681304868,0.0028633002518498912,0.008657386382896178,0.0075913015635957004,2.9877953616131347,3.8306629029999235,55.74787238728841,0.4695984549050222,4,13.390000343322754,-0.02900649888591611,-0.011808106653866557,0.8926666895548503
2024-09-02,51439.55078125,51439.55078125,51579.5,51295.80078125,51579.5,150200,0.0017244217493330716,1,1.0,0.005698143427549596,0.021267307456365625,0.0017410337938714715,-0.0027132721090743417,0.004449767287881444,0.005530651913590941,11.91972301831217,50875.76362717696,0.0032447823789944603,0.016044930419167023,-0.0017716815317364058,-0.03594885959449239,0.22168540591310015,0.0011351257765184143,0.003957109633678124,0.00249755530824928,0.008615954081376932,0.007518840274574061,0.9414271835532295,-0.11238840581080987,56.90931049657307,0.18684392210366707,0,14.0600004196167,0.05003734571433793,0.01884059603538235,0.9381464192712767
2024-09-03,51689.1015625,51689.1015625,51750.1015625,51240.05078125,51479.75,127200,0.004851340601927712,1,-1.0,0.008002370621358779,0.017438941330377045,0.03188127369755933,0.004066677917045051,0.0007814846385605069,0.009954142774515755,11.75351592988816,50907.65923248375,0.006500811040180786,0.019366351403443047,0.0030602988495541444,-0.03127191915470844,0.2276122179255889,0.0015954710189637791,-0.023878903076200553,0.0029839643024084897,0.006364054995351602,0.007544253803363938,0.8312910498970689,-0.3222886414170049,60.08846454170613,0.512244166072923,1,13.84000015258789,-0.01564724469864609,0.015407192691398341,0.9440332970081028
2024-09-04,51400.25,51400.25,51503.55078125,51259.8984375,51364.6484375,159700,-0.005588248852627764,-1,1.0,0.005013279791543868,0.01410065014059958,0.03320614358295049,0.0006931141083019313,-0.0062770122751637835,0.0047532740246662725,11.981052334203104,50926.976517484385,-0.0001221725857149765,0.012021383323919263,-0.0024274682613832778,-0.03668541274100043,0.2207520153572944,0.0009920792962129718,-0.02819286379140662,0.004116602563170238,0.006280237286986702,0.0075847750873612165,1.0447468271621092,0.08541237481435615,55.027765857226704,-1.1523682910152602,2,14.380000114440918,0.03901733785400685,0.03082439505771095,0.9956725009832074
2024-09-05,51473.05078125,51473.05078125,51636.75,51389.1484375,51544.25,129600,0.0014163507230022798,1,-1.0,0.006261653210237972,0.009558593291210116,0.027016715841297723,-0.001381322237688976,0.0028015427940525583,0.004818168232562474,11.772208062900312,50948.391194494805,4.7797319209466724e-05,0.012105626026772951,-0.0005750445518113049,-0.035321021428857464,0.22248102835685224,0.0012463004800559176,-0.02075506263105975,0.004091677023968765,0.0061305891887577305,0.00716137139890774,0.8594734398832814,-0.2644665464214872,56.03283024704021,0.010544885132251037,3,14.210000038146973,-0.01182198017670566,0.03045685840868617,0.9906235854258979
2024-09-06,50576.8515625,50576.8515625,51380.05078125,50447.30078125,51200.3984375,186000,-0.017411037526387618,-1,1.0,-0.015075625352962918,-0.007001246954991713,0.00837679413307435,-0.012178555129041813,-0.00529699210774813,0.01848959182265466,12.133501952695338,50933.821012847955,-0.014399267622669711,-0.00592680394422518,-0.017100610188039107,-0.05211708332567692,0.20119636529683416,-0.003007975730018197,-0.023452419486037268,0.008974346906099993,0.0074483996545304295,0.007513891909271043,1.2089697757556062,0.40063663600682,43.22586297569266,-2.4016231327494104,4,15.220000267028809,0.0710767224609763,0.13666914688457266,1.0661623238995166
2024-09-09,51117.80078125,51117.80078125,51192.75,50369.3984375,50549.25,172400,0.010695589030122354,1,1.0,-0.006254914654450716,-0.0005924126277291331,0.012544459809446407,0.011247462252160022,-0.0005457350872442417,0.016346265550930522,12.05757263721173,50941.035905726465,-0.0026069556682631004,0.004080487802014796,-0.005933605769687211,-0.04197891720025468,0.2140438679645258,-0.0012723211906633955,-0.018799374463897123,0.010847197986171226,0.007679609145218822,0.007688441785511997,1.10187907452384,0.19939071467209016,50.56985571261895,1.3098190060797883,0,14.239999771118164,-0.06438899334539605,0.012802229454440761,1.001371244243031
2024-09-10,51272.30078125,51272.30078125,51366.0,50958.25,51328.30078125,119300,0.0030224304965926763,1,-1.0,-0.008063610483653338,-0.00012576786193108092,0.013728345518655205,-0.0010910160505538604,0.0041179392850017,0.008001648408255778,11.689396608086007,50954.026685158766,0.0020374041693650233,0.006428927742674268,-0.0025140183021259118,-0.03908336506322197,0.21771323117526312,-0.0016307461388396344,-0.021791956002308543,0.01061951679423638,0.007693859553332903,0.007611385974547021,0.773419773095624,-0.4349795805029279,52.46126696903674,0.3009936182221954,1,13.359999656677246,-0.06179776183885555,-0.0346821163741744,0.9478538258074583
2024-09-11,51010.0,51010.0,51420.1484375,50947.69921875,51218.55078125,145100,-0.005115837933021394,-1,1.0,-0.007592375523465367,-0.002617158434703115,0.023642477663555095,-0.004071782158396132,-0.0010483243228994335,0.009273219909725131,11.885178438872279,50956.22171711333,-0.0015658794289812837,0.00012375790136073055,-0.007012430256868764,-0.043999258834702785,0.2114836076356747,-0.0015222644353916992,-0.03123485318702046,0.01057700286438708,0.006928793310417268,0.007607277207081798,0.9418408412306893,-0.1114893686854156,49.03105385611501,-0.9106334455935831,2,13.630000114440918,0.020209615621414212,-0.05215577149035089,0.975801842152897
2024-09-12,51772.3984375,51772.3984375,51878.1015625,51025.0,51271.0,127900,0.014946058370907567,1,1.0,0.005815619080403289,0.012113687680525453,0.041126255077595486,0.009779376986990697,0.005116643795334248,0.016719285889269967,11.759003987566935,50988.22864732458,0.012170668687851272,0.01304066861689702,0.007984109264105031,-0.029710815954615267,0.22959051235079528,0.0011736822436778243,-0.0353106359971922,0.012946733556307613,0.007518118494190156,0.007840971820491175,0.8326822916666666,-0.3192752085390433,57.69045369337146,1.7149098351862548,3,13.18000030517578,-0.03301539291906286,-0.07248414709402828,0.9512811466641308
2024-09-13,51938.05078125,51938.05078125,51994.1015625,51643.94921875,51952.55078125,152000,0.0031996266108855753,1,1.0,0.026913482684225665,0.01143211974937186,0.028132216895862427,-0.00027910082915954035,0.003479698626817167,0.006780123306737214,11.931635799828413,51025.47657414518,0.01003343937913629,0.014870945636048192,0.011662776155919456,-0.02660625286108912,0.23352474287460542,0.00525839736937519,-0.0012187342116367628,0.007710897236835709,0.006800439067777196,0.007433995583077917,0.9827692108751171,-0.03318118577239789,59.30812438843389,0.2633459770648912,4,12.550000190734863,-0.04779970408600942,-0.1754270715801487,0.911898284995616
2024-09-16,52153.1484375,52153.1484375,52208.69921875,51921.44921875,52038.69921875,93800,0.00414142720056887,1,1.0,0.020254151008580967,0.01387254836817342,0.035434887575888085,0.002199309753475985,0.001937855502585299,0.0055323956538614405,11.448920134994315,51069.6990001591,0.010148694075161892,0.017300043831384986,0.01622881492462103,-0.022575013519824307,0.23863329579732112,0.003986856035897991,-0.015180736567307118,0.00711294419245512,0.006747088238147852,0.007461526147529942,0.6107168435445016,-0.7380380398681803,61.37332322593924,0.35265293314413193,0,12.460000038146973,-0.007171326790443744,-0.12499998325712203,0.9115183422243054
2024-09-17,52188.6484375,52188.6484375,52284.6015625,52085.5,52249.05078125,111400,0.0006806875723437411,1,1.0,0.017872177419139712,0.00966445265828364,0.027271931811558847,-0.0011560467194492244,0.001838860099978983,0.003822590980215223,11.620882606475321,51113.579370250896,0.007260788177792997,0.01661877160928402,0.017107521255990778,-0.021909692478629086,0.2394764180884614,0.0035140645721442694,-0.009399754392419135,0.007269566565426514,0.006553235945867146,0.007372211134594343,0.7331358999670944,-0.49728703769998633,61.71864094959602,-0.10478489393521939,1,12.59000015258789,0.010433395990603112,-0.057634694900947414,0.9251910693278543
2024-09-18,52750.3984375,52750.3984375,52954.19921875,52154.55078125,52177.1015625,205100,0.010763834987463694,1,1.0,0.03411876960399929,0.02626735156930171,0.04073838844450006,0.01098751862085095,-0.0002212526161475189,0.015332285016775186,12.231252944060472,51177.76835328028,0.01130873370379722,0.025499076592671,0.027925443553519752,-0.011381689805631524,0.25281793772361805,0.006669643647063483,-0.006619618840500774,0.005859806778275844,0.006812079776716647,0.007503306353139886,1.3390787712597525,0.6320161377733228,66.77963002856463,1.284424721313442,2,13.369999885559082,0.06195390973135617,-0.019075585231020376,0.982365892817189
2024-09-19,53037.6015625,53037.6015625,53353.30078125,52847.8984375,52929.25,164900,0.005444567880189322,1,1.0,0.024437792398730895,0.030395532370890876,0.04024466419390427,0.0020471017915424834,0.003390525338152807,0.009563338537438884,12.01309450854769,51250.702988935955,0.011905925065415301,0.029030065156343647,0.033333256618897265,-0.00599909030818025,0.2596389900270731,0.0047969424401563595,-0.01580687179517337,0.0037172017345644434,0.006798566085384285,0.007532147452561341,1.0655552324642177,0.1236102997970785,69.03370357751197,0.5075182843837273,3,12.470000267028809,-0.06731485611322718,-0.05386950088826281,0.9180255586540347
2024-09-20,53793.19921875,53793.19921875,54066.1015625,53037.6015625,53235.80078125,271900,0.01424645221484222,1,1.0,0.03571848403232192,0.06359327551805838,0.05614679633648789,0.01047036823566143,0.003736956666798747,0.01939190253141455,12.513189630620563,51350.40872343847,0.0191078461317885,0.04080266817399383,0.047399989549622976,-0.005047568362859064,0.2775843767064459,0.006995597021158163,-0.020428312304165974,0.005371726564540564,0.007276051221406181,0.007707395743515425,1.6586853744090284,1.2779587972898856,74.02685061876046,1.5784013889608068,4,12.789999961853027,0.025661562788439563,0.01912348744786052,0.9442250104469069
2024-09-23,54105.80078125,54105.80078125,54197.94921875,53741.3984375,53917.8984375,163700,0.005811172546715593,1,-1.0,0.037440737563333215,0.0584532189243947,0.05782617787164335,0.003484971580778704,0.0023181223753380186,0.008495327522616627,12.005790763359226,51458.46331394089,0.01750199951028569,0.043864132349523584,0.05273428560356777,-0.0017002200051532738,0.2850086399624751,0.007259848352984246,-0.020385440308310132,0.005197102056217742,0.007301622330995571,0.007741293096138505,0.9796822167030731,-0.0408267640380668,75.76771403963066,0.40685010754941914,0,13.789999961853027,0.07818608311044262,0.10674156658380318,1.0180878467463337
2024-09-24,53968.6015625,53968.6015625,54247.69921875,53904.6484375,54110.6484375,192600,-0.002535758029064139,-1,1.0,0.03410613568833143,0.05258786401557436,0.052455482290422406,-0.0026251186984770645,8.959586920447027e-05,0.006364029655953546,12.168370778346162,51556.90010800203,0.008172465800194382,0.03852242117330242,0.04937481113423098,-0.005144875455907512,0.2817501689862735,0.006579527885360713,-0.018349346602090977,0.006310396757439292,0.007399208132933017,0.0077544610521920665,1.1252957845228009,0.260661614808929,73.44109951922042,-0.6919702009293951,1,13.390000343322754,-0.02900649888591611,0.06354250842248188,0.9894332562263964
2024-09-25,54101.6484375,54101.6484375,54141.30078125,53792.8515625,53794.0,184600,0.0024652644528118106,1,1.0,0.02561592025889614,0.060608673544403135,0.057832892608516984,0.005719010252072722,-0.003235243409036591,0.006477611961975082,12.125946601050888,51656.69416013921,0.0055812356312833844,0.03812828899928562,0.05128896741536919,-0.0026922944816712055,0.28491002211526095,0.005007541277255974,-0.03221697234962084,0.006077066169051637,0.0072981133497894346,0.007748918168390693,1.0610414990228763,0.1300146003657193,74.26633817401753,-0.051394539455423965,2,12.739999771118164,-0.04854373080944152,-0.04712042781102643,0.9456299639973348
2024-09-26,54375.3515625,54375.3515625,54467.3515625,54010.8984375,54045.8515625,170500,0.005059053335799701,1,-1.0,0.025222671474379954,0.050276850282342966,0.06299957602474948,0.006096675146638365,-0.0010313341018519681,0.008451130016439101,12.04649057570571,51763.308175918064,0.005667419438541271,0.04016421307002945,0.055795657678274206,-0.00168908524759887,0.2914104504488457,0.0049453206644725104,-0.03777690455036953,0.006073630112963553,0.007286762435425889,0.007769701216929575,0.9724796805931841,-0.05929160019232966,75.92370587892765,0.2709516891477819,3,12.0,-0.0580847554484073,-0.03769047770363798,0.8966599358386623
2024-09-27,53834.30078125,53834.30078125,54338.69921875,53763.19921875,54338.69921875,217400,-0.009950294861599263,-1,-1.0,0.0007640661477088528,0.03650984146452729,0.0483593460935523,-0.009282490099173249,-0.0006740617337962614,0.010704348111027096,12.289494253669247,51844.523572205595,-0.0044906191589156345,0.027374059340267022,0.044797781709365256,-0.011622573212938197,0.27856053567952893,0.0001511771834808807,-0.04759527994584345,0.006546651452462521,0.007843846418112026,0.007898519898185238,1.339783687178381,1.3391526343884301,66.7691721336735,-1.5739312806705366,4,11.960000038146973,-0.0033333301544189453,-0.06489444301654268,0.8984712446400821
2024-09-30,52978.1015625,52978.1015625,53726.3984375,52926.55078125,53556.94921875,179300,-0.015904343630821494,-1,-1.0,-0.020842482736911916,0.01581789690010016,0.029909879808103,-0.010808077470688874,-0.005151948822127156,0.015112408506570536,12.096815659593224,51888.977611040675,-0.01622048752641977,0.009552240225839791,0.02789668453241992,-0.027342067445506706,0.25822586956727456,-0.004189519330184197,-0.05075236254501492,0.008750420607168413,0.008858963803861867,0.00817519636550282,1.0951624725140483,0.37781709467215074,55.3878042243982,-1.9684012328581082,0,12.789999961853027,0.06939798671059627,-0.07251631637173883,0.9654287374680245
2024-10-01,52922.6015625,52922.6015625,53235.25,52817.80078125,52844.0,240200,-0.0010476026577608266,-1,-1.0,-0.019381639874226586,0.014063462974692076,0.023863831305106276,0.0014874264344107184,-0.002531264023151075,0.007903570625344778,12.38922718862802,51929.51188364693,-0.013418475091845534,0.007310757834914909,0.02656403309073271,-0.02836102648074298,0.25690774880225237,-0.003948801369433827,-0.04324547117933286,0.008846574293112808,0.008839025487129877,0.008177323044499939,1.4181968471393989,1.6230159086725453,54.73647860015129,-0.2564912281066815,1,11.989999771118164,-0.0625488814011661,-0.10455567858911474,0.9114058563569811
2024-10-03,51845.19921875,51845.19921875,52582.94921875,51683.3984375,52314.44921875,272300,-0.02035807598153727,-1,-1.0,-0.04170758717928391,-0.01716004514776326,0.008656557482697114,-0.008969797197670128,-0.011491353897857617,0.017405023826709345,12.51465967866185,51926.20550463136,-0.025303320329809597,-0.013613836910616036,0.005639064958445831,-0.04814172653027093,0.23131952535035313,-0.008527355617940236,-0.050364144661981025,0.010531555598362993,0.010000470475427334,0.008582647009787584,1.556,1.976329075145235,43.935378233606755,-2.0895184593832807,3,13.170000076293944,0.09841537345298335,0.03375198688390868,1.0057273804902522
2024-10-04,51462.05078125,51462.05078125,52358.3515625,51347.25,51643.75,255800,-0.007390239468140214,-1,-1.0,-0.053577598995408815,-0.029706297698876116,-0.0002137040613106045,-0.0035183196175723104,-0.0038855906002024806,0.0196914452575357,12.45215116812688,51908.003358616406,-0.021791175808746413,-0.020893221410784188,-0.001849015377782684,-0.05517618711094275,0.22221977919621724,-0.011238459202202832,-0.05336389493409821,0.007578647126450807,0.010148657998697085,0.008552645737364799,1.4108433070431856,1.456095108346945,40.84835733025074,-0.7339101218236526,4,14.130000114440918,0.07289294097081878,0.17750000953674316,1.0793675104608131
2024-10-07,50478.8984375,50478.8984375,51784.80078125,50194.30078125,51543.19921875,328700,-0.019104414395164526,-1,1.0,-0.06232833518882919,-0.06161189201208128,-0.0019367185179360868,-0.020648714037580278,0.0015768597688603214,0.031686864350028536,12.70290075965231,51851.960028376554,-0.028081357724208573,-0.039508982728543945,-0.020762417892110325,-0.07322649276279468,0.1988699860524862,-0.013040297822614254,-0.0603916166708931,0.008365879499244428,0.010311700160268509,0.008904182720306391,1.7442755180556662,2.3040070798297996,34.20672102674544,-1.8536765703802824,0,15.079999923706056,0.06723282389037166,0.26086955481669727,1.1525527289910957
2024-10-08,51021.0,51021.0,51176.05078125,50466.0,50736.1015625,153200,0.010739171798116676,1,-1.0,-0.0369417080789719,-0.057014233902975886,-0.0018936804747183844,0.005615300126065929,0.00509526025649022,0.014069884303293307,11.939499536288627,51819.37336059708,-0.010184117277885015,-0.02910469085146251,-0.01014062449484411,-0.06327371285063113,0.2117448567963097,-0.007754137364638402,-0.03504802760425352,0.01305732219784854,0.010314067227230323,0.008962795027420858,0.817132037229645,-0.5593834055781427,39.99965726188345,1.0486194107767686,1,14.59000015258789,-0.032493353686817716,0.14073496451160872,1.1136129538110158
2024-10-09,51007.0,51007.0,51707.1484375,50903.75,51161.75,310000,-0.00027439681699692464,-1,1.0,-0.03619628487533311,-0.054876381391321116,-0.005174349058020389,-0.003024720616476176,0.0027586679994512065,0.01578269651057142,12.644327576461329,51787.515581750136,-0.003045759752769762,-0.029126028794834845,-0.010258910903452286,-0.06353074756222227,0.21141235786459242,-0.007509071019776085,-0.031021935817312718,0.013157517984312184,0.010288014032084245,0.008956899557694254,1.5734443203735662,1.742044260184356,39.901946284683675,-0.006357315104332452,2,14.119999885559082,-0.03221386306465823,0.1776480529692519,1.0746223095526295
2024-10-10,51530.8984375,51530.8984375,51659.44921875,51047.0,51195.69921875,123700,0.010271108622345926,1,-1.0,-0.006062292863874941,-0.047517036435032356,0.010211692560282204,0.006547409721229787,0.003699476910031956,0.01199775145943934,11.72561455838058,51777.45216432856,0.008433056031207023,-0.019640082835627418,-0.00010543381052936462,-0.05391217014894674,0.22385490577867187,-0.0012323829327348082,-0.016273985424157145,0.012632333738073457,0.010476343765516915,0.009072763001838421,0.6312834906863996,-1.0959550749103137,45.28803102430269,0.9296241244849757,3,13.5,-0.0439093406929254,0.02505694167003525,1.0279448685621233
2024-10-11,51172.30078125,51172.30078125,51560.0,51005.8515625,51491.8984375,109400,-0.006958886165839506,-1,1.0,-0.005630362482669793,-0.05890630017478338,-0.011591073127014573,-0.006206756129567106,-0.0007568274798721337,0.010864409092768002,11.602766168970017,51753.72073754117,0.0025524313339568496,-0.025906250153246484,-0.006916714466930499,-0.060495887659766365,0.21533823880585384,-0.0011245680117586653,0.00596071064434478,0.012580398124793033,0.010032475717277691,0.009124989038583487,0.5609537238815536,-1.2770415542733133,42.48157397163345,-0.6425683343403463,4,13.220000267028809,-0.020740720960829018,-0.06440197027897299,1.0064712773989324
2024-10-14,51816.8984375,51816.8984375,51893.0,51220.8515625,51263.25,126600,0.012596612745741309,1,1.0,0.02650612516151929,-0.03747429268093405,-0.00233263170118303,0.010800104119422784,0.0017773134559414734,0.013122554916523407,11.748787788692212,51756.198294402304,0.009886623812149775,-0.013522217481042704,0.005494073552185015,-0.04866131818358504,0.23064738395518242,0.005229391602772132,0.02883875686270232,0.008473282140325762,0.0104261266576823,0.009299204003205249,0.6534024928388945,-0.9855583329739199,48.642484803956606,1.2180997143410164,0,13.0,-0.016641472207644226,-0.13793103012131025,0.9880296387408128
2024-10-15,51906.0,51906.0,52022.05078125,51698.75,51975.94921875,101400,0.0017195464257180326,1,-1.0,0.01734579878873399,-0.020236692725487893,-0.004738897744518411,-0.0013457997362512093,0.0030694770633916332,0.006253551222224909,11.52682837013922,51762.07287109241,0.008145426376176376,-0.011593392913334418,0.007005832735010275,-0.04702544715362027,0.23276353926558185,0.0034158740746224347,0.0220846965332524,0.00796500726523563,0.010388236829498783,0.009281455018689575,0.5223169443943647,-1.372406340711604,49.44851831983794,0.1840142189094047,1,13.0,0.0,-0.10897876188889999,0.9860062932739802
2024-10-16,51801.05078125,51801.05078125,52031.6015625,51711.19921875,51711.19921875,94400,-0.00202190919643197,-1,-1.0,0.015567486447938483,-0.021192283601657036,-0.007426857522746078,0.0017375648574674838,-0.0037529530545601666,0.0061959952310257985,11.455296352133592,51763.60141658879,0.00301325973453302,-0.01322770641123959,0.004303812880741237,-0.04895227516598605,0.2302710033285147,0.0030595722315339548,0.02299434397068456,0.008203794010799037,0.010393259125978096,0.008559240280667617,0.48839796155935533,-1.4380546056366208,48.48331244956711,-0.16408994368012392,2,13.050000190734863,0.0038461685180664062,-0.07577901582835966,0.9880749697115889
2024-10-17,51288.80078125,51288.80078125,51930.19921875,51150.25,51849.30078125,107800,-0.009888795541294626,-1,1.0,-0.004698106642631705,-0.01073191820813324,-0.027707803154922828,-0.010810174709293106,0.0009314482867105209,0.015248199544479256,11.588032937457033,51744.98178383041,-0.005973396017843968,-0.02162368004680731,-0.006221161448682215,-0.05835699166688301,0.21810510491621565,-0.0009347210243759664,0.023009696512291122,0.008758438519337771,0.010259313815820988,0.008624845333536918,0.5721261012631356,-1.1310469409696875,43.97174162457725,-0.834421950366321,3,13.390000343322754,0.02605365115850966,-0.008148122716833073,1.0137411735713133
2024-10-18,52094.19921875,52094.19921875,52199.44921875,51000.8984375,51261.0,139100,0.01570320275053949,1,-1.0,0.01801557529025133,0.012283778588363603,-0.01778742469412542,0.016254057056046507,-0.0005420438931409627,0.02350058171462972,11.842948377911535,51758.676585199806,0.006040961355882823,-0.005365056832891592,0.008612322353106687,-0.04357018058840007,0.23723325635018225,0.0035949307585957306,0.03580299998437675,0.010506218499342173,0.01084939768106883,0.008831053548400329,0.7433335114626196,-0.6674783197897037,51.598011940808384,1.5280814023831273,4,13.039999961853027,-0.026138937452997335,-0.01361575654614089,0.9851174681689764
2024-10-21,51962.69921875,51962.69921875,52577.5,51855.1484375,52361.1015625,145700,-0.0025242733734675005,-1,-1.0,0.0028137689758844786,0.029394476250054424,-0.03402846505849699,-0.007608746414061846,0.00512345611896718,0.01393018020902276,11.889304992183297,51766.67747279001,0.002936645504631722,-0.006139027687193451,0.005363227671320847,-0.04598447091513107,0.23411014138440903,0.0005597582204412604,0.03684223403438147,0.009399396588991618,0.010257052387760146,0.00884338311129413,0.805773697599823,-0.5043933507984244,50.3919600965289,-0.08256052357745028,0,13.760000228881836,0.05521474456557396,0.05846155606783343,1.0357156431838919
2024-10-22,51257.1484375,51257.1484375,52257.30078125,51179.6015625,52071.3515625,203900,-0.013578024079923368,-1,-1.0,-0.012500511742380427,0.004628455684914101,-0.05264966607309107,-0.015636297130154794,0.0020909680479183875,0.021057202202598723,12.225384956562547,51746.69594199432,-0.00819707544200348,-0.016955659376132047,-0.008584032727855406,-0.0589381167416662,0.21735336416741396,-0.0024973743560492063,0.040149154330710646,0.011261346310953243,0.010427499838048035,0.00903162267007889,1.1152436689821146,0.3023467985724725,44.39593523092748,-1.0508629936269545,1,14.399999618530272,0.04651158277636469,0.10769227834848238,1.0814057962951162
2024-10-23,51239.0,51239.0,51551.55078125,51107.8984375,51117.80078125,208100,-0.00035406646786306784,-1,1.0,-0.010850181082686428,0.004548395318289655,-0.050577585549236415,0.0023709787373023265,-0.0027185994636418852,0.008680700191430172,12.245774012381725,51726.78629721024,-0.006387045668574093,-0.01472475711525764,-0.009188431139727372,-0.05927131519871207,0.21692234016162193,-0.0021930630102660986,0.03972740446654999,0.011304259479944106,0.010440759365617024,0.009029302824026345,1.133411399471692,0.35048706605720314,44.250083390483475,0.20993837285623734,2,14.619999885559082,0.01527779672616858,0.12030648826648105,1.092879826210919
2024-10-24,51531.1484375,51531.1484375,51781.55078125,51201.8515625,51272.30078125,171800,0.005701681092527222,1,-1.0,0.004725157394177115,4.8514582042802346e-06,-0.0475124155037443,0.005048489190183936,0.00064991083452058,0.011321840930740268,12.054086288532291,51719.11422428043,-0.0016601292631701996,-0.006652063348946793,-0.004193571666423949,-0.05390758024338261,0.22386084325959538,0.000945949984386978,0.052237572897921414,0.010771080285643785,0.010547265968881805,0.00879150478840996,0.9389774000491897,-0.15964263938414872,47.2541267868225,0.7681217378637817,3,13.970000267028809,-0.044459618578541193,0.04331590058511736,1.039511885656671
2024-10-25,50787.44921875,50787.44921875,51501.05078125,50382.1015625,51369.75,271700,-0.014432032688966756,-1,1.0,-0.025084366773981737,-0.007520700781955325,-0.06598398429895214,-0.011335480146389656,-0.00313205590004953,0.022209260512126936,12.512453795414439,51682.57834171061,-0.011060937284789334,-0.01759078762551383,-0.01896704493954715,-0.0675616169720938,0.20619804356292645,-0.005071689801693173,0.0408996175249704,0.008774815213585014,0.010723834008907798,0.009043820545333684,1.4450206089615742,1.1525728497192915,41.17215965262798,-1.0359084533171259,4,14.630000114440918,0.04724408266260394,0.12193252739564775,1.0780737681927273
2024-10-28,51259.30078125,51259.30078125,51589.1484375,51012.55078125,51061.3515625,447600,0.009290711972315346,1,1.0,-0.013536603141781955,-0.01076092303985654,-0.04783195774127802,0.003876693677168076,0.0053931108563900695,0.011303054785920101,13.011655255419907,51665.97922169255,0.0008687215044428331,-0.005987938269128514,-0.010136454543825703,-0.05889860052345004,0.2174044821672399,-0.0027699695429488722,0.034295354599496064,0.010943599413641519,0.010962608304750742,0.008863737988418236,2.2432154759816574,2.670000267991453,45.927418741632394,1.068437096081384,0,14.289999961853027,-0.023239928224763617,0.03851742181360862,1.0440563983354143
2024-10-29,52320.69921875,52320.69921875,52354.8515625,51278.8984375,51404.1015625,374600,0.020706455634842413,1,-1.0,0.020749316215802116,0.007989427402419702,-0.012408944910463404,0.017831216350227403,0.0028248684442251752,0.020982375943808515,12.833614068992125,51691.654515694805,0.017367738044555273,0.015241655592372708,0.009598841164573326,-0.03941172614730069,0.24261261406689424,0.004149688993178962,0.03315826112626552,0.012893731933364138,0.011604746060769899,0.009298268252350776,1.789775441949355,1.6429224352813336,54.781869241728025,1.8339148143969848,1,14.520000457763672,0.016095206194865597,0.00833339183419013,1.0541983078680448
2024-10-30,51807.5,51807.5,52220.0,51733.0,51988.69921875,247700,-0.009808722482938181,-1,-1.0,0.011095064306485325,0.00012449976694939302,-0.021070422269077183,-0.0034853578080031966,-0.006345480946497409,0.009413720449229699,12.419973615477451,51696.197475863635,0.005166359491912181,0.006372208977786844,-0.0006913722142222404,-0.04883386994588645,0.2304241717817137,0.0021731360952311355,0.03216548657556251,0.014335576653532467,0.011787410407989873,0.009347023206082336,1.1813520925241445,0.3774249414214495,50.47781910767367,-0.7479335640902645,2,15.510000228881836,0.06818180026907794,0.06087553695549963,1.1118678186006792
2024-10-31,51475.3515625,51475.3515625,52005.6015625,51318.1015625,51649.44921875,319900,-0.006411203734980497,-1,1.0,-0.0010827795749143165,0.0036372615153481558,-0.007133691485869398,-0.0033707553300839138,-0.003050731674950538,0.013396832288558024,12.675763725937609,51687.53685181016,-0.0010616830949568752,0.0002794707525706916,-0.007400576001415344,-0.05493198979147629,0.22253567173597655,-0.0002154007624377867,0.006050911910955081,0.014621848505992416,0.010950485834475573,0.009389373698114807,1.508570889627691,1.048604944354355,47.85711551598198,-0.5576368005499721,3,15.550000190734863,0.0025789788048191653,0.11309949130316621,1.1053061869886103
2024-11-01,51673.8984375,51673.8984375,51825.5,51459.3984375,51550.1484375,51400,0.0038571251865842093,1,-1.0,0.017454100026404573,-0.008068091794349419,0.004116580140781867,0.002400575046840766,0.00145306195547171,0.007114377035414601,10.847393451443256,51687.00201203329,-0.0006469401835522135,0.003931031424596013,-0.0038363885128073153,-0.051286744166265885,0.22725114486692713,0.0034441696534065723,0.013337519885622706,0.012237611675332397,0.010857611422452094,0.0093688609899805,0.2546634627294572,-1.3892830068992614,49.54347508980153,0.33101245515786637,4,15.899999618530272,0.022508001511404974,0.08680789433731917,1.123119272847083
2024-11-04,51215.25,51215.25,51764.5,51066.80078125,51764.5,320500,-0.008875824185294201,-1,1.0,-0.0008593714814407738,-0.014384341652527,0.014587314408449403,-0.010610553564701678,0.0017533332154062913,0.013662481457153892,12.677637555342862,51668.50193313003,-0.009348230050803331,-0.005690912610305494,-0.012785422922201242,-0.05970735622730417,0.21635827947388725,-0.00017049528904147635,-0.015446685889890177,0.012774331811565575,0.010098550973473716,0.009457124109794839,1.5911629638823384,1.1046816020145702,45.85424121760796,-0.9535990633391951,0,16.690000534057617,0.04968559336357825,0.16794965560611352,1.172256394891135
2024-11-05,52207.25,52207.25,52289.55078125,50865.44921875,51052.6015625,245000,0.01936923084432851,1,1.0,-0.0021683429396781584,0.018535981642804344,0.023250230297328534,0.02261683836202642,-0.0031757813834746487,0.02799742427075722,12.409013489526863,51689.6293083014,0.010283333510721188,0.012402296580862535,0.005925426123955559,-0.041494610948846794,0.23157900944787158,-0.00044302905384623807,-0.025418573237006692,0.012246654559400145,0.010700788800938534,0.009819774519818287,1.1892337936558017,0.3623681566894294,53.85750659470956,1.6927383404212133,1,16.1200008392334,-0.03415216756051487,0.11019286026359776,1.1261702314635635
2024-11-06,52317.3984375,52317.3984375,52493.94921875,52185.3984375,52440.3984375,219100,0.0021098302917699208,1,-1.0,0.009842174154321315,0.021046438015964508,0.025690560854392475,-0.0023455199362490543,0.004465824909375613,0.0059125883961494855,12.297283525583557,51714.24770552488,0.010420845239294745,0.013250896083623082,0.007644446330875646,-0.039472327244202056,0.23417743214871256,0.001953362559797785,-0.01584838670007116,0.011056203882807442,0.010697365213368556,0.009818001314327163,1.0875068248374449,0.16815297317853817,54.65890074983231,0.07329562405321355,2,14.869999885559082,-0.07754347944151607,-0.04126372236481224,1.0361286103315686
2024-11-07,51916.5,51916.5,52377.25,51752.25,52258.94921875,160500,-0.0076628129355270636,-1,-1.0,0.008570090812577869,0.0074780317183766876,0.007482919455939374,-0.006552929667922458,-0.0011172042283376393,0.012076769609050814,11.986049221552207,51722.17916805332,0.0009725170103112911,0.005111230868428269,-0.0003744606483682695,-0.046832671119926915,0.21899339169674262,0.0016864310943403957,0.0010871713566384944,0.011306879747244387,0.010658284409039128,0.009875803110242033,0.789434853179873,-0.4127248861850944,51.17516601965679,-0.7568118457124039,3,14.9399995803833,0.004707444207326272,-0.0392283345896689,1.0358095793511457
2024-11-08,51561.19921875,51561.19921875,52007.1484375,51494.0,51869.1484375,157200,-0.006843696729363469,-1,1.0,-0.0021809699317791864,0.015235063227281298,0.007599784093399453,-0.005937040187213889,-0.0009120715475812121,0.009965208325241776,11.965274158977243,51715.86622886496,-0.005445623967134875,-0.0021430953980029893,-0.007371724784936619,-0.05335585925111962,0.21065097060887192,-0.00043415568749813815,-0.00978075402517864,0.011803935845239883,0.010654101878050808,0.009927700790095747,0.7642197374817695,-0.4755665851980334,48.24060329039521,-0.6809852671702604,4,14.470000267028809,-0.03145912493676484,-0.08993706828992021,0.9988954962329156
2024-11-11,51876.75,51876.75,52177.69921875,51294.19921875,51562.69921875,160700,0.006119927116343238,1,-1.0,0.012916074801938793,0.012045603614161182,0.0011550587608439855,0.006090658286092986,2.9091642993720977e-05,0.017224169856560445,11.987294551725604,51722.17539636045,-0.001906069632830671,0.0039055749803723425,-0.0014990377218967652,-0.04756246610462317,0.21217416274039236,0.002565882912046247,0.011761016041094807,0.010989611669987876,0.010361909308111705,0.009949726379178132,0.7748125647886984,-0.4630191135805288,50.931780035625536,0.5784878679777883,0,14.270000457763672,-0.01382168663264327,-0.14499700412565553,0.9807897404505187
2024-11-12,51157.80078125,51157.80078125,52169.05078125,51006.8515625,52053.75,131400,-0.01385879452259442,-1,-1.0,-0.020101599275004878,-0.02222635505381887,-0.014414503501521958,-0.017212001416804745,0.0034119330914137835,0.022785158917835335,11.786001385032646,51700.04305851298,-0.011747667045123037,-0.009290123690153421,-0.015230249249834805,-0.060762102182485754,0.18363297427755026,-0.004045932787809624,-0.00568709577348292,0.008066761136369683,0.010812640215512365,0.010145996816627754,0.6289940403532707,-0.779540677530603,45.169293153000545,-1.2168675163581684,1,14.59000015258789,0.022424645028663592,-0.09491318901930457,0.9973340634166817
2024-11-13,50088.3515625,50088.3515625,51353.5,49904.3984375,51030.94921875,207100,-0.020904909953478046,-1,1.0,-0.04260622549232618,-0.033183389229358706,-0.03306302078663492,-0.018471097847101516,-0.0024796132860053035,0.029037551956764832,12.240957047383676,51636.83947043404,-0.024001673076748067,-0.02838951882707671,-0.035222201326649605,-0.0803967858612549,0.15862252547477787,-0.008714396791728233,-0.009543204705691255,0.010068425460187127,0.01173748497532798,0.010544211653451305,0.9653211522326839,-0.07772893563769595,38.23869400439368,-1.6422331546077642,2,15.4399995803833,0.05825904173446106,0.03833219228049689,1.0468860878439858
2024-11-14,50179.55078125,50179.55078125,50561.80078125,49939.3515625,50053.44921875,133900,0.0018207670227718964,1,1.0,-0.03345659315920757,-0.02517322838828351,-0.021627528487769165,0.002519338116917673,-0.0006968155800944862,0.012464102942365872,11.804848531679264,51579.69089438761,-0.01556086323424006,-0.025572096593087776,-0.03301083863360915,-0.07872240265491613,0.16073210716100292,-0.006935541556334341,-0.011829064671438405,0.011148875310180457,0.011595747430050039,0.01052497851592582,0.6203525678148671,-0.8684884907900171,39.09688241382082,0.245577534049359,3,14.779999732971191,-0.042746105268723356,-0.010709494772824124,0.9974355280719694
2024-11-18,50363.80078125,50363.80078125,50445.80078125,50074.0,50312.44921875,161500,0.003671814456913225,1,1.0,-0.02322285857665951,-0.025353180152153043,-0.03321672016175625,0.001020653204075439,0.002648458095596555,0.007425026585653233,11.992260421644849,51532.00892916653,-0.007282206330380439,-0.020348250333277994,-0.029045133297119805,-0.07533964225415427,0.16499410009267992,-0.004772455786700395,0.009993861585096742,0.012089663134007141,0.010983891130120164,0.010538050444589686,0.744359689350817,-0.5930566253845481,40.884076481738965,0.4826395878245168,0,15.170000076293944,0.026387033177865282,0.0483759361677516,1.0164494616898463
2024-11-19,50626.5,50626.5,50983.5,50440.8515625,50580.55078125,185800,0.005216032441455409,1,-1.0,-0.0241003917940118,-0.011495599455240368,-0.025714584477702696,0.0009084365045513341,0.004303686311154938,0.010758114121598798,12.132426105361874,51496.49877508156,0.002838552558720116,-0.013956938500501897,-0.023999285058486905,-0.07051658383082411,0.17107074711286754,-0.004964875488370351,0.001614192683690896,0.01189402030320703,0.011088338961478721,0.010271325072557003,0.8485180618349546,-0.3592234953434805,43.43285679587006,0.5825299774462375,1,15.65999984741211,0.03230057802596087,0.09740710196629321,1.0426445474081536
2024-11-21,50372.8984375,50372.8984375,50652.1484375,49787.1015625,50625.0,254600,-0.005009265157575604,-1,1.0,-0.015342769465525485,-0.03513595453696561,-0.01725125230246083,-0.004979783950617284,-2.9628751740689166e-05,0.01737491936368434,12.447448965105444,51452.436016745036,0.0009275110411660431,-0.018050714702305744,-0.02860933702929354,-0.07517261272198468,0.16520454322229905,-0.003100756891153842,0.0019084828369353435,0.010811377651689078,0.010743877031788284,0.010179260991289754,1.1494097198708833,0.3574045925958673,41.56956351824317,-0.3902811293372435,3,15.989999771118164,0.021072792268295615,0.09595610718907022,1.059010510256433
2024-11-22,51135.3984375,51135.3984375,51271.5,50508.25,50512.80078125,183400,0.015137107922151172,1,1.0,0.020903999479669366,-0.022592866528179045,-0.0020219278772029003,0.012325542171898414,0.0027773336077451124,0.015111392693272881,12.119424838804502,51440.00317050013,0.011868235415464822,-0.003086175647112026,-0.013853222707071225,-0.061173400751396226,0.1828423701444359,0.004157183356439566,0.022925927356872267,0.0072307512426373075,0.011317682891531771,0.010398214818525656,0.8326145185454216,-0.39666326045165334,48.69620511013356,1.3402019007171948,4,16.100000381469727,0.006879337831527055,0.04274616703519629,1.0610953851085418
2024-11-25,52207.5,52207.5,52331.1015625,51774.05078125,52046.3515625,458500,0.02096593739873498,1,-1.0,0.04041385758096028,0.005605154430672332,0.013125101671668027,0.003096248491241206,0.01781453069371129,0.010759265941998424,13.035715570678656,51470.10108538248,0.024857678720730282,0.017144460945274033,0.006357456495139896,-0.041490021043282664,0.20764176922945557,0.00793168443276589,0.02728875590929225,0.010099886345405517,0.012190625492281355,0.010777543482216592,1.9543487990452035,2.107454173673026,56.69406779624492,1.6576767836403794,0,15.300000190734863,-0.04968945166334415,0.035182710903820746,1.0039699528792774
2024-11-26,52191.5,52191.5,52555.5,51999.75,52554.8984375,113100,-0.00030646937700518073,-1,1.0,0.03628993821749926,0.012224323537858961,0.027645625107150407,-0.006914644463297085,0.006654186419575731,0.01068755138245857,11.636027662104212,51498.39123889689,0.017244133829101314,0.01544387726404109,0.005886514703518372,-0.04178377499938682,0.20727166400879435,0.007001673011540571,0.008644313110348856,0.010659231955519098,0.011661221823664731,0.010576339100430286,0.4989522444027793,-1.040037482840266,56.55237621472677,-0.1485191544350993,1,15.3100004196167,0.0006536097226907955,0.009228763521335281,1.0023897803802673
2024-11-27,52301.80078125,52301.80078125,52444.3515625,52019.6484375,52154.30078125,151600,0.0021133859201210026,1,-1.0,0.03309138062575934,0.00819347359366196,0.020337772542955435,0.0028281464383667423,-0.0007127447716582203,0.008164282876887714,11.929000752190408,51529.89749545976,0.012779976693126058,0.016558958742609733,0.007871026458052039,-0.039758694321038936,0.20982309494527168,0.006419822313020347,0.012753608082803902,0.010886176440828456,0.011515545505677406,0.010571106587221296,0.7155162241887906,-0.6209466923530489,57.3438407644465,0.090377901055032,2,14.630000114440918,-0.044415433477356214,-0.06577265281017253,0.9568032440481684
2024-11-28,51906.8515625,51906.8515625,52760.19921875,51782.8984375,52389.94921875,172000,-0.007551350294837,-1,1.0,0.030451952787732717,0.014641966030809916,-0.007909826558695765,-0.009221189626141166,0.0016853805449008725,0.01887304130782801,12.05524975579559,51544.680007892704,-0.0008038442919723246,0.009288487168336393,0.0003551972611037962,-0.047009812787792454,0.20068729696055607,0.005865775564461587,0.03836177934642848,0.011600397889147749,0.010696962073539963,0.01061051486565378,0.8525614017695606,-0.33246559671224063,53.580127458940346,-0.6730342229613012,3,15.210000038146973,0.03964456043534481,-0.04878047180338685,0.9924959180094738
2024-11-29,52055.6015625,52055.6015625,52170.8984375,51759.44921875,51984.1484375,139600,0.0028657103161207065,1,1.0,0.017995422996942345,0.039275598789576316,0.004788912078367069,0.0013745175625201854,0.0014891458964126996,0.007949258057424448,11.84653646931041,51564.716147289066,-0.0014779455407571568,0.011936729246848028,0.0032733752478521652,-0.044278818977136675,0.20412811893389096,0.0035455940682204896,0.013206510918575276,0.010453517610052565,0.010480840785955806,0.010618247594024468,0.7110115106447998,-0.6317769972116384,54.783842826714384,0.24533783445357457,4,14.43000030517578,-0.051282033597300436,-0.10372671035561165,0.9449283093088716
2024-12-02,52109.0,52109.0,52197.25,51693.94921875,52087.6484375,102500,0.001025796185178729,1,1.0,-0.0018867021021883312,0.038450906568716414,0.012309744727641903,0.0004099160384562139,0.0006156277910173272,0.009736164267895534,11.5376180775606,51586.06061210126,-7.58118891901805e-05,0.012351271465620416,0.004550889250057933,-0.043298443835548844,0.20536330896475985,-0.00037844150117724595,-0.014196446829830234,0.004199230639202738,0.010363021208899087,0.010505756380233105,0.552650024262684,-0.9516415391387746,55.232627201766384,0.03497007991408306,0,14.699999809265137,0.018710983948663662,-0.03921571071829566,0.9652953168031415
2024-12-03,52695.75,52695.75,52780.8984375,52216.8515625,52357.94921875,173600,0.011260051046844133,1,1.0,0.009661534924269244,0.04630208964725635,0.019775004274855235,0.006451757303149482,0.004777470662457541,0.010802008511081417,12.064509081208387,51629.57784299925,0.009230303320938632,0.022735226703775622,0.015996095329713925,-0.03252593547654192,0.21275283978688092,0.0019353662515112274,-0.01011346935058599,0.006671560894003081,0.010611113617712175,0.010600563017652368,0.9061488673139159,-0.22092536676129104,59.937921462735964,0.9626115485199973,1,14.369999885559082,-0.022448974693051515,-0.061397812429397125,0.9483896381284653
2024-12-04,53266.8984375,53266.8984375,53387.1015625,52685.1484375,52775.0,228600,0.010838605342935681,1,1.0,0.01845247471088962,0.05215447320079414,0.040059326811838325,0.009320671482709616,0.0015039163499902743,0.013323548396807152,12.339729030342847,51693.78649376398,0.01641156856820133,0.03176605453176194,0.02721654550835722,-0.022039865911646327,0.22266714749679323,0.0036629050967108352,-0.021606852100948704,0.007768908043156393,0.010558319171561597,0.010518433985699738,1.2225579591945879,0.5464948879026978,63.91391381608922,0.8343491560602699,2,14.449999809265137,0.00556714852770801,-0.012303506751042859,0.9607712602586014
2024-12-05,53603.55078125,53603.55078125,53888.30078125,52850.3515625,53354.44921875,155600,0.006320104110153935,1,-1.0,0.032687384568240274,0.06413473204759934,0.026745342481168777,0.004668805809965327,0.0016436245364037205,0.019639400459286208,11.955043890726428,51768.679210920294,0.016255033967594056,0.036884744939252014,0.033908940671615644,-0.015859056048627754,0.2255097148094078,0.006370557582738928,0.005942042087071497,0.004571975033717785,0.009819568564701602,0.010524555588322156,0.8525326685477906,-0.3579981637116235,66.05254834184066,0.5044736351846604,3,14.529999732971191,0.0055363269731505405,-0.044707449274840716,0.9712242058165655
2024-12-06,53509.5,53509.5,53868.5,53160.6484375,53634.19921875,209400,-0.0017545625220577454,-1,-1.0,0.027929721180042222,0.04642775132380628,0.02278594880676499,-0.002324994510338589,0.0005717613302348717,0.013315329728007514,12.252001577418573,51836.94669284499,0.008910019274154806,0.03387343478739893,0.03227770293644604,-0.017585792865307356,0.21602967381019403,0.005424634809858724,0.005143772373277233,0.0057804168057702795,0.009841234252995915,0.01052156630964495,1.1503598307971215,0.3651061951889894,64.89543372536625,-0.29746814108337066,4,14.140000343322754,-0.026840977069218952,-0.020097017028406272,0.9474671884099304
2024-12-09,53407.75,53407.75,53775.1015625,53326.3984375,53380.75,121800,-0.0019015315037517189,-1,1.0,0.024923717591970762,0.0229899918594072,0.02872400874481129,0.0005058003119101924,-0.002406114802044497,0.00841427769636257,11.710135634257934,51898.54682253735,0.0020838096432554574,0.03042301821990253,0.0305907109338333,-0.019453884429907194,0.20682930394420496,0.0048542782122800625,-0.003800291152840529,0.006457139601596182,0.009651507909835712,0.01051738274157266,0.6763097254226936,-0.7666237701279736,63.59740913714115,-0.3483854668358658,0,14.109999656677246,-0.002121689244489633,-0.04013606532266922,0.9480933733950665
2024-12-10,53577.69921875,53577.69921875,53624.05078125,53302.6484375,53450.05078125,121800,0.0031821078167495465,1,-1.0,0.016736629021315785,0.026559865471389,0.039108865397892156,0.0023881817815742546,0.0007920345127813847,0.006029763120060727,11.710135634257934,51964.39593611432,0.0019564897301857604,0.03169501180223041,0.03418852667740508,-0.0163336809708683,0.2059172886796912,0.0033027012699468317,-0.02237223637657637,0.0054223646321782054,0.00945717900575693,0.010501452887002825,0.6830225711481845,-0.7340142929821731,64.8616212231986,0.1289641476062713,1,13.779999732971191,-0.023387663482322574,-0.0410577701660807,0.9280711025862768
2024-12-11,53391.3515625,53391.3515625,53648.05078125,53302.1484375,53459.30078125,101600,-0.003478082466534582,-1,-1.0,0.002336406448481876,0.020831993640276325,0.029196153623733068,-0.0012710457816880408,-0.0022098454996470882,0.006489463443590674,11.52879881412652,52020.354980286305,-0.0019929494404592315,0.02660962526261727,0.030767796401605985,-0.019754953548004172,0.2017230089018434,0.0004645706210409517,-0.026859747175251192,0.004109229449482021,0.009476894771567185,0.010418668849501178,0.579346524491076,-0.9357844763293403,62.30650601473555,-0.5233803124308576,2,13.270000457763672,-0.037010107771428435,-0.08166085585308214,0.8967428339000724
2024-12-12,53216.44921875,53216.44921875,53537.44921875,53174.3984375,53201.0,99500,-0.0032758553329608198,-1,1.0,-0.00722156567723875,0.025229764796524723,0.04024114418645075,0.00029039339016183904,-0.0035652134087142216,0.006827548442822946,11.507912923146684,52067.26063669664,-0.003820641705298858,0.021225405630442604,0.027296607810130567,-0.02296609451103234,0.1977863381743906,-0.0014500534306454147,-0.0474627098636895,0.0027018521502648286,0.008843692509497934,0.010175583471722009,0.5725794849661919,-0.927492266923767,59.920590033577,-0.5973820108866994,3,13.1899995803833,-0.006028701930719693,-0.09222299912003362,0.8955730312532374
2024-12-13,53583.80078125,53583.80078125,53654.0,52264.55078125,53109.80078125,139900,0.006902970188596758,1,-1.0,0.0013885530840318516,0.029357056164554862,0.06978567091369325,0.008924906383142412,-0.0020040502338217647,0.026584926072845294,11.848683160653573,52126.73279922815,0.0027770091885903434,0.024837702002749696,0.03412401722694658,-0.016221658588193816,0.2060546215591168,0.0002792399054832343,-0.0683971178296614,0.0045705907208941545,0.0070236279813215416,0.010219157353931654,0.8209371240794531,-0.38134476835718795,63.11535085983553,0.4954382475933115,4,13.050000190734863,-0.010614055655972177,-0.07708628897612546,0.8933155482990817
2024-12-16,53581.3515625,53581.3515625,53738.8984375,53335.0,53502.5,85800,-4.57081937879078e-05,-1,-1.0,0.0032504938421857865,0.028255225824713515,0.06779257144169404,0.0014737921125181066,-0.001517264174333238,0.0075728590512796476,11.359774285476053,52183.77667229764,0.0020800602649548505,0.02146789800001686,0.03338425088622358,-0.016266625319267376,0.20599949498075582,0.0006479628543287426,-0.06454207759950825,0.004422085630473866,0.007057636635248567,0.009768195703569267,0.5106838878638176,-1.004079692209844,63.07924863968058,-0.4724510491826751,0,14.020000457763672,0.07432952129130865,-0.006378398377280159,0.9622182093423475
2024-12-17,52834.80078125,52834.80078125,53515.69921875,52709.3984375,53394.1015625,116200,-0.01393303377909727,-1,-1.0,-0.013865814477528327,0.002638747550798737,0.04906301672370872,-0.01047495444033861,-0.0034946860155549105,0.015297097010243222,11.663068123399947,52209.30702951146,-0.009128579211750174,0.004868942167025229,0.018446801088714278,-0.029973015658319398,0.18919626327961467,-0.002772973864361943,-0.06292883120123705,0.007551639086868441,0.00804673233400323,0.009923329141074284,0.7010769555642704,-0.5991793385824353,53.10750180258222,-2.025701210255614,1,14.489999771118164,0.0335234877324293,0.051523951517079336,0.9968011382658789
2024-12-18,52139.55078125,52139.55078125,52827.6015625,52010.6484375,52696.94921875,149500,-0.013158940503599448,-1,-1.0,-0.023445759371433783,-0.02116413174633691,0.029886537312474593,-0.01057743276913786,-0.002609105371112154,0.015707420490665747,11.915051671812877,52206.57149036395,-0.01755453067433425,-0.009778839436221827,0.004402085247305718,-0.0427375430321576,0.1735477004040154,-0.004738546422963798,-0.053332296683908376,0.008914189115645888,0.00873587101949991,0.00971160191943087,0.9119746233148295,-0.17464851691631383,45.839848048860304,-1.6746156584073553,2,14.369999885559082,-0.008281565731855234,0.08289369931045099,0.9929518973911281
2024-12-19,51575.69921875,51575.69921875,51789.8515625,51263.75,51428.44921875,145900,-0.010814277339396772,-1,-1.0,-0.03083163240101905,-0.03783054541993747,0.023877934733939732,0.0028632012482755357,-0.013638429020675809,0.010262642949452587,11.890676734510876,52181.83140128105,-0.022132614889417014,-0.021604853809189466,-0.006672083051151172,-0.05308964472840023,0.16085663010083504,-0.006293686751862236,-0.05470956713495878,0.009243045087738752,0.009056895641835563,0.009735464018633344,0.9205337707814126,-0.15768526430427213,40.945921172033344,-1.3257122277584144,3,14.510000228881836,0.009742543106311619,0.10007586736103424,1.0077788706004311
2024-12-20,50759.19921875,50759.19921875,51629.0,50609.3515625,51401.3515625,228200,-0.015831098993674297,-1,1.0,-0.05271372170912492,-0.05139836442594303,-0.007356923584154851,-0.012492907758839635,-0.0033804225418356923,0.020147431374234966,12.337977716410112,52126.041903926896,-0.02719379474101294,-0.036750211205500975,-0.02230423366319932,-0.0680802763008402,0.1424789938722456,-0.010953226443018839,-0.045356798124970066,0.006298442348840189,0.009212616827867816,0.010000635063502735,1.4197281239306934,0.8305813261202567,35.101793467983384,-1.6816544963852995,4,15.06999969482422,0.038594035638105595,0.15478923176748305,1.050430396179969
2024-12-23,51317.6015625,51317.6015625,51417.3515625,51030.3984375,51044.3984375,110800,0.011001007745286229,1,-1.0,-0.042248840949065,-0.03913567670422369,-0.017045413733658976,0.005352264565024046,0.0056186705688739454,0.007582796467362973,11.61548205329532,52094.33836112584,-0.007883341337847535,-0.025330507700946827,-0.011467369076695887,-0.057828220202440654,0.1550474141326611,-0.008919565457462105,-0.025203427215406027,0.011093131491165914,0.008238858619523965,0.010016348385975269,0.7729333798395536,-0.7793712748066189,41.274961369399534,1.4385125718039535,0,13.520000457763672,-0.10285330248499569,-0.035663336924010025,0.9482728690607307
2024-12-24,51233.0,51233.0,51382.1015625,51137.5,51314.94921875,112000,-0.0016485876175831304,-1,-1.0,-0.03031715379947919,-0.043762596246937235,-0.018365059444545584,-0.001596985283969774,-5.168487359584986e-05,0.004783213150818871,11.626254150277232,52060.56038617973,-0.003346174929781333,-0.026050813910062223,-0.013120129937674039,-0.05938147293225113,0.15314321726800062,-0.006242695420202674,-0.011952094354933607,0.010968226293691038,0.008239588312145723,0.00996965556108376,0.7816043825674308,-0.7485576092234916,40.6441646426844,-0.09174065929255136,1,13.18000030517578,-0.02514793942870408,-0.09040714193477828,0.9313829611941287
2024-12-26,51170.69921875,51170.69921875,51740.0,50951.80078125,51395.80078125,91300,-0.001216028365506605,-1,1.0,-0.01858189316906067,-0.04159198594458691,-0.0216264362909947,-0.004379765643852378,0.003177654661058302,0.01546950660554579,11.421906066583059,52025.663869809934,-0.000791635295761135,-0.02618819636182764,-0.014074758444007355,-0.060525291742286554,0.1517409624063112,-0.0037821387094255088,0.003044543121934029,0.010324968342928351,0.008208553680588112,0.009806253551800032,0.6508411747932706,-1.1305657451104767,40.157456352607085,-0.01896660376196977,3,14.039999961853027,0.06525035180306693,-0.022964504268206953,0.9942286546529974
2024-12-27,51311.30078125,51311.30078125,51628.44921875,51240.1015625,51268.19921875,78200,0.002747696721886461,1,-1.0,-0.0051264149881632415,-0.0357999916467322,-0.011473452219172064,0.0008407075566687104,0.0019053872917232679,0.007578979049764642,11.267024926533402,51997.64963104288,0.0029895529202438324,-0.022958781278015674,-0.011139121695102077,-0.05794390016611155,0.15490559727317743,-0.0010333977902851903,0.006347037231008823,0.00975708411289906,0.008103092796847785,0.009811529151930686,0.5767386975440667,-1.282110211191271,41.849855044522066,0.4072674875260951,4,13.239999771118164,-0.05698007071997724,-0.0875258744128593,0.9441631440716904
2024-12-30,50952.75,50952.75,51979.75,50718.3515625,51255.3515625,316300,-0.0069877546620493725,-1,-1.0,0.0038131173113247208,-0.049101608002593444,-0.02118603050194079,-0.005903804252147451,-0.0010903878463054822,0.024870651325202955,12.66444640929374,51956.673174923555,-0.004772154168367483,-0.028766315807281072,-0.017727869732876506,-0.06452675706963791,0.1468354003016048,0.0007544177532164268,0.02499914781326551,0.006665419937940824,0.008182962051048508,0.009855401365635529,2.1900640470832613,2.8490430715213204,38.83374540735742,-0.7284230017492376,0,13.970000267028809,0.05513599007026215,-0.07299266423828832,0.9978571619306292
2024-12-31,50860.19921875,50860.19921875,50945.55078125,50599.80078125,50648.19921875,105300,-0.0018164040459053288,-1,1.0,-0.008913166824309315,-0.05078543680586167,-0.023965164966704422,0.004185736181544584,-0.00597712157341851,0.006833030855096159,11.564568698122066,51913.67419625008,-0.004801639620054404,-0.02937523279101691,-0.019350017980325228,-0.06622595445293274,0.1447522838405096,-0.001795398064873829,0.015051998142395107,0.003470509587451956,0.008169319389055452,0.009760293741923016,0.7283920727700343,-0.651939020838157,38.07103107990246,-0.07798694137461941,1,14.449999809265137,0.03435930802157494,0.06878693195364693,1.0330652231824942
2025-01-01,51060.6015625,51060.6015625,51321.94921875,50485.05078125,50841.8984375,81100,0.003940258725453782,1,1.0,-0.003364988142408265,-0.03358012507884056,-0.031029987000849246,0.004301631758870137,-0.0003598251979172995,0.016577153524639447,11.303438240103505,51880.22036747557,-0.0002057639577022405,-0.02402793755208592,-0.015093437487839886,-0.06254664312236358,0.14926290401539535,-0.0006779306418306696,0.02766499885844098,0.00432086580370272,0.007738646356323225,0.009512581188839896,0.579534086036873,-0.9579811939797924,40.78312963429922,0.7107764028641863,2,,,,
2025-01-02,51605.55078125,51605.55078125,51672.75,50992.80078125,51084.94921875,134400,0.010672596915705324,1,-1.0,0.008498057856138441,-0.010241745316149409,-0.03118911941530289,0.01019089908988146,0.00047683841366807244,0.013334219896390092,11.808575707071187,51869.449011153,0.00874681591646777,-0.012043153132664075,-0.004444758616692945,-0.05254158131713364,0.1615285237401247,0.0017032762998991833,0.03968717727144133,0.006592611704531269,0.00772491887347089,0.009633449622763593,0.9938623086593211,-0.014367978341151454,47.51429931651322,1.5868583811986476,3,13.739999771118164,-0.0491349513853786,0.04248857761577396,0.9845227699019524
2025-01-03,50988.80078125,50988.80078125,51671.6015625,50904.3515625,51567.1484375,148200,-0.011951233746430368,-1,-1.0,-0.00628516516030031,-0.011379359783582621,-0.0487794178163774,-0.011215428306084527,-0.0007441514172144605,0.015072385296136734,11.906317991844123,51834.913786450925,-0.002050740749399706,-0.021401131183691476,-0.016241016285494094,-0.06386487834383585,0.1476468248497603,-0.001249865547863409,0.04249425265607709,0.008905754951232777,0.007826511764571902,0.00958892310076774,1.0989173958178853,0.23138191877708716,41.73256684448018,-1.2149660134979245,4,13.539999961853027,-0.014556027117667125,-0.03561253570929557,0.9733654404943374
2025-01-06,49922.0,49922.0,51026.1015625,49751.0,50990.6484375,184600,-0.02092225674862891,-1,1.0,-0.02022952637492581,-0.016493546620821142,-0.06704416972687088,-0.020957733824661172,3.623651118853995e-05,0.02562966699161826,12.125946601050888,51759.89755953128,-0.0189718848025323,-0.0385657543395708,-0.036333744742389984,-0.08345093771053502,0.12363546332350492,-0.004043044685134241,0.04681464335194507,0.012644890603684174,0.00886172233454252,0.010040091217083035,1.3815297111210896,0.906879056519861,34.02104399006947,-1.982898218498868,0,15.649999618530272,0.15583453933691738,0.1820241608062032,1.120538404239057
2025-01-07,50202.1484375,50202.1484375,50447.6015625,49969.30078125,50061.19921875,103800,0.005611723037939109,1,-1.0,-0.012938423194524318,-0.021736267694457245,-0.06002128085343417,0.002815538200235696,0.0027883341763150515,0.009571892617506328,11.550221249713925,51698.809358667306,-0.010908539584053245,-0.030176810613126853,-0.03042844361236104,-0.07830751822228367,0.1299409943392829,-0.002636315777613018,0.04708285765890985,0.01339027752850506,0.009087287113798312,0.010038970661241252,0.7820976491862568,-0.5113423630091354,37.297751884451515,0.9573557787272191,1,14.65999984741211,-0.06325877285939097,0.04939152234748323,1.0477041184482518
2025-01-08,49835.05078125,49835.05078125,50246.8984375,49389.75,50201.75,131200,-0.007312389363316241,-1,-1.0,-0.02400188685105642,-0.027286108928815445,-0.06985459420755091,-0.007304510674428681,-7.936662322251834e-06,0.017354783887345047,11.784478155492126,51625.720787003884,-0.013376556633433106,-0.03377554553421715,-0.03716412023994302,-0.08504729252228363,0.1216784258311013,-0.004882463477736437,0.04585270735649449,0.012956381608690651,0.009009189456949073,0.009884317822648184,0.9850589383587356,-0.03522091123531366,34.855020453672765,-0.41647003777296915,2,14.470000267028809,-0.012960408073731333,0.0013841147423994116,1.0327968498668074
2025-01-09,49503.5,49503.5,49798.1015625,49230.1484375,49712.55078125,136400,-0.006652963648122623,-1,-1.0,-0.04073303645494164,-0.03258113029925347,-0.07281800233037505,-0.004205191203522941,-0.0024581092640541574,0.01153669332768808,11.823347024391499,51542.4964424155,-0.011714842993553699,-0.03657267201551498,-0.04292049465863536,-0.09113443962488423,0.1142159400391636,-0.008436033467596579,0.03208496587543341,0.009688885064750094,0.009034863549923623,0.009824163320143953,1.0108945379085452,0.026245220703821386,32.76768634413678,-0.3243316598579874,3,14.65999984741211,0.013130585824260965,0.06695779414988134,1.0430822753889517
2025-01-10,48734.1484375,48734.1484375,49483.1484375,48631.19921875,49426.5,142400,-0.015541356924257843,-1,-1.0,-0.04421857955480879,-0.05022582363945316,-0.08422773121944271,-0.01400769956399907,-0.0015554455745553344,0.017518573106079745,11.866395277960013,51432.365148105084,-0.01823595066371915,-0.04739066043519104,-0.056486328254690896,-0.10525944369483956,0.09689951242431745,-0.009109062364277361,0.040009151664633924,0.010162183585419218,0.009415105534510278,0.009559623283330711,1.0388473463432428,0.09611900322900603,28.502234827293847,-1.1939152216323439,4,14.920000076293944,0.017735350040111397,0.10192024507598707,1.0553865804889215
2025-01-13,48041.25,48041.25,48606.3515625,47898.3515625,48264.25,168800,-0.014217924385990233,-1,1.0,-0.037673771082889274,-0.05714117491205084,-0.10343705934330516,-0.0046203970847987896,-0.00964207752809367,0.014781302005271906,12.036469861143994,51299.38024033626,-0.024804906030854192,-0.055820138563793295,-0.06854276806992878,-0.11798079726946518,0.08130387809763893,-0.007718407155147112,0.06576328826041589,0.008443970554127371,0.00927072427652354,0.00966030878100197,1.2185965925498123,0.5421404235576092,25.307087919361607,-0.9549467768467268,0,16.0,0.07238605349754956,0.022364242172588478,1.1206443697645039
2025-01-14,48729.1484375,48729.1484375,49007.3515625,48235.19921875,48266.8984375,151900,0.014318912132802453,1,1.0,-0.029341373742875487,-0.04190016582680578,-0.09055768440891498,0.009576956775015485,0.004696972653709052,0.016008067889348505,11.930977688583864,51198.58683630347,-0.0048902970114805214,-0.03771218269174752,-0.05419812372054837,-0.1053512418061221,0.09678697331697765,-0.006132230114745111,0.0612163106660395,0.01197481366580489,0.010210092437193051,0.009884365779789107,1.0710382513661203,0.184833978333403,33.301185685712255,1.8670451928802372,1,15.470000267028809,-0.03312498331069946,0.0552524166471724,1.0744174915917482
2025-01-15,48751.69921875,48751.69921875,49083.6484375,48522.3984375,48832.75,145100,0.00046277806965822066,1,1.0,-0.02173874703680645,-0.04521886294120181,-0.0772805329465539,-0.0016597627872687898,0.002126069628179104,0.01156682311825386,11.885178438872279,51102.63045914451,-5.128000090381001e-06,-0.03336980040688294,-0.052685831407139394,-0.10493721798078293,0.09729454227531567,-0.00444642107337254,0.055541785909747454,0.012254570124982529,0.010029153945438692,0.00986135540051945,1.0127730857820898,0.033779194185091045,33.55225420911182,0.4429488991281915,2,15.260000228881836,-0.013574662865038611,0.0545957116291913,1.055288560345011
2025-01-16,49278.69921875,49278.69921875,49459.0,49038.44921875,49082.8984375,146700,0.010809879623586927,1,-1.0,-0.004541108835738883,-0.0450891721389286,-0.054869125637515004,0.00398918538804965,0.006793593332283691,0.008575939654494644,11.896144964131073,51031.10374383492,0.01173774374590049,-0.0201415757445457,-0.04172428272285706,-0.09526169705160244,0.10915616418893065,-0.0009222274704367873,0.05032801680177612,0.013822177400325307,0.010299348286835246,0.009937813936840926,1.0249423600922238,0.0659133355083008,39.30240634179898,1.3219226837957436,3,15.470000267028809,0.013761470183304203,0.0552524166471724,1.0661980246430443
2025-01-17,48540.6015625,48540.6015625,49047.19921875,48309.5,48959.5,130600,-0.01497802636740786,-1,1.0,-0.003971483676342813,-0.048014449864258624,-0.058847435948025106,-0.00855601951613068,-0.006477427850379383,0.015270272280814333,11.779894495824468,50933.43699162571,-0.002623436164578291,-0.031896672698293084,-0.05472937165888788,-0.10881289120876741,0.09254319391613586,-0.0007855194153596907,0.05487595227168229,0.013671071987883822,0.01051385983623742,0.009712842169264444,0.9173603062550486,-0.21695091919231457,34.764800958401324,-1.1449954251183065,4,15.75,0.018099529937821268,0.0556300214116503,1.080358059126074
2025-01-20,49350.80078125,49350.80078125,49650.6015625,48683.6015625,48834.1484375,173100,0.016691165594781454,1,-1.0,0.027258882340696733,-0.011441833635471355,-0.02774666383979818,0.010579734883904722,0.006047450290084155,0.019862951157353582,12.0616247411643,50871.37282651295,0.00859614358421966,-0.014353590113893496,-0.03784000474735878,-0.09393793959999834,0.11077901328524162,0.005395692426942201,0.05500554618049491,0.012990922926322226,0.01091589962933538,0.01003067070873665,1.2398825299047347,0.6574600602750426,42.59892249779934,1.6554568754843118,0,16.420000076293945,0.042539687383742475,0.026250004768371582,1.1189859648731153
2025-01-21,48570.8984375,48570.8984375,49543.1484375,48430.94921875,49532.0,134700,-0.015803235842250185,-1,1.0,-0.0032475428993586908,-0.03249362927227806,-0.05352360674250867,-0.019403649408463217,0.0036716571135932525,0.022964638040160756,11.810805362398455,50781.15814459087,-0.00670043333189375,-0.02726187742709515,-0.05180829232861639,-0.10825665202821472,0.09322511056967296,-0.0006413269794808748,0.050276063843149976,0.014741191147745351,0.010969604590206829,0.010206128508354487,0.956642164695856,-0.12087789290745332,37.88281548953234,-1.1979211224495943,1,17.059999465942383,0.03897682013853476,0.10277951981050304,1.154770328664469
2025-01-22,48724.3984375,48724.3984375,48781.75,48074.05078125,48689.55078125,151700,0.003160328611123475,1,-1.0,-0.0005599965065320456,-0.02228656992094158,-0.04896456507524449,0.0007157111883525446,0.0024428690340714885,0.014721023239132143,11.929660165336623,50700.50090117554,-0.003450002558196932,-0.021730281263427978,-0.04775700055081233,-0.10543845001184052,0.09668006116500484,-0.00011241620858674558,0.04840456856871245,0.014840876222850222,0.011047326810368527,0.010193616745684931,1.0623993276840116,0.1778717108863459,39.307032749619445,0.5088682361186955,2,16.770000457763672,-0.01699877006195971,0.0989515207230427,1.1227906027566148
2025-01-23,48589.0,48589.0,48892.69921875,48493.0,48770.1484375,124600,-0.002778863194661696,-1,-1.0,-0.013995889292621078,-0.01847344127182926,-0.0504526859739296,-0.0037143302471622707,0.000938954640121102,0.00824241063143134,11.73286388533549,50617.696944266696,-0.003407637518473873,-0.02191383530089144,-0.04918127567280933,-0.10792431417846213,0.09363253730671409,-0.002831021996647889,0.03645679668130852,0.013541396077561461,0.011043225754249061,0.010142264699106647,0.8625523519435119,-0.4066295915456949,38.469180627253216,-0.022823233771727607,3,16.700000762939453,-0.004174102141530467,0.07950875725142303,1.1050821018324306
2025-01-24,48367.80078125,48367.80078125,48858.6484375,48203.0,48546.05078125,139900,-0.004552454645084247,-1,-1.0,-0.0035599225326349293,-0.007517268034750391,-0.057365530695639766,-0.0036717713826650905,-0.0008839288470641503,0.013601818092234923,11.848683160653573,50529.46572218761,-0.0072408601973287315,-0.02347346950177232,-0.05247520603088404,-0.11198544827814713,0.08865382478223682,-0.0007112753143715955,0.05380560816300484,0.011871581050008604,0.010978202642180239,0.009989079087444822,0.9482174325606615,-0.16498998200027376,37.07866515985582,-0.1515140427489224,4,16.75,0.002993966154271277,0.06349206349206349,1.09854074163594
2025-01-27,48064.6484375,48064.6484375,48319.19921875,47844.1484375,47881.6484375,271800,-0.006267647874275917,-1,1.0,-0.026061428049586,0.00048704889027662013,-0.05668195656760433,0.003821923554676072,-0.010051156676498287,0.009929130244016583,12.51282178069918,50432.80622082731,-0.00822685158325269,-0.026756521351421335,-0.05766679448608322,-0.11755121079557264,0.08183052595151816,-0.005318217173308334,0.03062052851801833,0.006934173200792299,0.01096528714890763,0.009595267186634568,1.8704194336441524,3.318529317009875,35.20074646266501,-0.3117126724664608,0,18.1299991607666,0.08238800959800607,0.10414123486768023,1.1702813808312718
2025-01-28,48866.8515625,48866.8515625,49247.1484375,48449.05078125,48642.5,299900,0.016690086187629793,1,1.0,0.00609321907810334,0.002825888188393355,-0.03919268282211397,0.004612253944595775,0.012022381964395285,0.016472926577105765,12.6112043647371,50371.396234226246,0.007095912948059589,-0.00851205386376533,-0.04144578174259712,-0.1028230644475812,0.09988637067005784,0.0012314794120873078,0.04528590190021731,0.009282373509705432,0.011799884972710008,0.00989951827525051,1.9342771453449,2.881855860241134,43.373699226369496,1.5799050609260612,1,18.200000762939453,0.0038610924110982214,0.06682305584316728,1.1589773442455311
2025-01-29,49165.94921875,49165.94921875,49199.6484375,48849.80078125,48997.19921875,177200,0.006120665577717066,1,1.0,0.009062211036148238,0.008497139723094627,-0.037105954214638026,0.0034440744101843193,0.002667404428199906,0.007161700777790723,12.085034317153118,50324.12380224679,0.011419245266231746,-0.0005224067154375378,-0.03512536615073578,-0.09733174446102388,0.10661840731841815,0.0018071587062868995,0.046168165250786264,0.009526692936938003,0.011867063826299179,0.009926556283863842,1.10853925555208,0.36656382217941474,46.10321249431958,0.6700822628761617,2,18.63999938964844,0.02417574770683273,0.11150857965654093,1.1713692814832641
2025-01-30,49311.94921875,49311.94921875,49426.19921875,49031.80078125,49206.19921875,197900,0.0029695348573544056,1,1.0,0.01487886597275101,0.0006747337191754799,-0.044444861604564845,0.002149119454032207,0.0008186560137569804,0.008043727360933884,12.195517131590657,50284.43068132534,0.011414303240489396,0.004788030816008774,-0.031760567016794326,-0.0946512396115735,0.10990454925274033,0.0029408532947607364,0.059323727577315855,0.009175113629328767,0.011562079745007517,0.009905431800262616,1.213924244747738,0.7316988924188705,47.435159358486366,0.448310781714876,3,17.389999389648438,-0.06706008803273777,0.04131728114888622,1.080426168673942
2025-01-31,49587.19921875,49587.19921875,49674.80078125,49031.80078125,49259.6484375,232000,0.00558181139380598,1,-1.0,0.025210954763374316,0.02156128318480799,-0.02748841982993666,0.00664947460324635,-0.0010606107054902942,0.013113938092314292,12.354492650648448,50257.088271028275,0.011997711256481197,0.01184143992006356,-0.026055532529156954,-0.08959775358546927,0.11609982711179635,0.004945650929719756,0.05269937459331098,0.008162949673497592,0.011449833552892728,0.009920527271195438,1.3874353377388393,1.2977478751796487,49.946566081675755,0.6045722523471805,4,16.25,-0.06555488382173447,-0.02985074626865669,1.0011705998231004
2025-02-03,49210.55078125,49210.55078125,49373.44921875,48906.05078125,49074.80078125,122900,-0.007595678792795768,-1,1.0,0.023840855618450174,-0.0028418991744767474,-0.014251216272384903,0.002766185452389365,-0.0103332804750596,0.009557067684540888,11.719126295554126,50216.04758515462,-0.0003646103121159491,0.004885229945937959,-0.03272192314844804,-0.09651287662147379,0.10253874712876455,0.004621766753532209,0.03809207189083508,0.008632794521801539,0.01058916239929375,0.009720953544549302,0.7487966855541339,-0.813363783999723,46.66128932433281,-0.654615621229561,0,14.350000381469728,-0.11692305344801668,-0.20849415081478917,0.8876654925576668
2025-02-04,50157.94921875,50157.94921875,50206.6015625,49482.5,49538.80078125,155700,0.01925193728701302,1,1.0,0.026420725194433725,0.032674931539349306,-0.0008804248448655017,0.012498252435176877,0.006670317539405969,0.01463348784923963,11.95568635782209,50213.76921784464,0.01356383477947317,0.02427744061968658,-0.013304950633707334,-0.07911899918256651,0.12376475394498955,0.0052472392027845954,0.027301150039299227,0.009523150578228933,0.011408789995832724,0.009647683242780609,0.9338731443994602,-0.22624547921343202,54.72769579612239,1.6841385640113749,1,14.020000457763672,-0.022996509751469274,-0.22967033681050664,0.8689723814967382
2025-02-05,50343.05078125,50343.05078125,50522.1484375,50215.44921875,50402.30078125,149000,0.003690373418034465,1,1.0,0.023941398085549404,0.03322057112364929,0.010193628621546935,-0.0011755415741267392,0.004871641809642742,0.006107666535331546,11.911701584927597,50218.83908307622,0.01248761496289554,0.027524435696439614,-0.008942936234870495,-0.07572060441597683,0.12791186552107223,0.004693579306308664,0.013747769464002468,0.009528285814497243,0.011303583833875348,0.009668336921774743,0.8889419204725114,-0.3861470475150731,56.12383385275896,0.27598809370807287,2,14.079999923706056,0.004279562338327825,-0.2446351724922663,0.8737472390523493
2025-02-06,50382.1015625,50382.1015625,50553.3515625,50149.80078125,50468.3515625,158400,0.0007756935792326836,1,-1.0,0.021701684088835327,0.03690344651052713,0.017748271586857545,-0.0017089918202140605,0.0024889389757973826,0.008046906965996952,11.972878758362462,50225.241533249704,0.008930025014120399,0.02740027905248072,-0.007423964016580787,-0.07500364682340525,0.12878677951309728,0.0042514401775132415,0.003953412501977782,0.0096789234757409,0.01117647954957858,0.009662194492979486,0.938861393474202,-0.2162217323768333,56.42911254841287,-0.01463585063220541,3,14.18000030517578,0.007102299858777306,-0.184588797995211,0.8812653581096976
2025-02-07,50158.8515625,50158.8515625,50641.75,49871.1484375,50484.44921875,178700,-0.004431137111719163,-1,-1.0,0.011528224073075855,0.0370298163720586,0.02923418528236188,-0.00644946436553521,0.002031428882001591,0.015451851153292383,12.093463701147519,50222.63800498501,0.002164829113769696,0.021364054010016086,-0.011141132185417431,-0.07910243249217098,0.12378497052317879,0.0022692675613812836,-0.017705961209286025,0.010360701770453508,0.010567329246972311,0.009627030631333855,1.0479094587462616,0.17257794994778067,54.11117764574099,-0.5599413166718923,4,13.6899995803833,-0.03455576264082494,-0.1575384873610276,0.8540769569477686
2025-02-10,49981.0,49981.0,50155.6484375,49703.1015625,50052.5,98400,-0.0035457662398508116,-1,-1.0,0.015656179549275784,0.03987029188389668,0.04037675955559017,-0.0014285000749213327,-0.0021202950065051145,0.009105002721629701,11.496796083040344,50213.16200478952,-0.004453589247845741,0.015736540921407114,-0.013840719774092337,-0.08236771999740096,0.11980029171384597,0.0030720369177112774,-0.024720580006314385,0.009511418784702826,0.009980061993053369,0.00962153584222797,0.5891862762708819,-1.3717086025585785,52.26915733664775,-0.557288592077562,0,14.449999809265137,0.05551499285440853,0.006968601054849977,0.9058709073231062
2025-02-11,49403.3984375,49403.3984375,49906.75,49177.3984375,49812.1484375,127000,-0.011556422690622403,-1,1.0,-0.015043493464201196,0.01097977172345077,0.013836687519068747,-0.008205829558081888,-0.0033783150097036873,0.014831031849457011,11.751942365440728,50181.40657077817,-0.012991692622003842,0.003310871057298406,-0.02419535850156745,-0.09297226649967061,0.10685940621371846,-0.003019350478181709,-0.028880180983269943,0.005823842622524853,0.00998500695066815,0.009737793218010354,0.7661448436038971,-0.7643123303157935,46.70812729404767,-1.2288025726354213,1,14.869999885559082,0.029065749608152114,0.06062763195736687,0.9339572195652436
2025-02-12,49479.44921875,49479.44921875,49702.3515625,48734.3515625,49402.25,136500,0.0015393835981993842,1,-1.0,-0.017154335088918393,0.006376364231374332,0.014927684812268138,0.0015626660475990465,-2.324612347170575e-05,0.01986278608341748,11.824079893607152,50153.87883148295,-0.008049382695166389,0.0041133347135584725,-0.02144992133066244,-0.09157600288360818,0.10856328742915665,-0.003496122088007808,-0.03208201990118653,0.005256844016285906,0.009986630786215488,0.009584139454430903,0.8255965161641515,-0.5660670760490467,47.50013235179283,0.07505081976251513,2,14.899999618530272,0.0020174669268373524,0.05823861500479177,0.9369006591521515
2025-02-13,49359.8515625,49359.8515625,49836.1015625,49276.1015625,49469.3515625,118600,-0.0024171177759326756,-1,-1.0,-0.020289943616819572,0.0009714145254633433,0.0016468036907744121,-0.0022134917184361467,-0.0002040777819768766,0.011364535388208755,11.683511765545763,50122.740507209106,-0.006374413032517713,0.0016037990316282338,-0.022304275380188525,-0.09377177067512203,0.10588375940136524,-0.004132018509262812,-0.021936747307593985,0.004786292160644194,0.009722516795475108,0.009426227888066943,0.7234795339474166,-0.8740933929254131,46.333940815486,-0.2612190579444822,3,14.960000038146973,0.004026873902874595,0.05500703217097169,0.9421841581626152
2025-02-14,49099.44921875,49099.44921875,49592.94921875,48719.75,49485.6484375,130600,-0.005275590090060844,-1,1.0,-0.021120944972791933,-0.009836207885997594,0.011512994035115964,-0.007804267114692186,0.0025485667200744024,0.017922900235530764,11.779894495824468,50082.61143707346,-0.007382658498751085,-0.004244848462397988,-0.025723795559815656,-0.09855265934108176,0.10004956999950815,-0.0042925669758491075,-0.0326339390079079,0.0048163678902510025,0.009147429638697043,0.009372255798102767,0.7966815104007808,-0.6426987157777194,43.811779490627465,-0.6418431492896923,4,15.020000457763672,0.004010723226183233,0.09715127232627219,0.9481425661320297
2025-02-17,49258.8984375,49258.8984375,49319.0,48525.6015625,48880.3984375,114800,0.0032474746924271436,1,-1.0,-0.014447521308097122,0.0009824652535370682,-0.001862225988132682,0.007743390236148788,-0.0044613694193202744,0.016350099987490496,11.650946762867603,50050.30896650195,-0.0012431199761101693,-0.0009180536707587369,-0.020908241551068872,-0.09562523191573621,0.10362195313849687,-0.002941383555171279,-0.01258529531996444,0.005904816085950131,0.00837511686596961,0.009398866333908464,0.7129770518274695,-0.8729027029041553,45.75877652304576,0.3940731131467967,0,15.720000267028809,0.04660451317784853,0.08788930619565583,0.9945275843063345
2025-02-18,49087.30078125,49087.30078125,49328.55078125,48814.94921875,49211.8515625,107800,-0.003483586959779905,-1,1.0,-0.0063982978144691005,-0.021345538527316243,0.01063192900198251,-0.0025309102847272088,-0.0009550939321083961,0.010521399094331614,11.588032937457033,50012.54393962933,-0.003444974267373599,-0.004919556600478023,-0.0226403743748059,-0.09877570006458858,0.09522072233230389,-0.0012834134188000658,-0.01703022681645161,0.003558491919834423,0.00755931346987937,0.009402397132596859,0.6751424813678212,-0.960923814987378,43.99205577943552,-0.532242357539933,1,15.670000076293944,-0.0031806736568406047,0.053799609743896415,0.9957425201886387
2025-02-19,49570.1015625,49570.1015625,49628.25,48804.0,48895.3515625,113300,0.009835553667974617,1,-1.0,0.0018321211165714946,-0.015353642791904099,0.017356871549369712,0.013799880324768858,-0.003910364100185344,0.016888984509466437,11.637794447016098,49995.193258173276,0.0059864135922803,0.004006985987871718,-0.01144989718139329,-0.08991166009569093,0.1049771027568643,0.00036935151172392015,-0.015524750432798218,0.006157328532411084,0.007821518267602684,0.00951795415850571,0.7182250396196513,-0.8088895408706638,49.85798214776611,1.139166406432071,2,15.420000076293944,-0.015954052251614725,0.03489936047494768,0.9840773515045876
2025-02-20,49334.55078125,49334.55078125,49455.80078125,49150.94921875,49314.1015625,112000,-0.004751872072584096,-1,-1.0,-0.0005125781469978996,-0.02079212158211563,0.015344023981765487,0.0004146728441170716,-0.005164403378863866,0.006202353511897301,11.626254150277232,49969.28571005864,0.0013089211743496883,-0.0015178106934527421,-0.014552855794206763,-0.09423628346166661,0.08213062514892566,-0.00010208081263705713,-0.015856602128763386,0.006501918076468167,0.007882369205285181,0.009524961389838764,0.7128309572301426,-0.8141149819328533,47.25747100025155,-0.7004682902521638,3,14.68000030517578,-0.04798960878449077,-0.018716559642861785,0.9429296535036302
2025-02-21,48981.19921875,48981.19921875,49306.55078125,48764.0,49127.94921875,95300,-0.007162354919714731,-1,-1.0,-0.0024083773215697324,-0.02347845508947899,0.01268195840191666,-0.0029870980232977427,-0.0041877661644488025,0.011126051621072922,11.464785089642293,49930.5372202034,-0.005385386196852388,-0.009284260190815038,-0.019952773042095417,-0.10072368467291401,0.07269649583623054,-0.00047938006175156725,-0.015090335723486392,0.0069224139397753215,0.00799672884416347,0.009555175372120823,0.6152753567047582,-1.0449698130418918,43.58492319639116,-0.9746092740406098,4,14.529999732971191,-0.010218022417322503,-0.032623216368758756,0.9399967492091351
2025-02-24,48651.94921875,48651.94921875,48748.3984375,48281.8984375,48619.80078125,95700,-0.006721966902638932,-1,-1.0,-0.012321615748677406,-0.02659112025069521,0.012218975907286378,0.0006612210865413067,-0.007378309295491007,0.00966200615752248,11.468973577441046,49880.39651426405,-0.009629941946906898,-0.016527952290756334,-0.024615606311937623,-0.10676859030086974,0.06548586549464268,-0.0024782946454184585,-0.024540591655963784,0.007019219461351064,0.008018173462142305,0.009500835347114182,0.6550980593490091,-0.981484464302301,40.431917399114276,-0.9144940862143707,0,14.4399995803833,-0.006194091826695947,-0.08142497868337739,0.9454592796817901
2025-02-25,48608.3515625,48608.3515625,48862.1484375,48534.1484375,48691.19921875,106700,-0.0008961132482888656,-1,1.0,-0.009757090146071845,-0.016092959191983724,-0.005289884486815777,-0.0017014913902160995,0.0008067508215040524,0.006758128257311097,11.577776437289845,49830.512398508596,-0.008584244586874715,-0.017152464401099524,-0.023542610271008714,-0.1075690268008889,0.06453106949470837,-0.001968879876103311,-0.004467205659256068,0.007021733392361208,0.007087139050535437,0.009498151200693342,0.7821147150448965,-0.8020511299480557,40.01908132299697,-0.09213087548319662,1,13.720000267028809,-0.04986144974218765,-0.12444159539061872,0.9116885034152238
2025-02-27,48743.80078125,48743.80078125,48972.55078125,48627.1015625,48732.19921875,186700,0.002786542114596058,1,-1.0,-0.01666933807283344,-0.014867757202544407,-0.008586195206397251,0.0002380676982773277,0.002547867851283915,0.00710404707765683,12.137258329529814,49787.89625665532,-0.002459266622860988,-0.013992904049734776,-0.019209622239025732,-0.10508223030969957,0.06749743015215141,-0.003399830501092166,-0.008083142866436188,0.004239119988159872,0.006968049284311726,0.009358242991316565,1.3637691745799854,1.3221032243340658,42.000497116858185,0.45708235881132014,3,13.3100004196167,-0.02988337022101961,-0.13683525591683154,0.9003890000917547
2025-02-28,48344.69921875,48344.69921875,48574.5,48078.69921875,48437.55078125,287700,-0.008187739899296442,-1,-1.0,-0.020064063558397738,-0.02056635730487566,-0.019614921237634197,-0.001916933474182648,-0.006282850231034988,0.010312275275880276,12.569673549539639,49731.30029438452,-0.006602161288168331,-0.021108429933834237,-0.025752256654640374,-0.11240958423918228,0.05875703885089818,-0.004061445954705969,-0.0004491423207635403,0.004773356376994705,0.00712821360031962,0.009257187419025075,2.0347973689794188,2.9873902366470686,38.01560954709177,-1.0102562131613635,4,13.90999984741211,0.04507884364234216,-0.05245234616869787,0.9521853577284508
2025-03-03,48114.30078125,48114.30078125,48574.69921875,47841.30078125,48478.6015625,151000,-0.004765743529761002,-1,1.0,-0.017698595610704304,-0.02006434803598145,-0.029703198823600174,-0.007514671824440583,0.0027697419968240765,0.015329818076088644,11.925035115797062,49667.88854877141,-0.007801589784425055,-0.02431866476073946,-0.02904069620196324,-0.11663961252017227,0.053711274343405585,-0.0035863226021014016,0.01200460321289587,0.004490976113934962,0.007001560328380486,0.009171115572024342,1.0994611912043104,0.3090121948409294,35.89815288894215,-0.46739025140316043,0,13.760000228881836,-0.010783581608606596,-0.05299377276257533,0.9500138200141941
2025-03-04,48245.19921875,48245.19921875,48374.8984375,47924.75,47942.5,139300,0.0027205723740042487,1,1.0,-0.008360405010108929,-0.020579007060748333,-0.01961675996660084,0.006313797126766439,-0.003570680202359924,0.00939281764641443,11.844385159767898,49612.0968103392,-0.0034304221450499064,-0.020705730071111095,-0.02541025031571263,-0.11423636665370497,0.05657797212656107,-0.0016907655037919137,0.01125635495649191,0.00480220037907703,0.006907267961866878,0.008943141758116505,1.0082513028372901,0.025864805998870127,38.01071184021055,0.532268983304105,1,13.829999923706056,0.00508718703923372,-0.0422437447647801,0.9565638321615397
2025-03-05,48489.94921875,48489.94921875,48657.6484375,48190.25,48241.30078125,127800,0.005073043618086581,1,1.0,-0.0024358436347663437,-0.012169167034911998,-0.03325494813843921,0.00515426477879391,-8.080467203221564e-05,0.009699024958368135,11.758221820925572,49568.09102243374,0.002115405527130657,-0.014068667989446153,-0.019345800334022077,-0.10974284910642428,0.06193803826506868,-0.0004908357543022419,0.030819104503672867,0.005699870118293294,0.0052860846786328625,0.008820512616028902,0.9344496033341864,-0.20406416535924404,41.86836978443588,1.2782056790539802,2,13.670000076293944,-0.011569041814516345,-0.0036443286998341096,0.9466431256835
2025-03-06,48627.69921875,48627.69921875,48839.1015625,48299.3984375,48760.0,137400,0.002840794890887066,1,-1.0,-0.002381873400086998,-0.019011507219967694,-0.03407325412108064,-0.002713305603978671,0.0055692114675504195,0.011174116913658506,11.830651658770385,49531.21291248536,0.005444704232727658,-0.009540591023048422,-0.015522535269873468,-0.1072138111405901,0.06495478641861076,-0.0004788685670766318,0.031691380720993645,0.005707676477955411,0.005243993053176593,0.008837957096156509,1.0089216874105078,0.027715235848951487,43.98133999224306,0.870460755400229,3,13.729999542236328,0.004389134279994211,0.03155515472415926,0.9519517118782933
2025-03-07,48497.5,48497.5,48709.05078125,48359.3515625,48463.80078125,106000,-0.002677470265749271,-1,-1.0,0.0031606522270126725,-0.016966826858553774,-0.037406172113763736,0.0006953482435706483,-0.0033704748555490696,0.007231263601581713,11.571194373094205,49490.67515121143,0.0021194433624002773,-0.010292973483157532,-0.017094558349436045,-0.10960421961493275,0.062103401643607614,0.0006284516179251595,0.04056682434077641,0.004154875529218361,0.005213831375601638,0.008840967472868458,0.7936210833676487,-0.6263823778336123,42.41216015810228,-0.1509079629256543,4,13.470000267028809,-0.01893658294799705,-0.03163188966282848,0.9362293843286749
2025-03-10,48216.80078125,48216.80078125,48599.1484375,48124.6484375,48312.0,123800,-0.0057879111036651665,-1,-1.0,0.0021303437509361256,-0.015605955952327721,-0.03871800730585162,-0.001970508750413976,-0.003824939429867519,0.009859812287589764,11.726422639232633,49440.71929356589,-0.004102595134073186,-0.01406757756079971,-0.021556233300932457,-0.11475775123888006,0.05210697114677733,0.0004227022011443889,0.040848351056787746,0.00450032453977485,0.00525746155301135,0.008848301611452688,0.9463384803546858,-0.16426033381328334,39.16764898331892,-0.728991325313639,0,13.989999771118164,0.03860426828366026,0.016715082733324893,0.9713591225033544
2025-03-11,47853.94921875,47853.94921875,48029.05078125,47702.8984375,47874.80078125,222400,-0.007525417626652264,-1,1.0,-0.008109615181108976,-0.01640222052382756,-0.0425571873561954,-0.0004355435878527236,-0.007092963333498332,0.006837159888247095,12.312232841358565,49378.493016122135,-0.009997076202502635,-0.0193545345246234,-0.027696610147031838,-0.12141956886156428,0.04418942680098563,-0.0016228783065679664,0.03444757217508643,0.005439127016524879,0.005395017908970329,0.008855835312233459,1.623120712304773,1.831966125120063,35.39792805359214,-0.9959794719904812,1,14.06999969482422,0.005718364904566675,0.01735356272177402,0.9782041708271747
2025-03-12,48056.6484375,48056.6484375,48222.1484375,47844.94921875,47894.3984375,243300,0.004235788729231471,1,1.0,-0.008935888534245984,-0.011349965741805246,-0.02726027039827572,0.00338766129846539,0.0008452639627525517,0.007883783448602326,12.402050528771614,49326.65597382323,-0.004018010492600752,-0.013839913887737705,-0.02246447233616549,-0.11769808777362471,0.048612392606211995,-0.0018109300834056358,0.018324381864029737,0.005189978989363279,0.005089434307253779,0.008889189377410778,1.7033640214233206,1.92431086744734,38.9337524754804,1.1015487356482982,2,13.6899995803833,-0.02700782677207214,0.0014630215053210716,0.9557052316883995
2025-03-13,48060.3984375,48060.3984375,48352.44921875,48006.1015625,48219.1484375,145900,7.80329074525632e-05,1,1.0,-0.011666206511190658,-0.014020292484308694,-0.0286795993822877,-0.003292260546777724,0.0033814259896076423,0.0072146590740988165,11.890676734510876,49276.99881553605,-0.0015925554758712782,-0.012324904326330915,-0.021193498702508348,-0.1176292391901628,0.04869421887999777,-0.002360966899253562,0.017013392871097044,0.004697744407500854,0.005055701265679447,0.008861023298789093,1.0181082306967657,0.04972161932000224,39.00026999306417,0.30069574313607095,3,13.279999732971191,-0.029948857558739994,-0.032774932575987625,0.9323550909752638
2025-03-17,48354.1484375,48354.1484375,48481.3515625,48196.1015625,48219.55078125,131300,0.006112100805448106,1,1.0,-0.0029558546832311183,0.00019545511509422298,-0.020374921989515404,0.0027913502732658767,0.0033115069563347294,0.005918528485755056,11.785240060290887,49240.80860463267,0.0051084515567695115,-0.005260174981031705,-0.013904977464353253,-0.11223610015231315,0.055103943659882956,-0.000596547540846603,0.017419067306284286,0.006000131314325613,0.00532158335435415,0.00876034164175636,0.9121856329025984,-0.2433067450465506,44.1337904424567,1.3396273842565538,0,13.420000076293944,0.010542194739293853,-0.0037119665733974516,0.9473052680554566
2025-03-18,49314.5,49314.5,49400.30078125,48629.44921875,48792.8984375,146600,0.019860789477893492,1,1.0,0.02276590733860684,0.024944750297976048,0.004379902110345446,0.010690112274599387,0.00907367856073621,0.015851538005961698,11.895463068434688,49243.69846327453,0.020414098350124185,0.014271785485975326,0.0063668825029354545,-0.09460440823136451,0.07605914096220709,0.004540248372562488,0.018386005228261393,0.009968391271524355,0.006947457465589516,0.009108238750568468,1.0128506287135552,0.03586734508368238,56.90316930919765,2.813498547078726,1,13.210000038146973,-0.015648288893673756,-0.0557540919036662,0.9384768443746097
2025-03-19,49702.6015625,49702.6015625,49807.55078125,49324.80078125,49375.3984375,137600,0.007869927962363965,1,1.0,0.03863113439811294,0.030208235583025544,0.009007573028921412,0.006626845258052507,0.0012348992182826552,0.0097871657331358,11.83210620448138,49261.694663244154,0.020636355019886355,0.021787798474052524,0.014377750640716967,-0.08747901014670342,0.08452764888482296,0.007497398711332367,0.02962356136919153,0.007346338502729333,0.007126490384009129,0.008691211903716356,0.9432410200164518,-0.1610467452587096,60.80240767923116,1.0342319942247038,2,13.300000190734863,0.006813031970325012,-0.05472633410024941,0.9530634337515032
2025-03-20,50062.8515625,50062.8515625,50155.30078125,49771.6484375,49947.6015625,115700,0.007248111540941959,1,1.0,0.04174663007573587,0.03243769830845267,0.019873791504597005,0.0023074181020641474,0.004929319437975848,0.00770825069681519,11.658755913181768,49293.11258086203,0.01963285455478633,0.02816281923730954,0.02178817060510801,-0.08086495622879589,0.09238842625317578,0.008072829437216615,0.021872838571138864,0.007123215141768467,0.007216892292233704,0.00871592007286734,0.7909759015552897,-0.5979237949940444,64.05353461423567,0.8614847667527927,3,12.600000381469728,-0.052631563851613605,-0.07962010462552949,0.9129442737136434
2025-03-21,50593.55078125,50593.55078125,50672.1484375,49891.94921875,49927.1015625,225500,0.010600659015347125,1,1.0,0.05270768504019441,0.04042657979059805,0.02064650235706278,0.01334844599211757,-0.002711591444816633,0.015637777857289883,12.326075437924871,49344.11015734783,0.019917543531208084,0.037971165493060885,0.03230017643683092,-0.07112151904072121,0.10396846347219735,0.010119888359086147,0.03206118268313163,0.005500130034684081,0.0072673281586143135,0.008777657459488782,1.4846759061131778,1.3777739442116503,68.23350305023284,1.309922789075933,4,12.579999923706056,-0.0015873378696944496,-0.05271083007081667,0.9209707487850062
2025-03-24,51704.94921875,51704.94921875,51801.1484375,50795.8984375,50982.69921875,180400,0.021967195825122632,1,-1.0,0.06929706942478919,0.06613638267436461,0.0480474312619239,0.014166570445810699,0.007691660923000855,0.01978998365856003,12.10293188661066,49436.692081324385,0.028428422881560306,0.05819942671534386,0.054030020111164284,-0.05071666355174638,0.12821955489405074,0.013245960125383446,0.021249638162865292,0.006817009536569673,0.008471971712706099,0.0092246624816695,1.161585267699044,0.47411864155457534,74.83352302651593,2.2988649955126075,0,13.699999809265137,0.08903019812015467,0.020864361503678763,1.0065757948159524
2025-03-25,51607.94921875,51607.94921875,52063.94921875,51429.6015625,51874.19921875,185200,-0.0018760293060073874,-1,-1.0,0.04650658972006205,0.07033126177087046,0.05362771924527476,-0.005132609351273872,0.0032733810313582924,0.012334290699862934,12.129191601194217,49521.83942004696,0.01721847673961597,0.0533827540724231,0.050821406725695135,-0.052497546910627794,0.12610298194545888,0.008871294734463481,-0.0071211295252127105,0.008473747138180223,0.00823739205824782,0.008921444507251198,1.1589486858573217,0.49455046605770175,73.4001490935833,-0.5459596709094257,1,13.640000343322754,-0.0043795231224605935,0.03255112066116994,1.0054548399428556
2025-03-26,51209.0,51209.0,51875.80078125,51069.1484375,51640.05078125,152900,-0.0077303831054975625,-1,1.0,0.030308241221653764,0.07011021735977097,0.052558033589834796,-0.00834721838434966,0.0006220274780524893,0.01579529654263192,11.937539391917154,49588.00258004512,0.003396445607234341,0.04251911252978245,0.04135479617909845,-0.05982210386640736,0.11739777447877729,0.005837854285256868,-0.02224979236818103,0.011412356027583687,0.008301002461304748,0.00873567062307405,0.9399975408828231,-0.1985862133203284,67.65996711189212,-1.2370329419995987,2,13.470000267028809,-0.012463348388196072,0.012781960440299223,0.9964860549674381
2025-03-27,51575.8515625,51575.8515625,51714.3515625,51050.8515625,51084.69921875,415800,0.007163810316545893,1,-1.0,0.030222009989006038,0.07323030713589795,0.06104917991683845,0.009614470697905738,-0.002427322955925716,0.012996844904490911,12.93795965440605,49665.957442102175,0.004627959839832568,0.04682544258698428,0.04760197582506346,-0.05308684775469709,0.12540260018327382,0.005909117537932757,-0.03082716992783241,0.011410124650647184,0.00831926288583628,0.008577599940759429,2.3344468461387304,3.2429475861795174,69.9844803468483,0.4976789048420228,3,13.300000190734863,-0.01262064386962658,0.05555553873590302,0.9854406828213412
2025-03-28,51564.8515625,51564.8515625,51839.1015625,51335.3515625,51608.3984375,171200,-0.00021327810722948648,-1,-1.0,0.019198114507708475,0.0729176877207407,0.05787506792730768,-0.0008437943497265691,0.0006310487178395776,0.009812925881820292,12.050587742689778,49740.423878196205,0.0006273950857427882,0.04361439615267917,0.04618295934188384,-0.053288803599518694,0.11908107287852675,0.0037664944031916303,-0.0386769534195992,0.011342335501917508,0.008349596915182625,0.008579214647854935,0.965377241457088,-0.08378903122412039,69.822421230642,-0.36486190062807916,4,12.720000267028809,-0.04360901619460866,0.01112880319330789,0.9445310952567467
2025-04-01,50827.5,50827.5,51683.8515625,50742.0,51178.1484375,176300,-0.014299499371316582,-1,1.0,-0.01697031390627124,0.05115076249759465,0.051356215290859986,-0.006851526446452443,-0.007499354953660446,0.018561577440778843,12.07994236838596,49783.054314345376,-0.010310768825939311,0.026113170326459392,0.030575388703925697,-0.06682629975726571,0.103078773780448,-0.003403284183554546,-0.06832652919713122,0.00811784764348119,0.008877270605463564,0.008739040975095915,1.0263724748209815,0.06610332381139737,59.8223755883263,-1.8894806253656269,1,13.779999732971191,0.08333328959826991,0.005839410570790848,1.0237360968031328
2025-04-02,51348.05078125,51348.05078125,51404.19921875,50908.3515625,50966.8984375,149900,0.010241518493925517,1,1.0,-0.005036015602913668,0.04123636620567983,0.0672097473618527,0.007478429243980813,0.0027425790664502483,0.009740006129274283,11.917723684090689,49844.42672481223,0.0008381241095216853,0.033249424089707214,0.039946094545321296,-0.05726918404818483,0.11437597544237715,-0.0010226685849196381,-0.07224576296476637,0.010215055525432169,0.008861989422289081,0.00854062532833306,0.8729580991759601,-0.3182484841119637,63.767646278531714,0.7806164376937007,2,13.720000267028809,-0.004354097757986342,0.005865096898272304,1.0194301194887982
2025-04-03,51597.3515625,51597.3515625,51661.6015625,50906.6484375,50910.0,291200,0.004855116746535382,1,-1.0,0.007583658390126757,0.038121746959611125,0.06948157325562909,0.013501307454331172,-0.008531010906648796,0.014830147891721535,12.581765595304669,49913.168875309784,0.004177094248441979,0.03477600374981414,0.04404509134784557,-0.05269211587618213,0.11978640090268423,0.0015126243609691267,-0.061897914865502335,0.009673491944488367,0.008867981060485197,0.008265009823051098,1.624003123082929,1.5320093948787643,65.51418518094482,0.16321276591827036,3,13.600000381469728,-0.008746347173728353,0.0096510847708835,1.0113780288884526
2025-04-04,51502.69921875,51502.69921875,51893.6015625,51360.3984375,51711.6015625,189600,-0.0018344419022233716,-1,-1.0,-0.0014183448558547918,0.028760799900749756,0.06213143235949259,-0.004039757761080271,0.0022142609366608418,0.010381600244960132,12.152671868803058,49975.503398581954,0.0026204710378020385,0.029766832284806647,0.04089486207718009,-0.05442989715312542,0.11773221780732845,-0.00028355076969947834,-0.06354977721534738,0.00918878464046878,0.00893218239402176,0.007912487668247634,1.0394736842105263,0.09994258488925599,64.24789558316536,-0.5452739402729845,4,13.760000228881836,0.011764694332664138,0.03458646853760361,1.0229342596559623
2025-04-07,49860.1015625,49860.1015625,50426.25,49156.94921875,49336.1015625,236800,-0.031893428522519085,-1,1.0,-0.03306031043129698,-0.014496891548908986,0.025343628498771587,0.010621025646628887,-0.0420676525524944,0.025821390493571333,12.374971181991988,49970.97783638266,-0.022870947660512772,-0.004302720153610414,0.007234772616338893,-0.08458736964130319,0.08208390521137375,-0.0066200413798093,-0.058403938930068566,0.017048843262736323,0.01194021539861034,0.00922120731825131,1.263809574638416,0.6846067449705351,47.198459207147806,-2.7914542231615513,0,22.790000915527344,0.6562500389855954,0.7916667010299308,1.6390377753037977
2025-04-08,50511.0,50511.0,50793.69921875,50030.80078125,50388.55078125,162300,0.013054494818549367,1,-1.0,-0.00622694407554969,-0.023091584786182007,0.0415176040002061,0.0024301000296988967,0.01059863903581474,0.0152485753893012,11.997201753502683,49992.155176132364,-0.008885527845753817,0.006671729887766679,0.019591965080246812,-0.07263712020145095,0.09620996394519127,-0.0012695521672906323,-0.04774454807575579,0.018314483233694213,0.012179405418844904,0.009375934106583045,0.8533796040697216,-0.3987889636363592,52.56968980592993,0.9020006298970811,1,20.440000534057617,-0.10311541408796598,0.4833092111860602,1.4340840782434872
2025-04-09,50240.1484375,50240.1484375,50496.8984375,49910.8515625,50487.1015625,141800,-0.005362229266892338,-1,1.0,-0.021576327180749644,-0.02650368406332748,0.04196354016579251,-0.004891410228695479,-0.000473133327394033,0.011741872892433681,11.862172893080164,50001.88040206835,-0.009895336100596471,-0.0007410215496823033,0.01335869445574434,-0.07760985257653631,0.09033183479386535,-0.004386776518976036,-0.06353986734654216,0.0171712817317083,0.012165273090312581,0.009386091889807007,0.7420781327681398,-0.7128683900293419,50.277736732484485,-0.6178024129674973,2,21.43000030517578,0.048434429806819335,0.5619533446129183,1.4652991518333713
2025-04-11,51002.3515625,51002.3515625,51244.69921875,50634.1015625,50634.1015625,140000,0.015171195721051633,1,1.0,-0.011531599626373734,-0.00403539294850519,0.06579190213451391,0.00727276654737227,0.007841400498449712,0.012059020253303226,11.84939770159144,50041.11456522253,0.007488482667452196,0.011252668468458316,0.027514863175792055,-0.06361609111880526,0.10687347246041644,-0.0023686235749888155,-0.07732350176088765,0.019045512249836832,0.012275420405704248,0.009543123075979737,0.7488032519455513,-0.6745392085836377,56.080699506298124,0.9734094267954544,4,20.11000061035156,-0.06159587848934445,0.4786764739912681,1.3472231765229956
2025-04-15,52379.5,52379.5,52486.3515625,51863.30078125,52299.0,203800,0.02700166551756733,1,1.0,0.01702436560705145,0.015581874329813727,0.08995324690863704,0.0015392263714411366,0.02542330692166308,0.012013326800735557,12.224894399770761,50132.81595482165,0.031120524096419022,0.034126341559637105,0.05376802955717529,-0.03833216601516304,0.1367608997340608,0.0034382759005751355,-0.07292888130158559,0.02306157556525271,0.013351690670369006,0.009971801784370378,1.1016811719552408,0.27462163040471205,64.20850721193735,1.6943979781225345,1,16.1299991607666,-0.1979115528985247,0.1722382916033829,1.071831947695074
2025-04-16,53117.75,53117.75,53164.44921875,52471.3515625,52690.8984375,200500,0.014094254431600062,1,1.0,0.06533577621009279,0.03011544473502048,0.10522908105052053,0.008101049235406672,0.005945044101222806,0.01320906810308542,12.20856952572876,50249.87219188747,0.03241195603900083,0.043492099036296784,0.06692365042452798,-0.024778174884294936,0.15278269708280737,0.012438638923624673,-0.039893304840427746,0.011494436002888346,0.013481755461058153,0.010109491889861292,1.0680801193266567,0.18810693431877135,67.66329341831494,0.6677506286875571,2,15.869999885559082,-0.016118988762251263,-0.30364198121876806,1.0455578418215699
2025-04-17,54290.19921875,54290.19921875,54407.19921875,53084.8984375,53153.75,294900,0.022072644619736348,1,1.0,0.0748193308140801,0.06812649094978118,0.12276197540574252,0.021380414716741528,0.0006777395503386345,0.02490917040760327,12.594391594803367,50408.31638901934,0.039922801602611815,0.06034224289792892,0.08829703140805208,-0.0032524501131053134,0.17822765987929734,0.01422951543975413,-0.04794264459166242,0.012215303318857383,0.013998247644672265,0.010507813839576061,1.5053598774885146,1.4025293306529407,72.24527702379949,1.1558129827681085,3,15.470000267028809,-0.02520476505448832,-0.24315069164248193,1.0123683057213333
2025-04-21,55304.5,55304.5,55461.6484375,54674.94921875,54891.25,300,0.01868294454332542,1,1.0,0.10080287817620959,0.07705159511516868,0.12146528911374954,0.007528522305467629,0.011071073414709766,0.014388659340175714,5.703782474656201,50600.32358944996,0.03918986309790527,0.07387091113143479,0.10609426710428989,-0.002833461354418474,0.20024042190823446,0.018656595980038042,-0.020662410937539955,0.005173425056778376,0.013940221244039621,0.010755920883887713,0.0015907946019036508,-2.281296573814819,75.48196482201443,0.9216946279951874,0,15.520000457763672,0.003232074329140744,-0.2757816035114439,1.0080213197881127
2025-04-22,55647.19921875,55647.19921875,55961.19921875,55243.55078125,55414.30078125,276900,0.006196588320118712,1,-1.0,0.09107124502990893,0.0784894482683749,0.11960335011387269,0.004202858002654859,0.001985386021933116,0.012990628360253307,12.531411709159054,50798.24028079506,0.027690297836556268,0.07432484720365949,0.1100901628498298,-0.005611030578036526,0.20767781768796525,0.01679735882703947,-0.028532105083963755,0.00780789019386915,0.01393194999078719,0.010675905466757793,1.41600613653797,0.9699299515044675,76.4799700621798,0.03156392841495002,1,15.229999542236328,-0.01868562544933916,-0.24266538637513846,0.9830245511917646
2025-04-23,55370.05078125,55370.05078125,56098.69921875,55162.5,56097.1015625,245500,-0.0049804561845157025,-1,-1.0,0.05709391615517512,0.07509026946479058,0.1060107255801106,-0.01296057658950461,0.008084905441178215,0.016971660435078178,12.411052226216713,50977.526967087404,0.01140013194186221,0.06352573502773462,0.10226924442865415,-0.012988686861681495,0.2016630312319588,0.010748252646082273,-0.04891680942493548,0.010743638791477812,0.014125740360708428,0.01045184103520627,1.2151059196198772,0.5275764980150892,73.86149026645975,-0.7169604190400678,2,15.960000038146973,0.04793174772502029,-0.010539313791976035,1.0190920042627127
2025-04-24,55201.3984375,55201.3984375,55550.44921875,55088.3984375,55103.8984375,233200,-0.0030459127519368856,-1,-1.0,0.039226970974862496,0.10712567178196863,0.09107579098713248,0.0017693847942643578,-0.004806792480676708,0.008387442625949912,12.359651733458474,51143.16898553496,0.0007020854244201937,0.05561493201773245,0.09679027032096942,-0.015995037206675427,0.19800287048159831,0.0075262652213626,-0.05184882001226998,0.012202459383635272,0.014173829099193316,0.010472771534708224,1.1520316166481412,0.37298518461846947,72.24062234771822,-0.529721611501687,3,16.25,0.018170423631571397,0.02394455684821395,1.0255924665140812
2025-04-25,54664.05078125,54664.05078125,55350.55078125,54176.44921875,55233.55078125,210800,-0.00973431238084288,-1,1.0,0.006886170393179958,0.08222071986794965,0.05723052835775588,-0.010310762062998252,0.0005824552395425897,0.021671807204626723,12.258665095649345,51281.242781445355,-0.010380442397800164,0.042389969649901514,0.08426883229894894,-0.025573648898805378,0.1863411363071839,0.001354500331810495,-0.050344357964575925,0.011194926992514913,0.013889773333629596,0.01060037590727274,1.0336120032361666,0.08322935926588994,67.1820228315623,-0.9083623040566107,4,17.15999984741211,0.05599999060997596,0.1092436684687843,1.0713282143732428
2025-04-28,55432.80078125,55432.80078125,55577.3984375,54582.3515625,54610.30078125,178600,0.014063172944799085,1,-1.0,0.002319897680116423,0.10335662821955616,0.07411361273604666,0.015061261121681985,-0.000983278758742052,0.01823019431217823,12.092903947424535,51444.048977516126,0.0030707792586735353,0.05320843022470598,0.09722149666715922,-0.011870122601299733,0.20302485687860136,0.0004694155644023648,-0.07179371505593024,0.009513630371644894,0.014060714936815781,0.010704284282909036,0.8771455933993075,-0.3033776319814798,70.37782718404641,0.7391454254031088,0,16.940000534057617,-0.012820472920206383,0.09149484757802373,1.0468098473264822
2025-04-29,55391.25,55391.25,55957.75,55262.3984375,55524.3515625,193900,-0.0007495703024995581,-1,-1.0,-0.00459949866917575,0.08605286429041792,0.08167021422015663,-0.0023971745505244955,0.0016515633336168505,0.012582725002180647,12.175097841230743,51598.841174476285,0.003248209367190291,0.048254176947293004,0.09405582536937827,-0.01261079541241034,0.20212310517271634,-0.0009234576465296225,-0.08626971288933238,0.008961878777749606,0.01384905202515427,0.010681937086320821,0.9427953224904578,-0.1441200575102843,69.98115819467934,-0.3449025273892049,1,17.3700008392334,0.025383724416730313,0.14051223646214495,1.0606014731689841
2025-04-30,55087.1484375,55087.1484375,55478.25,54723.69921875,55382.3984375,193500,-0.005490064992214494,-1,1.0,-0.005109302587921749,0.05169290347368727,0.06808025012917107,-0.0053311161728251035,-0.00015980073567576107,0.013788373081903572,12.173032791451973,51735.63753773212,-0.0012361679349267593,0.03904697570536924,0.085611925605634,-0.01803162631820716,0.19552337119667546,-0.0010214694333491037,-0.07318955271709282,0.009022776530258885,0.013982596585497341,0.010556339275716586,0.9946029298380878,-0.01616780849511105,67.00455552524231,-0.6353779309950457,2,18.21999931335449,0.04893485509806128,0.14160396427354338,1.096038688719656
2025-05-02,55115.3515625,55115.3515625,55691.94921875,54994.3984375,55100.94921875,154200,0.0005119728611837626,1,-1.0,-0.0015587807091050898,0.03760704402012505,0.068855041610981,0.0002613810461381145,0.0002505263322108222,0.012684033302823597,11.946005740111366,51868.17534262498,-0.0004129402647561991,0.03610957371324918,0.08376031417210307,-0.017528885160341356,0.19613544671763905,-0.000312402719838071,-0.07041382232008608,0.008963246101597705,0.013973963256631269,0.010558606319737835,0.7960764068146619,-0.6042030084319777,67.1441331920698,-0.20872651304913956,4,18.26000022888184,0.0021954400128891827,0.12369232177734402,1.0804414107250544
2025-05-05,54919.5,54919.5,55345.5,54786.5,55065.80078125,139400,-0.003553484772348847,-1,-1.0,0.004673075176448771,0.011591425161554092,0.0805075992326989,-0.002656835625276436,-0.0008990377425754083,0.010203243499767279,11.845102777308561,51987.835133110275,-0.004887008809990354,0.028472002525059163,0.07755318072559415,-0.02102008130619673,0.19188499762206118,0.000926962131268724,-0.07583452405625013,0.007656424986258563,0.013450329622296111,0.010569914756181803,0.7265903937869745,-0.789927090011008,65.08512448559446,-0.5590530710770144,0,18.34000015258789,0.004381156774549977,0.06876458716016454,1.0707300677058926
2025-05-06,54271.3984375,54271.3984375,55036.94921875,54172.94921875,54918.25,198700,-0.011800937053323524,-1,1.0,-0.02095153640771552,-0.018680244148306158,0.056932008358094865,-0.011778444551674535,-2.2760585948524658e-05,0.015948919386152928,12.199551428539909,52077.38663524321,-0.012473972871084985,0.013560687997052989,0.06268029740048789,-0.03257296170317006,0.1778196377903226,-0.00422947165851843,-0.07788354476581039,0.004874894127209963,0.013804839934544455,0.010704383887434644,1.0226717105432461,0.06707304891778383,58.67317073684471,-1.062156382149984,1,19.0,0.03598690523014958,0.12160563169999827,1.092424885605348
2025-05-07,54610.8984375,54610.8984375,54684.30078125,53919.8984375,54013.3984375,268900,0.006255597050644823,1,-1.0,-0.014087993365378138,-0.01862269432781849,0.05840506893749553,0.011062070102687196,-0.004753885240254456,0.01417662803345298,12.502094842256955,52176.74003925328,-0.0034663861053730056,0.017039149895385384,0.06709144331119447,-0.026521127975686266,0.1851876028426754,-0.0028757378102157,-0.07249306230287367,0.006760050695303497,0.013819362313469965,0.0107198197718735,1.3919660420333368,1.1810285813849528,60.849038353074256,0.2404212603835492,2,19.059999465942383,0.0031578666285465573,0.09729410161522889,1.0789391378907862
2025-05-08,54365.6484375,54365.6484375,54937.25,54108.0,54801.75,302200,-0.004490861842909921,-1,-1.0,-0.013097428719124782,-0.018139812580596715,0.055588333469476,-0.007957803582914778,0.0034947522923180255,0.015325829821837805,12.618844328820776,52262.57958428256,-0.005322525618637097,0.00977980710069503,0.06011251730331532,-0.030892887096939287,0.1798650890603793,-0.002642329720415578,-0.06868576218860079,0.006675370780132432,0.01387951840491199,0.010731457850187026,1.520044263367034,1.5077677689273654,58.454762403982635,-0.525258898693229,3,21.01000022888184,0.10230854237031028,0.15312848631571563,1.165409368387424
2025-05-09,53595.25,53595.25,54054.80078125,53483.05078125,53595.94921875,179300,-0.014170684239803832,-1,1.0,-0.027580365894540826,-0.02909615486133943,0.07491257178483601,-1.3046111883309744e-05,-0.014157822832461272,0.010690302659407066,12.096815659593224,52314.84116921266,-0.013932910505417109,-0.007970620903318505,0.04345200560608867,-0.044625797988436536,0.16314559343773657,-0.005592139912568243,-0.10249293767937684,0.008062178883415675,0.011917847694572886,0.01091493476899016,0.9150993952075943,-0.2442777905450509,51.58788536803608,-1.4898455383254494,4,21.6299991607666,0.029509706098549637,0.1845563466398228,1.2036727393616722
2025-05-12,55382.8515625,55382.8515625,55466.30078125,54558.05078125,54658.75,199600,0.03335373120752316,1,-1.0,0.008436922450131501,0.013149423999447851,0.09645129897448079,0.013247678779701328,0.019843176400893735,0.016647405598151224,12.2040706428595,52435.15530228276,0.01722175740094675,0.020515944152192808,0.07572159024091248,-0.012760503651941016,0.20194083891647374,0.0017290769704404504,-0.08801437652434929,0.01914492730143162,0.013463230368224156,0.01173331489098551,1.0091001011122345,0.0266121524063877,62.5741696232312,2.110683460816201,0,18.38999938964844,-0.14979195084736796,0.0027262397298015717,1.0292430065255531
2025-05-13,54940.8515625,54940.8515625,55499.6484375,54888.5,55233.5,190000,-0.00798080971871229,-1,-1.0,0.012335284224727516,-0.008874695339521788,0.09356467429326543,-0.005298386622249179,-0.002696711315621868,0.011134362161472804,12.154779351142624,52533.41790072265,0.0066280235932802386,0.008005836616973296,0.06467160711072767,-0.02063947421909223,0.19234837778793193,0.0024175466091503673,-0.08122939006853791,0.01853005217084666,0.01357849672621145,0.011747514504035734,0.9490035462764098,-0.15379974688093462,59.008449832131916,-0.9168587317430518,1,18.200000762939453,-0.010331627678896838,-0.04210522300318664,1.0279001902643818
2025-05-14,54801.30078125,54801.30078125,55208.6015625,54491.0,55008.55078125,145200,-0.0025400185341366566,-1,1.0,0.003486526484597352,-0.01065058504276395,0.07448576589835554,-0.003767596074729575,0.0012322200480090165,0.013169175873079959,11.885867381372833,52622.35448427274,0.003371106141323974,0.00195368760991414,0.05944234736825861,-0.02312706810617754,0.18931979080920283,0.0006931175558259904,-0.07099923941375819,0.018497758620244154,0.013425854210172929,0.011696440269395147,0.7242978999351524,-0.8355688634995214,57.88687841426355,-0.45975133191532425,2,17.229999542236328,-0.053296768134116324,-0.09601259050274447,0.9810955244417695
2025-05-15,55355.6015625,55355.6015625,55490.55078125,54442.30078125,54853.69921875,138400,0.010114737667680451,1,-1.0,0.01820916614538448,0.004873244170635838,0.05681805978483956,0.009149835852427625,0.0009561531706913036,0.019254329537098085,11.837903322165706,52729.540644203225,0.009859140416176073,0.009342107962237832,0.0673737482952547,-0.013246254665413574,0.2013494484962186,0.0036128818509313077,-0.03860889363945508,0.018621142582280804,0.01240031587020796,0.011736411080520696,0.7018255578093306,-0.8701519626630078,61.05338467093555,0.5821715652398173,3,16.889999389648438,-0.019733033175911574,-0.19609713442885912,0.9596590588300311
2025-05-16,55354.8984375,55354.8984375,55418.8984375,55170.25,55276.0,136000,-1.270196656077971e-05,-1,1.0,0.03283217146109041,0.004346282264540369,0.0421167771131119,0.0014273543219480425,-0.0014380037476446673,0.004506929685836116,11.820410164718188,52832.49585178349,0.003404160334519973,0.007274865510787125,0.06464585410507266,-0.01325878837849056,0.20133418899569597,0.006357616529605391,-0.009284605652021494,0.016122227043591432,0.012125024064761295,0.011742178042156323,0.7011212785152726,-0.8410208810440258,61.04711420536301,-0.1757365387450938,4,16.549999237060547,-0.0201302643501734,-0.23485899772573138,0.9385278049361877
2025-05-19,55420.69921875,55420.69921875,55695.55078125,55296.55078125,55326.05078125,138100,0.0011887074695708932,1,-1.0,0.0006833822235983167,0.009126070316554324,0.02082327963920161,0.0017107390851775085,-0.000521140080901264,0.0072156399334638655,11.835733339397384,52933.99402303708,0.004459091551549567,0.007436005420416063,0.06301801274435491,-0.01208584172970254,0.20276222391960616,0.0001367454636113591,-0.02013989741560329,0.006581684660805377,0.011196605220845111,0.011641092383494984,0.741934617347624,-0.7312164935136266,61.446176495796756,0.0086688391495252,0,17.360000610351562,0.048942683421832056,-0.056008635860893774,0.9792142974298876
2025-05-20,54877.3515625,54877.3515625,55568.3515625,54829.44921875,55445.30078125,143400,-0.009804056316672582,-1,1.0,-0.0011557884196200519,0.01116523882644782,-0.007723574709110448,-0.010243414874612134,0.00044390566786058826,0.013476377280429035,11.873393207147657,53010.20412262386,-0.005159691511880338,-0.0020535165081462395,0.04987230840002368,-0.021771407773422777,0.19097027534073194,-0.00022915625712099298,0.006567786289490396,0.0071757435942053395,0.010648885498663167,0.011729695016623371,0.7418904237156604,-0.9899035280620693,56.31565377792063,-0.8824897681485819,1,17.389999389648438,0.0017280402213226687,-0.04450556809538253,0.9757602683860651
2025-05-21,55075.1015625,55075.1015625,55336.8515625,54690.80078125,55060.19921875,119500,0.0036034902262873647,1,-1.0,0.004996246026037321,0.008500192054728073,-0.01028079875145338,0.00027065546368247085,0.003331932956745447,0.01181278701392666,11.691071650353702,53091.18049281508,-0.002564963645034273,0.002063828211017646,0.050909181155365586,-0.018246370602259535,0.19526192508772094,0.0009978644138398701,0.0152770447774907,0.0072065141082230805,0.010580568498137141,0.0117304877839823,0.6444827958149068,-1.34741322082898,57.6999560975498,0.3813376441699192,2,17.549999237060547,0.009200681600216143,0.018572240471614432,0.9783699055536254
2025-05-22,54941.30078125,54941.30078125,54996.1015625,54576.6015625,54875.8984375,148200,-0.00242942414002012,-1,1.0,-0.007484351530029465,0.010588530814854114,-0.0077433557302278855,0.0011918227420820986,-0.003616936135359487,0.007686444153537066,11.906317991844123,53163.73422961645,-0.0034927628000449547,1.9442292316813473e-05,0.0457813483089332,-0.02063146656907082,0.19235812691326584,-0.0015044939346315362,0.0002590042001984205,0.005149014014483831,0.010538964840519483,0.011746890114746878,0.8208025255462325,-0.6818737246603451,56.39770896835582,-0.19711718609210843,3,17.260000228881836,-0.016524160728526804,0.021906504002609184,0.958729119919691
2025-05-23,55398.25,55398.25,55441.30078125,54854.5,54959.30078125,88900,0.008317044049782396,1,1.0,0.0007831567525853345,0.03364104095045728,0.0035660611519268137,0.007986805008621081,0.0003276223850554139,0.010697404611289867,11.395267421501996,53251.362299043256,0.004637243262673818,0.008156036240069267,0.05176824220950394,-0.012486015335555004,0.2022750219779195,0.00015781047002362731,-0.0027829043993414793,0.006815725163830494,0.010691880669906038,0.011775306450641457,0.5128648898119303,-1.6911727125057694,59.73958365704628,0.7504659857255764,4,17.280000686645508,0.0011587750578476719,0.044108850950896894,0.9571021501907985
2025-05-26,55572.0,55572.0,55875.75,55307.5,55534.8984375,90800,0.0031363806618440737,1,-1.0,0.002730041002420469,0.0034152888875096377,0.016609621968619814,0.0006680765346452337,0.0024666562120644604,0.010274375084753424,11.416414564589385,53342.36769908077,0.0072354350893432335,0.010483178267301975,0.05224038540550251,-0.009388795570752916,0.20604581410706913,0.0005462294612194166,-0.013879580966199345,0.006943472037819919,0.010445834720778186,0.011750700315498297,0.5426078642285168,-1.4622719755895324,60.96470710352921,0.21470137539850798,0,18.020000457763672,0.04282405912692222,0.03801842305342773,0.9957176690006405
2025-05-27,55352.80078125,55352.80078125,55831.3515625,55037.8515625,55458.94921875,145400,-0.003944418389656645,-1,1.0,0.008663851392473054,0.007498049393744433,-0.0014431888497876688,-0.0019140001567882663,-0.002034311906175772,0.014417350559167732,11.887243844081556,53421.20821210702,0.001536337922250855,0.006570620998980169,0.04526522243042133,-0.013296180622503572,0.20128866481913676,0.001711110698733175,0.010107040242260723,0.004949746441641035,0.010019063183089488,0.011726157270079416,0.8775953645581844,-0.38633321638563606,58.54431787222663,-0.38806619697772593,1,18.540000915527344,0.02885685041920394,0.06613004981262138,1.0199422887875151
2025-05-28,55417.0,55417.0,55521.80078125,55235.55078125,55328.6015625,128300,0.0011598187958674622,1,1.0,0.006207858502303543,0.011235120516713382,0.00046487486742030626,0.0015976987489941135,-0.00043718146884081705,0.005182350785884968,11.762126550603728,53499.474556730274,0.0014588928210032752,0.007714467187037275,0.04349693113125264,-0.012151782986835353,0.20268194199185652,0.0012353428649478522,0.005742983634883236,0.004838092978075494,0.010021360733598899,0.011634130754424526,0.7900246305418719,-0.6472238707331689,59.05701588930207,0.10774594554608148,2,18.020000457763672,-0.028047488246247587,0.026780697500579764,0.9895662006802365
2025-05-29,55546.05078125,55546.05078125,55782.75,55096.44921875,55571.3984375,185700,0.0023287218949059607,1,1.0,0.011007202075681288,0.0034404687759552743,0.00833047919099772,-0.0004561277376978012,0.002786120459425808,0.01245635228733476,12.131887747340798,53579.73244788791,0.001601783649621116,0.009639892921059339,0.04298521078862716,-0.009851359215033047,0.20548265376278088,0.0021825432628977456,0.002676722884683569,0.004382200662381919,0.009946696381423575,0.01163292771420261,1.1462255416332325,0.4514731286713251,60.124590667061646,0.1861362661823682,3,16.420000076293945,-0.08879025198805635,-0.04866744736088047,0.9061810206168861
2025-05-30,55749.69921875,55749.69921875,55813.30078125,55356.6015625,55615.55078125,281100,0.0036662991272233825,1,1.0,0.0063440491125621445,0.007132174250048751,0.011509454957039589,0.002412067049873149,0.0012512140651313461,0.008250131074870388,12.546465756894623,53664.82918400015,0.004001423112161505,0.012757664730017429,0.04379501094068661,-0.00622117811750175,0.20990231376415425,0.0012654336854083597,-0.005165405844477444,0.0030648868126939657,0.009973181078414536,0.011626242613077967,1.6696860800095037,1.918320940198876,61.81658426536938,0.3030189919861221,4,16.079999923706055,-0.02070646473861837,-0.06944448583655727,0.892787738290905
2025-06-02,55903.3984375,55903.3984375,55966.30078125,55400.55078125,55598.25,211300,0.00275695153344091,1,-1.0,0.005963406706614771,0.00870972805385839,0.01791528396107034,0.005488453998102458,-0.0027165925713024098,0.010211992336211121,12.261034203604147,53752.61621354916,0.0055691219220739985,0.014643019750368805,0.043722231685306825,-0.0034813780706117363,0.2132379558034,0.0011888797326050336,-0.011951877254455567,0.0030114882382582995,0.009935351587914525,0.011617511777012009,1.2288455946496075,0.6657479127055368,63.089554104989475,0.18188967751821222,0,17.15999984741211,0.06716417467849967,-0.047724782935898435,0.9558823470819592
2025-06-03,55599.94921875,55599.94921875,56161.3984375,55455.80078125,56104.80078125,212800,-0.005428099672495912,-1,1.0,0.004464967156345256,0.013167502360733163,0.024479759495786402,-0.008998366547425998,0.003602685156523495,0.012723604137163006,12.268108036449627,53825.06064512567,-0.0007776385490364353,0.007920231753601436,0.035626188982874674,-0.009997066212210094,0.206652379252844,0.0008841982577367347,-0.020014792339441145,0.0036531500847469655,0.009599161066666884,0.011419037998315774,1.2325157105209812,0.6744233967289237,58.913579977934845,-0.6900111377499207,1,16.559999465942383,-0.034965057506117225,-0.10679618941802205,0.9287717070556388
2025-06-04,55676.8515625,55676.8515625,55791.0,55408.3515625,55650.3515625,151500,0.0013831369422199202,1,1.0,0.004689022547232691,0.010925989838023842,0.019519054904763022,0.0004761874679306973,0.0009065178018724303,0.006905970430619595,11.928340903931561,53897.679896787406,-0.0003292614910092892,0.00834008132251804,0.03475567660821231,-0.008627756581582184,0.20832134473500605,0.0009347187044277997,-0.014830032357530332,0.0036586003850515264,0.00952646305594827,0.011392743678175929,0.9083550679017898,-0.2770873487543942,59.64263677041156,0.03877594473341228,2,15.75,-0.04891301280584237,-0.12597116537728348,0.8916187859388223
2025-06-05,55760.8515625,55760.8515625,56010.1484375,55580.44921875,55806.75,141300,0.0015087059997582752,1,1.0,0.003867075664765407,0.014916843423730786,0.025663321694837427,-0.0008224531530684013,0.0023330780001843787,0.00773112173057143,11.85864056867262,53970.74545230555,0.0004072894866442202,0.008587124207620199,0.03412659086586575,-0.0071320673299429,0.21014434639744387,0.0007715981605349581,-0.02179624603007202,0.0035986585337947304,0.009439308063738218,0.011370696015115946,0.8901348116416782,-0.3857588864333034,60.467797337273744,0.020821743461397656,3,15.079999923706056,-0.042539687383742475,-0.08160780428512227,0.8682634719030871
2025-06-06,56578.3984375,56578.3984375,56695.0,55534.75,55699.44921875,347000,0.014661664090327653,1,1.0,0.014864640174978572,0.02130299129485147,0.05566068704782601,0.015780213827574455,-0.0011011729919722744,0.02089232417540369,12.757080058928997,54073.00635368573,0.012065503771476941,0.020621136776266227,0.04696448326194374,-0.002056646309198342,0.22788707630513236,0.002972333440141792,-0.040796046872847436,0.007240495213402362,0.00913776366002566,0.011444979982630802,2.0762902019446523,2.9129757573423896,67.44460447952946,1.289443140450684,4,14.630000114440918,-0.029840836309138807,-0.09017411791945751,0.859677995604552
2025-06-09,56839.6015625,56839.6015625,57049.5,56792.69921875,57049.5,207500,0.004616658163071552,1,-1.0,0.016746801646534415,0.02281007634240262,0.026303268230167598,-0.0036792336041507816,0.008326527005185698,0.004521721713927936,12.24288661865289,54181.50028344315,0.013343840416391564,0.023987557896473954,0.04980301893005561,-0.0036792336041507816,0.23355581119928653,0.003309401293973284,-0.009556466583633183,0.007275167855584937,0.005822919805570008,0.011100793702857421,1.238658070678128,0.6449112408531963,69.30830840327081,0.5659466664453491,0,14.6899995803833,0.004101125459538446,-0.14393941078043238,0.8726905237950098
2025-06-10,56629.1015625,56629.1015625,57015.3984375,56564.1484375,56993.8984375,146000,-0.0037034038630361366,-1,-1.0,0.018509951145835535,0.023057564626112415,0.030728500778322898,-0.00640063033063161,0.0027146016291183426,0.007977668054149251,11.891361900690473,54277.48464732773,0.005899796711384426,0.018646238573904655,0.04397883320304372,-0.00736901177924434,0.22898745584282038,0.003621251083607093,-0.012218549632487363,0.006777590131097012,0.00553308637871972,0.011116513095419963,0.883135736752964,-0.3119450894765664,66.02781416806343,-0.9434218331622395,1,14.020000457763672,-0.0456091995750858,-0.1533815875660215,0.8433590277349994
2025-06-11,56459.75,56459.75,56782.5,56399.3984375,56639.8515625,135300,-0.0029905394545787223,-1,-1.0,0.014061471069734655,0.018816428171860577,0.03026295352677888,-0.0031797675582052776,0.00018983172438530598,0.006792653345842702,11.815249814158879,54363.06368076585,0.00010999088686474295,0.014087311905438939,0.03884557751031277,-0.010337513913355946,0.21557887842281925,0.002765003914589546,-0.016201482457044225,0.0074007275928318975,0.005551410410179731,0.011052619988806448,0.8208706203549219,-0.47511798929226373,63.426766321104054,-0.8081646334166303,2,13.670000076293944,-0.024964363055773875,-0.13206348721943217,0.831205160715259
2025-06-12,56082.55078125,56082.55078125,56611.05078125,55968.5,56480.8984375,135300,-0.006680851735085591,-1,-1.0,0.005769266604356282,0.00965865245961095,0.013132351527771258,-0.0070527854065706675,0.000374575471906978,0.011480578919392158,11.815249814158879,54430.494547451504,-0.007702512618828743,0.0066551545470766,0.03019668150295439,-0.016949302250677045,0.1756633793380283,0.0011395701141078379,-0.007363084923414975,0.008574984633886926,0.005453772599193065,0.011093343786432517,0.8216432865731463,-0.47206763051292805,57.95095727109864,-1.3448604834760067,3,14.020000457763672,0.02560353910141422,-0.07029174212899325,0.8599908240180709
2025-06-13,55527.3515625,55527.3515625,55688.0,55149.30078125,55149.30078125,142000,-0.009899678438585191,-1,1.0,-0.018576822674842064,-0.003988320284519453,0.0031154085702951306,0.00685504214730737,-0.016640648240843072,0.009768015389474353,11.863582336583399,54473.508548041646,-0.013858138972766292,-0.003464644134593019,0.018515345319751374,-0.026681188047222148,0.1640246899305614,-0.003748213518673932,-0.021692231245137195,0.00542089358299113,0.005947750109198712,0.011211979688995831,0.8607625628902225,-0.36997981401116614,50.97511454984672,-1.6917921986249171,4,15.079999923706056,0.07560623618634787,0.030758701691393275,0.9292008034158101
2025-06-16,55944.8984375,55944.8984375,55999.8515625,55381.44921875,55554.1015625,107700,0.007519661270536604,1,-1.0,-0.01574084089974126,0.000742352006495528,0.00945854574445093,0.007034527856783752,0.00048174456816819304,0.01116623621219058,11.58710486314448,54531.210112334134,-0.003275185982557535,0.0035569075248398554,0.024251381303893184,-0.01936216027309617,0.1727777613093806,-0.0032225672567616063,-0.02519938664419219,0.00656562239318693,0.006168268059589152,0.011004614377670963,0.6589171000305903,-0.882956999694462,55.330149455057786,1.1386658541017327,0,14.84000015258789,-0.015915104266073787,0.010211067153800046,0.9215674153455182
2025-06-17,55714.1484375,55714.1484375,56067.30078125,55643.94921875,55975.0,106300,-0.004124594135384574,-1,1.0,-0.016156942274462738,0.002053944659206497,0.015248492341088493,-0.004660144037516748,0.0005380573267753552,0.007608222788711514,11.57402056433004,54577.599850575934,-0.004139571786820758,-0.0013318938460040424,0.01839863666116333,-0.023406893355769988,0.16794052903297443,-0.0032709081634035016,-0.03140543461555123,0.006576983027460319,0.005785169950716987,0.010971288318981623,0.6578173829635818,-0.8600257123498327,52.55181862623765,-0.8450893902312108,1,14.399999618530272,-0.029649631370178176,0.027104076202520533,0.9026232203731063
2025-06-18,55828.75,55828.75,55933.6015625,55511.80078125,55544.94921875,116400,0.0020569561900163347,1,-1.0,-0.011176103330248544,0.0027282152858354447,0.013684013576348075,0.005109389516809549,-0.0030369165372743207,0.007598398454270105,11.664787814279475,54626.66456231806,0.0001649987849377471,4.6839061000423046e-05,0.018917260450236208,-0.021398084119930938,0.17034293153373967,-0.0022651337862872522,-0.02486011690659662,0.0070014552442067,0.005755521042150316,0.01096171481211445,0.7210109018830525,-0.6993240001545131,53.792800046420815,0.23612187555308084,2,14.279999732971191,-0.008333325606804998,0.04462323725477435,0.9043698314185573
2025-06-19,55577.44921875,55577.44921875,55942.44921875,55475.44921875,55784.8515625,131300,-0.004501279022904869,-1,1.0,-0.009006394243196048,-0.0032890879283726804,0.011578692685723535,-0.0037178972057966566,-0.0007863052190851487,0.008418138231896641,11.785240060290887,54663.950235119315,-0.0025318388515488113,-0.005021548349774868,0.012824409332030932,-0.025803044395656404,0.16507489144642187,-0.001809467568233161,-0.020585086928919583,0.006715533665124686,0.005832940138955422,0.01098521600031138,0.8175846072418195,-0.4527953354918103,50.66362436509974,-0.8716976346757628,3,14.260000228881836,-0.0014005255226425817,0.017118385398144698,0.9117647144011451
2025-06-20,56252.8515625,56252.8515625,56328.19921875,55566.3984375,55566.69921875,161500,0.012152453076636371,1,-1.0,0.013065633054430759,-0.005753907568798011,0.01542650828320391,0.012348265299128476,-0.00019342377441052664,0.013709738307168831,11.992260421644849,54726.26009109503,0.006967540494440498,0.006300083514480347,0.02274971816932344,-0.013964161605272614,0.17923340939549173,0.002610771131810896,-0.0023608752287731516,0.007245464920181815,0.0061501142491501215,0.00993167321417359,0.9834069112498097,-0.04362663359259249,57.77325178561661,1.8444027709757977,4,13.670000076293944,-0.041374484089623076,-0.09350131661443617,0.8842459336018563
2025-06-23,56059.3515625,56059.3515625,56233.55078125,55779.25,55832.3515625,86800,-0.0034398256199512645,-1,1.0,0.0020458188002230315,-0.013727225007762356,0.008769732284243936,0.0040657431336362584,-0.007475176605630409,0.008144619751072307,11.371361900648441,54778.53818801287,0.0030927214056981505,0.0024016313186743317,0.017179453132026616,-0.01735595294437287,0.1751770521019507,0.00040692381566767794,-0.006723913484020905,0.007046333123397755,0.006192640856221184,0.009846520022801659,0.5291876238378296,-1.23135994790671,55.3139199790916,-0.6274706628197018,0,14.050000190734863,0.027798106241411213,-0.05323449822979032,0.920647410690191
2025-06-24,56461.8984375,56461.8984375,56862.0,56276.1484375,56529.44921875,132900,0.007180726565329643,1,1.0,0.013421186915184125,-0.0029526007015220346,0.02003688414310001,-0.0011949662022815956,0.008385713411720307,0.01041029954547518,11.797352244701337,54844.55231544374,0.0075993615550878895,0.008599483075395244,0.02217563746608041,-0.010299854731417453,0.183615677178945,0.0026677083453823247,-0.006615697227915884,0.007035674649382222,0.0062758319419220394,0.009812161715150524,0.8133414932680538,-0.48433955463343376,59.2045686628969,0.980852122781563,1,13.640000343322754,-0.02918148340542226,-0.05277772884309884,0.9083644321969302
2025-06-25,56621.1484375,56621.1484375,56681.3984375,56420.6484375,56564.5,98700,0.0028204861049134777,1,1.0,0.014193375948772013,0.002858645982314778,0.021728863660970488,0.0010014839254302611,0.0018171823006194858,0.004621534973828703,11.499840225421574,54914.22275160281,0.007591637816346505,0.01035757712053857,0.022977490553484227,-0.007508419223656649,0.18695404874998586,0.0028068430549749107,-0.007535487712198474,0.0070273643675618416,0.006289084288620474,0.009639446238417228,0.6095602766798419,-0.985087905419612,60.66368880895888,0.2738818186674553,2,12.960000038146973,-0.049853393552784175,-0.09243695514758743,0.8778703534580061
2025-06-26,57206.69921875,57206.69921875,57263.44921875,56558.3515625,56693.55078125,176500,0.01034155606886622,1,1.0,0.029314947391474444,0.020044531174852276,0.029896786794797015,0.009051266509659353,0.0012787155638483687,0.012466729258734308,12.081076155355488,55004.12378953015,0.012142686504769197,0.01929601190238406,0.03175701134106142,-0.0009910335610977853,0.19922900059630155,0.005754916828642007,-0.0005818394033225704,0.0062408671078333575,0.006615988099311196,0.009048646484623548,1.0931500061934845,0.23488843056274103,65.54367198446431,1.3340033369247721,3,12.59000015258789,-0.028549373801698308,-0.11711080290949583,0.8640153820405629
2025-06-27,57443.8984375,57443.8984375,57475.3984375,56993.8515625,57234.69921875,238000,0.004146353870951192,1,-1.0,0.021173093308464175,0.034515366230690736,0.030389387610905594,0.003655111699817698,0.0004894531651429865,0.008449102171519871,12.380025952653611,55099.801226705444,0.012073927619475365,0.02197985582668538,0.034420834078762785,-0.0005480605764613147,0.20420142840508088,0.004164011877160067,-0.009216294302441419,0.005152102506245506,0.006625164031139673,0.008882541522431299,1.4939895169643138,1.3025716300727253,67.31270929265287,0.3956584816519599,4,12.390000343322754,-0.015885608168481724,-0.0936356785535738,0.8611941552869536
2025-06-30,57312.75,57312.75,57614.5,57193.80078125,57529.94921875,183000,-0.0022830699354901007,-1,1.0,0.022358418400587388,0.024449978473517486,0.025210480970591753,-0.0037754112718599627,0.0014979968907163361,0.007355678640051475,12.117241431823558,55186.58353154053,0.005323187726142746,0.018369891209251803,0.030936930423356625,-0.005237396835865971,0.20145215232761504,0.004363904510637348,-0.0028520625700043656,0.004731178582398564,0.006670527429022442,0.008401339974794525,1.1590347710431312,0.4223217736468168,65.31596747737748,-0.5308811923554984,0,12.789999961853027,0.03228406839761244,-0.08967973037557186,0.9027067031777497
2025-07-01,57459.44921875,57459.44921875,57533.8515625,57150.3515625,57375.80078125,283300,0.0025596262393621227,1,-1.0,0.017667680486411985,0.031325988643762015,0.03344427515003767,0.0014579044886696502,0.0011001178838914553,0.0067103699192576595,12.554261685818608,55275.715519274236,0.004381497325107798,0.019292625579549787,0.03277507349943662,-0.002691176374870909,0.20452742078205088,0.0034810780541851254,-0.015776594663625687,0.004508920722443249,0.00648568012669944,0.008020283008368831,1.7551033051451228,1.8827129343940974,66.51258625476133,0.137404006161948,1,12.529999732971191,-0.02032839950408938,-0.0813783418191002,0.8971146046644943
2025-07-02,56999.19921875,56999.19921875,57628.3984375,56833.80078125,57558.19921875,169600,-0.00800999672391245,-1,-1.0,0.006676847638781069,0.020964990596243016,0.0237504028898905,-0.00971190912133161,0.0017186033166460668,0.013981075439743336,12.04119800233994,55343.303115332106,-0.0049786679076604,0.009943553764927733,0.024004865326555887,-0.010918214557574222,0.19487916008772396,0.001315887243578454,-0.01707355525110943,0.006902057078915269,0.006838539997671398,0.008076340780329124,1.0448496796451454,0.11248518269651649,59.56880836418708,-1.3433981835666016,2,12.449999809265137,-0.006384670822900729,-0.03935186939665747,0.9020431653363916
2025-07-03,56791.94921875,56791.94921875,57193.25,56764.1015625,57050.3984375,149900,-0.0036360159939198278,-1,1.0,-0.0072500250086804385,0.021852388281077717,0.018491425926203453,-0.004530191301523283,0.0008982445271469343,0.007560208400858542,11.917723684090689,55400.11276644653,-0.007158909531015351,0.005353014864686677,0.019760576455478365,-0.014514531748737703,0.19053456035084346,-0.00145528360287403,-0.02574145093488389,0.004905044334073051,0.0069217649261249905,0.008059907739858941,0.9210445468509985,-0.1989130587896721,56.69837151731477,-0.6595673956352355,3,12.390000343322754,-0.004819234286070562,-0.015885608168481724,0.9065301103204931
2025-07-04,57031.8984375,57031.8984375,57075.1015625,56623.6015625,56825.25,93900,0.004225056932379179,1,-1.0,-0.0071722151735272854,0.013849020153839486,0.008015426603157794,0.0036365601119220767,0.0005863644708113956,0.007973706856170978,11.449985665196355,55464.10436138981,-0.0015257743684814395,0.009195595856901063,0.023396370875014876,-0.01035079953934387,0.19556463664829066,-0.0014509098760215982,-0.015187641776685079,0.004927460484793387,0.006197734124464575,0.00805996323299134,0.6256037842699623,-1.1312835089910145,59.15253600209495,0.6137075336636417,4,12.31999969482422,-0.005649769698049978,-0.005649769698049978,0.9090908835012796
2025-07-07,56949.19921875,56949.19921875,57152.19921875,56838.55078125,56938.69921875,103300,-0.001450052006258029,-1,1.0,-0.006343279309577676,0.015873313398174327,0.001928191845776528,0.0001844088492373274,-0.0016341595020221004,0.0055182342475112315,11.54539265510773,55522.34337540393,-0.001702823447506008,0.007634501377072787,0.02107500227863202,-0.01178584234796348,0.1938310057483077,-0.0012749033127430799,-0.008271471155354204,0.004905722793724624,0.006128954857984548,0.007924833717456028,0.7129792594126376,-0.8522817484262878,57.93383143476185,-0.25492727780391444,0,12.5600004196167,0.019480578793626524,-0.017982763324653317,0.9341415594553533
2025-07-08,57256.30078125,57256.30078125,57303.30078125,56923.05078125,56942.55078125,105500,0.005392552778843873,1,-1.0,-0.003535509655280711,0.014069706576185226,0.011075563649156184,0.005509939328241533,-0.0001167433008928256,0.006680070635378723,11.566466231898259,55590.34170504495,0.004395900147501699,0.012506414592286783,0.0259103689048937,-0.006456845346024197,0.20026880245582562,-0.000713437380285892,-0.014611073304436895,0.005573218171617039,0.006168657892446245,0.007724642845191115,0.7384852302953941,-0.7535609741035875,61.135956951261434,0.7811325060414235,1,12.199999809265137,-0.028662468019451603,-0.026336786172285298,0.9135497217218062
2025-07-09,57213.55078125,57213.55078125,57290.6484375,57037.8984375,57199.75,91100,-0.0007466427173373757,-1,-1.0,0.003760606560056612,0.01046256319586858,0.013351117942427937,0.00024127345399236884,-0.0009876778708784303,0.004431264245770801,11.41971308324805,55653.99696293535,0.0028917651351475383,0.011076550085635743,0.024475362543284005,-0.007198667106807014,0.1993726304956247,0.0007487440144586124,-0.009590511382371325,0.0038669809095264428,0.006120944650491376,0.007724632041681831,0.6477070742979026,-0.9734740382938977,60.44617316650196,-0.23302765304079814,2,11.9399995803833,-0.0213114945038263,-0.040963874433339376,0.8999095231323667
2025-07-10,56956.0,56956.0,57363.69921875,56886.6015625,57339.75,102000,-0.004501569606031208,-1,-1.0,0.002888627411221867,-0.004382340218430758,0.015574349001294285,-0.006692564930959761,0.0022057575002206987,0.008386819446857338,11.532728092266408,55705.055905565336,-0.0021966851909744132,0.005748903014755339,0.01918149826623195,-0.011667831411786317,0.19397357111587984,0.00057346827459543,-0.012685721590072419,0.004124768350251294,0.006000563551817608,0.0077097468598702245,0.733892146634529,-0.716431927045663,56.323160058481605,-0.8808313003840939,3,11.670000076293944,-0.02261302458778558,-0.058111400086993115,0.8874187343552141
2025-07-11,56754.69921875,56754.69921875,57091.05078125,56607.75,56843.44921875,95500,-0.0035343209012219656,-1,1.0,-0.004860424189697565,-0.011997779355101712,0.02210347912719257,-0.0015613056776070076,-0.0019761005205772876,0.00853771402767289,11.466881526468821,55746.21838843532,-0.004756620122067183,0.0011094147932999771,0.014983896826789411,-0.015160914452577702,0.18975368536797832,-0.000973380218941039,-0.026963903316890137,0.0038642855463080533,0.005552260395647787,0.00773268031894384,0.6988145763207961,-0.783697177405139,53.26503398760326,-0.8344653581284395,4,11.81999969482422,0.012853437664921863,-0.04058441658972245,0.9101058475321825
2025-07-14,56765.3515625,56765.3515625,56896.30078125,56594.25,56780.75,123000,0.00018769095593196283,1,1.0,-0.003228274651304819,-0.009551076113081258,0.014665378755072567,-0.0002711911607366933,0.00045900659520002574,0.005337128440610133,11.719939634354555,55786.184395261385,-0.003927568433322771,0.0005732909092896452,0.014504610956139327,-0.014976069063172115,0.18997699137450866,-0.000647867608429726,-0.017893653406377386,0.0038832022868961168,0.0053456201185272155,0.007709802134706655,0.8950336547207568,-0.27641180563396633,53.40919670697311,-0.10344235633911186,0,11.979999542236328,0.013536366458805293,-0.046178412261396296,0.9326948943672324
2025-07-15,57006.6484375,57006.6484375,57134.94921875,56707.80078125,56709.19921875,124600,0.0042507774259854525,1,1.0,-0.00436025975034271,-0.007880353665176476,0.02319877510916135,0.005245166971986674,-0.00098920102147478,0.007532445829590933,11.73286388533549,55834.045730251135,0.001183690292724263,0.003683198473688137,0.017821937846640046,-0.010788951573490446,0.19503531870688545,-0.000879594107596118,-0.02755903485950406,0.0034517436558756023,0.005272308364403806,0.007509425113461484,0.9006794853260084,-0.26539976617364536,56.66976490460631,0.5849168877795803,1,11.479999542236328,-0.04173622863984383,-0.05901641625289322,0.904043751094555
2025-07-16,57168.94921875,57168.94921875,57276.55078125,56937.6015625,57111.25,161300,0.0028470500493980033,1,-1.0,-0.0007795629163190876,0.002978112014320411,0.024005538700938134,0.001010295147628532,0.0018349011100815954,0.005952994320948659,11.9910212641133,55886.394886662856,0.004191430693618334,0.005354611616466827,0.019788200863081022,-0.007972618209202684,0.19843764407004225,-0.00015647845899550557,-0.02478510161725722,0.0038366750686684276,0.005282389599378658,0.007476246422992814,1.147348579151403,0.40034407389092436,58.76032162756736,0.31115155870718997,2,11.239999771118164,-0.02090590424112604,-0.05862645174755232,0.8958673574436374
2025-07-17,56828.80078125,56828.80078125,57262.8515625,56780.1484375,57231.94921875,129800,-0.00594988087324233,-1,-1.0,-0.002233289183755871,0.0006488870871126373,0.022515455100768467,-0.007044115096606265,0.0011019968157703615,0.008501265640954235,11.773750083252127,55923.35198056824,-0.0013371269623564687,-0.0017255231265222255,0.012830546020103648,-0.013875062953852369,0.19130708285381637,-0.00044499407628879255,-0.024748744284524338,0.004279583355874225,0.005374292228746229,0.007500769288821972,0.9237776670699595,-0.20692356190125585,52.99003160111619,-1.3144513438041332,3,11.239999771118164,0.0,-0.03684664116234826,0.9067806721209328
2025-07-18,56283.0,56283.0,56705.1484375,56204.8515625,56524.25,141200,-0.009604298766587416,-1,1.0,-0.008311192293204206,-0.013131220562834667,0.0005359450527855358,-0.0042680796295395335,-0.005359092169167908,0.008901311205202064,11.85793260404128,55937.45582446753,-0.009286127312620683,-0.011339429083426998,0.0021429180658388697,-0.023346101470425755,0.17986541370733664,-0.001660070993106832,-0.008847137345989742,0.005935672443812304,0.005235407033383708,0.0073368546291045,1.0122226603104054,0.033091715650631154,45.302513786661265,-1.8420522425208377,4,11.390000343322754,0.013345246909170383,-0.03637896468726276,0.9274111779699936
2025-07-21,56952.75,56952.75,56983.44921875,56255.69921875,56558.8984375,133700,0.011899685517829495,1,-1.0,0.0033012820733377968,6.23499767988811e-05,0.01593665307569525,0.006963564945226485,0.004901985279746993,0.012936467062121969,11.803353763090035,55977.271282331545,0.001842109798275521,-0.00035906406389900515,0.013501501282965844,-0.01172422721816162,0.1939054410838178,0.0006659148854893242,-0.012635371002357454,0.008552596809761876,0.005787271259506374,0.005947682410952077,0.9426113931190073,-0.1626536285289563,54.10185813262417,1.914926296735217,0,11.199999809265137,-0.016681345770898304,-0.06510849438860555,0.9226460058966126
2025-07-22,56756.0,56756.0,57286.1484375,56692.0,57253.3515625,132800,-0.003454618082533334,-1,1.0,-0.004396828166012945,-0.008737916603474227,0.005208850050012925,-0.008686854986246028,0.005278086879035692,0.010480287121639738,11.79659951602447,56007.809663416585,-0.0007377033305809098,-0.0040694965088368005,0.009348172741575298,-0.015138342573343356,0.18978095375821472,-0.0008801978394370262,-0.00960567821602587,0.008438895450730741,0.005658194907338533,0.00584779310191736,0.9362992209257236,-0.18053412513597683,51.481728562920814,-0.6585203744370226,1,10.75,-0.040178555082909684,-0.06358881283492823,0.8962441177279128
2025-07-23,57210.44921875,57210.44921875,57249.0,56715.80078125,56918.1484375,129800,0.008007069186517723,1,-1.0,0.0007259185373724719,-5.421027811847168e-05,0.010407785739289466,0.0051354583603675395,0.0028569391341884557,0.009401246414672389,11.773750083252127,56054.97199891986,0.007116286932588396,0.0033861969800865876,0.016559018746281535,-0.0072524871431795986,0.19930761217175777,0.0001462400451052864,-0.009681867201916994,0.009275759557105558,0.005893566113913774,0.005919329227420351,0.9052235162842597,-0.2767283484776614,56.69814647267549,1.2665300554695766,2,10.520000457763672,-0.021395306254542112,-0.06405687971672136,0.8860813230967068
2025-07-24,57066.05078125,57066.05078125,57316.6015625,56850.8984375,57316.6015625,179800,-0.002523987129481875,-1,-1.0,0.004174819752280845,0.0019322069887282023,-0.0024586008180996766,-0.004371347470362331,0.0018554712504374098,0.008191658140846774,12.099600401019657,56094.62214724653,0.0037359216382764964,0.0009771218706829746,0.013377254085111565,-0.00975816908845533,0.19628057519434663,0.0008293939419803267,0.006633420570380522,0.008825624729659837,0.005455755323576791,0.005786130257460817,1.2524816272508794,0.7362078095826426,54.686243798740946,-0.4423573226098966,3,10.720000267028809,0.01901138788616108,-0.04626330201763207,0.910094262152748
2025-07-25,56528.8984375,56528.8984375,57170.69921875,56439.3984375,57170.69921875,125100,-0.009412817890781522,-1,-1.0,0.004368964651848772,-0.003978538946699306,-0.015928584669362866,-0.011226043935448522,0.0018338125044108358,0.012957274554579628,11.736868696455003,56111.65259000158,-0.006571399911982654,-0.007648545401821941,0.0034201353373304257,-0.019079135110659826,0.18502020399376282,0.0008618028902774328,0.02029754932121164,0.008768452159397533,0.005736646431379143,0.005958428609792041,0.9071133347835545,-0.2909329357067354,47.87993947248003,-1.5032816637259117,4,11.279999732971191,0.05223875485010554,-0.009657647676547199,0.9621699843804765
2025-07-28,56084.8984375,56084.8984375,56578.3984375,55997.44921875,56215.1015625,145700,-0.007854389741751233,-1,1.0,-0.015238097589668653,-0.011987120774735405,-0.021423706984920465,-0.002316159205996276,-0.005551087738724344,0.01037456574996057,11.889304992183297,56110.60340755054,-0.011358528995426382,-0.014380626749315017,-0.0046958085034084895,-0.026783669889316453,0.1757125934597462,-0.0030704704548931623,0.006185609395251812,0.0068269721480505455,0.005945671131703104,0.006071645711007976,1.0709691646146495,0.22562135638045494,43.104374134355865,-1.1417665916416362,0,12.0600004196167,0.06914899867998958,0.0767857700890433,1.0319158450099786
2025-07-29,56222.0,56222.0,56296.3984375,55843.25,55881.80078125,145100,0.002444536164272204,1,-1.0,-0.009408696877863165,-0.013764156620438062,-0.021536043863542575,0.006087835645843162,-0.0036212538830988233,0.008114650159150838,11.885178438872279,56114.97190137209,-0.007072447566218039,-0.010895763538694953,-0.002738697334379942,-0.02440460737470065,0.17858666541324877,-0.0019042559222785954,0.01212734698567941,0.00724051951409538,0.005942027134101525,0.005901208060695699,1.1236303093661673,0.6290971484821295,44.93088969439541,0.5916417360124764,1,11.529999732971191,-0.04394698741331826,0.07255811469499451,0.9908051724289189
2025-07-30,56150.69921875,56150.69921875,56321.1484375,56064.55078125,56310.1015625,139700,-0.0012682007265838457,-1,-1.0,-0.018523714015038384,-0.01781124218505037,-0.014886174045071199,-0.0028307948188137314,0.001567030032727402,0.004576825332127971,11.847252545245054,56116.37297264181,-0.004605704843451459,-0.011412288182603848,-0.004383329553965651,-0.02564185816047996,0.1770919809478296,-0.003769876560776868,-0.003637539969967185,0.004890330206547029,0.0057134700359258665,0.005888935717126778,1.0944844876214352,0.5090072365190185,44.13731649985616,-0.09345446423030672,2,11.210000038146973,-0.027753660211209508,0.06558931087061759,0.9684665299634605
2025-07-31,55961.94921875,55961.94921875,56406.19921875,55547.3515625,55728.1484375,182800,-0.0033614897521520026,-1,-1.0,-0.019347782917944145,-0.015253736671951845,-0.014614747537595951,0.004195380392230531,-0.007525298653964057,0.015461541047256838,12.116147938002186,56110.31713915586,-0.004053053995310164,-0.014015007788493652,-0.008089102458198005,-0.028917153069199418,0.17313519831653312,-0.003932636914096754,-0.004733035380348194,0.004852554713308248,0.005706456711154011,0.005899542680564259,1.4139304637042194,2.0334872103527384,42.02144026743805,-0.4627108607270781,3,11.539999961853027,0.029437994878062756,0.07649250694016008,1.0006503384915364
2025-08-01,55617.6015625,55617.6015625,56097.6015625,55562.1015625,55897.1484375,98900,-0.006153246287115111,-1,1.0,-0.016120902762815303,-0.011822369765293272,-0.02479834818316451,-0.005001093666031432,-0.00115794360551488,0.009637864388510097,11.501864517610803,56090.994959679156,-0.006960293074956154,-0.018859599743728396,-0.014269223925606707,-0.03489246499155758,0.1659166085132078,-0.003256844651489295,0.008677445420349206,0.004073031154274174,0.005704751876534258,0.005857811499907233,0.7635002122978346,-1.1789640110203299,38.40434800918093,-0.8611320916995088,4,11.979999542236328,0.03812821333082983,0.062056722148587706,1.0403369041399375
2025-08-04,55619.3515625,55619.3515625,55752.44921875,55437.30078125,55557.5,131100,3.1464859160390546e-05,1,-1.0,-0.008300752751095652,-0.023412362660275354,-0.023351472443745247,0.0011132891598794041,-0.0010806212567879463,0.005684772401591916,11.78371566975179,56072.499140181935,-0.005275370394407851,-0.017676481950243822,-0.014254753361375438,-0.03486209801889395,0.16595329391508737,-0.00167409906907562,0.015050719692649595,0.0032829573070389164,0.005711705204370138,0.005841226644091471,1.001336643116288,0.006933351988675173,38.433352133723396,0.20946527723145564,0,11.970000267028809,-0.0008346640725874765,-0.0074626989599019256,1.0421382859568877
2025-08-05,55360.25,55360.25,55648.1484375,55202.8515625,55545.05078125,105700,-0.0046584786629316755,-1,1.0,-0.015327629753477234,-0.024592113609133825,-0.033115146374788296,-0.003327043159574931,-0.0013358800338854635,0.008066555665079009,11.568360171858329,56044.56780135127,-0.006847987438549541,-0.0206127692426629,-0.01884941724820375,-0.039358172342059544,0.16052172537340909,-0.0030987416278366207,0.01778751662131106,0.00250654435165111,0.00554379347241017,0.005852042338962827,0.8072707832130447,-1.0002080570394583,35.7492829456622,-0.5393015037769627,1,11.710000038146973,-0.021720987726124186,0.015611475225021154,1.0216812904287365
2025-08-06,55411.1484375,55411.1484375,55559.3984375,55227.69921875,55329.80078125,117600,0.0009194040399023162,1,1.0,-0.013170820515856496,-0.03145056201831575,-0.03150306735272024,0.0014702322275045468,-0.0005500195311617993,0.0060060300074457375,11.675044314446664,56019.72782629828,-0.003290130604527148,-0.018146919116311895,-0.01794530651318011,-0.03847495436481173,0.16158871373611175,-0.0026717754390560016,0.01833224683686374,0.0030383501408685174,0.005571058779002388,0.005851172257579944,0.8891577196431272,-0.6192028347191317,36.684716829007435,0.44932799569332477,2,11.960000038146973,0.02134927405513154,0.06690454928169443,1.0434024067960983
2025-08-07,55521.1484375,55521.1484375,55614.80078125,54973.55078125,55215.6484375,95500,0.001985160082434989,1,-1.0,-0.007876794632848627,-0.02707217903814718,-0.025192281102956682,0.0055328518027965064,-0.0035281708737820274,0.011664700403866092,11.466881526468821,56000.17569340423,0.00027471741742767067,-0.014945546451496327,-0.015987084942558002,-0.03656617322595536,0.16389465328282757,-0.0015910183913520335,0.017315486470108055,0.0036114757624253688,0.0055817162697559914,0.005848588756191199,0.7238412854814871,-1.5085296694734773,38.75984218627998,0.5813295321216,3,11.6899995803833,-0.02257528903867001,0.012998233884412125,1.0197583333444948
2025-08-08,55004.8984375,55004.8984375,55652.6015625,54905.6015625,55609.3515625,97300,-0.009298258673109738,-1,1.0,-0.011016352877271762,-0.02695966208655165,-0.030830940967649823,-0.01086963088070984,0.001588640139518908,0.01360516921301148,11.485554268174097,55961.14521278053,-0.006833477451908361,-0.022587653654903766,-0.024879254619485994,-0.045524430161724465,0.15307245972835443,-0.002207098167970086,0.01981458809037806,0.004725140972108474,0.0058498937565671875,0.005969916799848706,0.7369816322666162,-1.4461102491987867,33.251737453711044,-1.3250937697885041,4,12.029999732971191,0.029084701864184437,0.0041736387850921375,1.0484573650830415
2025-08-11,55510.75,55510.75,55582.1484375,54927.55078125,54999.3515625,105200,0.009196482074678825,1,-1.0,-0.0019525859156765968,-0.0102371307338609,-0.022101537786102687,0.009298263033498833,-0.00010084329137163495,0.011917473962328074,11.563618579285746,55943.48265541659,0.002693398172905684,-0.012498144710064706,-0.01577455368309356,-0.03674661269298787,0.1636766699350521,-0.0003948796037625891,0.02014895187042609,0.0070158559982962995,0.0063163657585318875,0.006103200632321173,0.8022267129294238,-1.05062756350171,41.95588244625391,1.6295177149883608,0,12.220000267028809,0.01579389345594695,0.020885546735418314,1.0639039094162501
2025-08-12,55043.69921875,55043.69921875,55566.69921875,55001.5,55441.1015625,74700,-0.008413699711317224,-1,1.0,-0.005718015746858041,-0.020958001872042997,-0.03443368927226276,-0.0071680095191110045,-0.0012546837774665268,0.010276069175386126,11.221235371120908,55908.19703044927,-0.0046046542913020655,-0.01909404412158908,-0.02386298778848781,-0.04485113743969817,0.15388584387315302,-0.0011405026278694028,0.028715673525404717,0.007756672139273942,0.006386721704412867,0.0061709342154611345,0.5806902985074627,-1.9461541313243746,37.14021728834099,-1.0462079896019782,1,12.229999542236328,0.0008182712756970023,0.04440644768534452,1.061309461420011
2025-08-13,55181.44921875,55181.44921875,55340.05078125,55026.94921875,55340.05078125,80100,0.0025025570947287967,1,1.0,-0.0041453610911725836,-0.01726158380012377,-0.03476537573561256,-0.002865945373395582,0.005383932524634014,0.005689967678479131,11.291031133056451,55879.697116264986,-0.001283923554323657,-0.014894736554173962,-0.02124817478242892,-0.042460822877175765,0.1567735090782449,-0.0008346067652071913,0.030620014644439975,0.00789290982803792,0.006374161427334445,0.006178802048660081,0.6429603467651308,-1.5545390940861445,39.35126128038664,0.6668214988413185,2,12.140000343322754,-0.007358888166983268,0.015050192692446673,1.0494014219066843
2025-08-14,55341.8515625,55341.8515625,55472.80078125,55074.30078125,55102.55078125,74200,0.0029068164395997798,1,1.0,-0.003229343773424209,-0.011080701528570769,-0.026165416097265304,0.004342825837591315,-0.0014298000254982656,0.00723567969719316,11.214519429155471,55858.6051337644,0.002269644175562377,-0.01071818318502297,-0.018257200734517334,-0.03967743225555434,0.160136037331327,-0.0006498447486916565,0.022936072323841095,0.007985029014615822,0.006375254197761273,0.006189712124935076,0.6091954022988506,-1.5502994192404886,41.913409100641196,0.6607293940478428,3,12.359999656677246,0.01812185396481447,0.05731395212522128,1.0632715100731578
2025-08-18,55734.8984375,55734.8984375,56156.30078125,55647.6484375,55940.6015625,101700,0.007102163442365361,1,1.0,0.01327154527572616,0.0021089883724703107,-0.009738314633192968,-0.0036771704138750965,0.010819117595366414,0.009140590088389572,11.52978258203665,55853.75389077364,0.006726006779348389,-0.003203822888420342,-0.010988724279377204,-0.03285706442204127,0.1683755130838322,0.0026381480900601194,0.023009859908919128,0.0068041664998999985,0.00632265233099953,0.005911196515769189,0.8487377425412059,-0.5911505016800346,47.739464205343666,1.1972137816728419,0,12.34000015258789,-0.0016180829000712604,0.025768946508541113,1.0572309950967682
2025-08-19,55865.1484375,55865.1484375,55965.55078125,55608.1484375,55622.30078125,89300,0.0023369559046753086,1,-1.0,0.006384320829749157,0.004419268979139357,-0.019096559209168973,0.004366012423777025,-0.0020202361430023013,0.0064271577779953844,11.39975676686459,55854.2007357433,0.007788427003999284,9.830719595952426e-05,-0.00833449903238146,-0.03059689402807725,0.17110595513801163,0.0012717290151607152,0.02548088003891813,0.005777025274182174,0.005671979441875944,0.0058813695019150035,0.759321457421028,-0.907048484788825,49.5454611381476,0.5796205874779862,1,11.789999961853027,-0.044570517336624205,-0.035188240243822166,1.0075631308213002
2025-08-20,55698.5,55698.5,55812.6015625,55577.3515625,55751.5,69100,-0.002983048325494786,-1,1.0,0.01189601699274867,0.006109979633401208,-0.018632391289026717,-0.000950647067791898,-0.0020343351924884965,0.004232839338079065,11.143310009755762,55848.094824537686,0.0024139654581082763,-0.0019403023666435854,-0.01096592485254447,-0.0334886703400762,0.16761248947956026,0.0023442192478287127,0.030528408281775388,0.00357634186500106,0.005661997532570131,0.005873814909506408,0.6039153994056983,-1.3823833354054795,47.29354003339076,-0.3637861247640826,2,11.789999961853027,0.0,-0.03597707251449689,1.0031054560053774
2025-08-21,55755.44921875,55755.44921875,55993.6484375,55708.19921875,55972.05078125,70300,0.0010224551603723597,1,-1.0,0.0104020464871184,0.006213565157169532,-0.025432416977476557,-0.003869816443684051,0.004911277345889028,0.0051240072871342225,11.160527077798756,55844.4616635264,0.0013699860853202287,0.0003842748625829605,-0.009706985491795009,-0.03250045584350706,0.16880632089474384,0.0020610967979389555,0.03583446346459496,0.0036232072886882337,0.005286784636105486,0.005864102598964709,0.6308044326797972,-1.2104229084863605,48.16066153411059,0.43487801161049255,3,11.369999885559082,-0.03562341625554455,-0.06342672454595011,0.9638860569552237
2025-08-22,55149.3984375,55149.3984375,55745.0,55102.6015625,55669.25,77100,-0.010869803575113024,-1,-1.0,-0.003477533179074288,-0.006695646802379773,-0.033586560091516726,-0.009338217462962048,-0.001546023213117832,0.011658223373924751,11.25285855955142,55817.204282113606,-0.008829519668114948,-0.008785348586226155,-0.020146472987835607,-0.0430169858474995,0.1561016257692675,-0.0006903473210122488,0.030109026912442438,0.006755104334430994,0.005707520855527899,0.005988141620121176,0.7252375129338726,-0.9507628693199752,40.5205845139719,-1.610864296054005,4,11.729999542236328,0.03166223925248035,-0.05097088446119602,0.9901658398309349
2025-08-25,55139.30078125,55139.30078125,55306.0,55048.3984375,55147.75,79900,-0.00018309639880198514,-1,-1.0,-0.010686260726174845,0.0024434613564956464,-0.02458207562254866,-0.00015321057976073368,-2.9890398566507482e-05,0.00467954690439308,11.288531131754366,55790.61983109935,-0.006884867753230267,-0.007727706407892057,-0.02019077282717853,-0.04319220599110546,0.15588994772494005,-0.0021599425311048903,0.013895814896373815,0.005287150353327371,0.005413991935547201,0.005825230049620594,0.7679000480538203,-0.7808074247544413,40.40557260583042,0.19362066499742978,0,11.760000228881836,0.0025576033943977006,-0.0470016139817,0.9906912331982688
2025-08-26,54450.44921875,54450.44921875,55068.8984375,54396.1015625,54999.05078125,123800,-0.012492932495332676,-1,-1.0,-0.025323466567581332,-0.019100818872921033,-0.02914241202685608,-0.009974746013017129,-0.0025435578255952732,0.012368475969311335,11.726422639232633,55738.06412081114,-0.01426846505557781,-0.018680914561820642,-0.03191729672802661,-0.05514554117266674,0.14144949263597878,-0.0051313643760642616,0.0038189454592747474,0.006243357383810781,0.005803898041326699,0.00597780927360369,1.2024670972755087,0.7008547842662999,33.43380819475138,-1.9049412451017342,1,12.1899995803833,0.036564569994260054,0.033927024582229626,1.0263534293358259
2025-08-28,53820.3515625,53820.3515625,54382.25,53768.44921875,54256.0,134300,-0.01157194596721578,-1,-1.0,-0.03371991054516732,-0.02222502618125788,-0.042717235912987817,-0.008029497889634326,-0.0035711223973344457,0.011415631102783543,11.80783138251133,55662.85970675973,-0.019004401404652555,-0.027932983005422837,-0.04247509830357146,-0.06607934591709952,0.1282407007828894,-0.006898559936410021,0.008997325367820497,0.006684506639940074,0.0061472095385829584,0.006161289385431027,1.311331347947078,1.0984896186875506,28.576674812352934,-1.5346356019880263,3,12.18000030517578,-0.0008202851149898827,0.03307890963397897,1.0227129917628706
2025-08-29,53655.6484375,53655.6484375,54086.0,53606.44921875,53660.3515625,103900,-0.0030602387427501876,-1,1.0,-0.03766090688305057,-0.0276506109000767,-0.044434901363024304,-8.764618313247749e-05,-0.002972853118846626,0.008945766567994713,11.551184177087318,55584.145539337784,-0.014462480404186242,-0.028719253760086935,-0.044666652415329564,-0.06893736608537865,0.12478801487920595,-0.007802999126869609,0.006773994479973733,0.00564945117144358,0.006146275300663051,0.006157255321362884,1.0325465838509318,0.11832300681290242,27.453939172862732,-0.1318119837535077,4,11.75,-0.035303800854015965,0.03342129448246989,0.9843756603249915
2025-09-01,54002.44921875,54002.44921875,54035.8515625,53658.1484375,53658.1484375,78000,0.006463453361372773,1,-1.0,-0.020797130181752,-0.024202340650589793,-0.03501486326611858,0.006416560974910177,4.6593416961721903e-05,0.007039063702318046,11.26446410567173,55522.11823264806,-0.0038955256575407735,-0.0207045919157433,-0.03795233131935636,-0.0629194861745545,0.13205802975480885,-0.004275222654651114,0.01421773308436658,0.008001857886795936,0.006438795602330625,0.006216877624184889,0.8177386381506526,-0.8599170199764569,33.388366440686056,1.280301230966211,0,11.289999961853027,-0.03914893941676367,-0.037510622127391424,0.9468299252492967
2025-09-02,53661.0,53661.0,54160.94921875,53578.0,54038.25,77500,-0.006322846902126145,-1,1.0,-0.02681029248293787,-0.037210051433495095,-0.03517953862683698,-0.00698116611844388,0.0006629473619794589,0.010880384089551682,11.258033215341438,55449.13320391677,-0.004766122339698485,-0.025167097442316294,-0.04315158969536512,-0.06884450279843854,0.12490020014834659,-0.005474939757868331,0.008369246143899112,0.00769653337563179,0.006445030078676791,0.0059935044721057705,0.8217144674760113,-0.8168881918168343,30.723551062611946,-0.7081642311674916,1,11.399999618530272,0.009743105141622133,-0.030612296202803257,0.9583858497275688
2025-09-03,54067.55078125,54067.55078125,54136.1484375,53561.75,53630.75,100100,0.007576280375878097,1,1.0,-0.007032052866299376,-0.03217744347821949,-0.027900375276871503,0.008144595800916452,-0.0005637241199381301,0.010724041643523597,11.513924965303312,55394.953501067095,0.004200313908070714,-0.016395059599310004,-0.03521692331734776,-0.061789807678099246,0.13342275945955198,-0.0014271013864818295,0.020868322410572127,0.008270710128386446,0.00676792145382732,0.006100523713177063,1.0790707702258395,0.39110987943110537,37.15509698521771,1.3278022783797039,2,10.93000030517578,-0.041228011322958835,-0.10336335673343,0.9229080777696727
2025-09-04,54075.44921875,54075.44921875,54450.55078125,53971.8515625,54379.6015625,120000,0.00014608461796172811,1,1.0,0.0047397991437079234,-0.02913993700458717,-0.02320800179280258,-0.005593132994923275,0.0057714983708530695,0.0088694236883028,11.695247021764184,55343.20823509388,0.003396204681325676,-0.015100352928690752,-0.03425347876891526,-0.06165274960058619,0.13358833509035664,0.0009436257147363327,0.027947800936510503,0.005992741318338836,0.006731605165153776,0.005995413891145991,1.2836970474967908,1.357913196311614,37.276930879770156,0.19322823482664903,3,10.850000381469728,-0.007319297481461873,-0.10919539329903627,0.9194915614673307
2025-09-05,54114.55078125,54114.55078125,54308.05078125,53719.55078125,54308.05078125,79900,0.0007230926985335451,1,1.0,0.008552731298822058,-0.02943027920126917,-0.023399581001510406,-0.003563007642815389,0.004301426356331558,0.010955043209434414,11.288531131754366,55295.02558984511,0.002414609853438653,-0.013223017773653157,-0.03268910300395201,-0.06097423755513334,0.1344080245386033,0.0016972668757446378,0.031952312300332464,0.005584503604981777,0.006728537406327853,0.0059764670405743426,0.8723183579889732,-0.61916816642407,37.918579583672326,0.28071441160220206,4,10.779999732971191,-0.0064516724458451025,-0.08255321421521777,0.9181500545747258
2025-09-08,54186.8984375,54186.8984375,54518.69921875,54067.1484375,54215.3984375,76300,0.0013369353566743403,1,1.0,0.0034155713568257973,-0.017452592907079234,-0.02403138331156751,-0.0005256809102464692,0.0018635959237222834,0.008351666294588833,11.242428217272549,55251.56962308648,0.0030693307785826414,-0.01070027747091524,-0.030349041871883305,-0.05971882081249275,0.135924654735504,0.0006816991588662466,0.02744695466839331,0.004929613070551651,0.006714045815083923,0.005764609286285782,0.8418381419981243,-0.7479695706317427,39.158755090920174,0.3777767668047732,0,10.84000015258789,0.0055659017720737225,-0.03985826490572264,0.9266145389922362
2025-09-09,54216.1015625,54216.1015625,54350.6484375,54079.44921875,54330.55078125,93800,0.0005389333186081036,1,1.0,0.010344599662697407,-0.01674303456281645,-0.014340484164265477,-0.0021065352201343327,0.0026510530754162063,0.0050148295270724015,11.448920134994315,55210.96303247524,0.0015516004457902222,-0.009453858080040978,-0.02870442362657595,-0.05921207195616853,0.1365368423793693,0.002048840507600737,0.024685083826962884,0.0030985657367031652,0.0064427221013162875,0.005720368351366108,1.0369223966393986,0.17471291921814935,39.682541330295294,0.19305549451318646,1,10.6899995803833,-0.013837690968000582,-0.0622807071846645,0.9190559789320746
2025-09-10,54536.0,54536.0,54705.19921875,54400.0,54554.75,116900,0.005900432312183623,1,1.0,0.008664147200698746,0.0015711675932426061,-0.01755966186729596,-0.00034369142925226494,0.006246270531082138,0.005610279756433824,11.66907414746016,55184.493893946805,0.005720524178527511,-0.002721180417551515,-0.02200032448828079,-0.05366101646662649,0.1432429010881316,0.0017280815302074186,0.026223809067994708,0.0023635498783879634,0.006216324631134385,0.005803510980641022,1.2839804492284035,1.308446500035885,45.24361020743539,1.0914741661702982,2,10.539999961853027,-0.014031770291696777,-0.03568164066180968,0.9127516790717555
2025-09-11,54669.6015625,54669.6015625,54757.44921875,54402.3984375,54413.05078125,96900,0.002449786608845539,1,1.0,0.010987469403101802,0.015779346944878148,-0.006796375635352847,0.004714875890370108,-0.0022544597834457973,0.006526381031856506,11.481434797878858,55164.302037811634,0.005979819734662984,6.40107598672247e-05,-0.018622455363854106,-0.051342687897337945,0.14604360223787502,0.00217893627603782,0.01778384503845465,0.0021973338323352585,0.005991986988582913,0.005802163891064322,1.0514893386142912,0.2444101295903017,47.42377219974511,0.46412058333470263,3,10.359999656677246,-0.017077827877348017,-0.045161355535925596,0.9044874893711294
2025-09-12,54809.30078125,54809.30078125,54852.25,54580.3515625,54781.55078125,80100,0.00255533632507432,1,1.0,0.012838506279178485,0.021501041872484583,-0.006744085970354474,0.0005065574012464421,0.002047741625151889,0.004981617554966624,11.291031133056451,55150.38041990726,0.005978320618756397,0.0029609016773106136,-0.015340546559804458,-0.04891854940767457,0.14897212908479257,0.0025416318397920843,0.01958259224953296,0.002039535595911778,0.005993311883497178,0.005732600288904602,0.8691877814551571,-0.6209408034164567,49.67989442956095,0.481233916723644,4,10.119999885559082,-0.02316600184088602,-0.06122447715777446,0.8913943408673367
2025-09-15,54887.8515625,54887.8515625,55018.69921875,54807.5,54884.05078125,72000,0.0014331651769012854,1,1.0,0.012935841415771199,0.016395596062013018,-0.008203556389638988,6.925110657645661e-05,0.0013638196243067494,0.0038534729507822833,11.184421397998193,55140.08517059717,0.004834533820390412,0.004815700287776395,-0.013254285343066594,-0.04755549259228882,0.15061879592942712,0.0025577889701516032,0.021139397805410187,0.0020256254418281336,0.005960390013198276,0.005725867480170975,0.7822260850670868,-1.0265231707808933,50.95432200092501,0.3075214967222602,0,10.399999618530272,0.02766795811635725,-0.04059045460000066,0.9240337351424656
2025-09-16,55147.6015625,55147.6015625,55185.44921875,54777.75,54778.3984375,98700,0.004732376884969192,1,1.0,0.01718124271488186,0.027703575455172214,-0.010537327445901523,0.006739940113825092,-0.001994122959528983,0.00744278870070421,11.499840225421574,55140.37993106395,0.006158183377880923,0.010113877362717993,-0.007912494930987037,-0.04304816622121662,0.1560639577226947,0.003394193700364798,0.027718570160783385,0.0018310629448377144,0.005826372390292302,0.005735122902141057,1.0740519070678491,0.3496841482091597,55.01184961358911,0.902981604857648,1,10.270000457763672,-0.012499919762975042,-0.03928897465911496,0.920952384340595
2025-09-17,55493.30078125,55493.30078125,55540.75,55146.55078125,55158.3515625,155300,0.006268617473023097,1,1.0,0.01755355693945293,0.02636979074137069,-0.006656165187961638,0.006072502336667342,0.0001949314148833252,0.007148211686233493,11.953114009136778,55154.21996440458,0.008941015278551904,0.016792161741833865,-0.0011702680405019986,-0.0370494012351495,0.16331088044800737,0.0034717766652647055,0.024209722127414568,0.0019577126279825274,0.005991083191537476,0.0058165797942808205,1.6313882031619307,2.4990021035064656,59.78078910530831,1.1021482958799016,2,10.25,-0.0019474641550334404,-0.027514227979374972,0.9255496911576797
2025-09-18,55727.44921875,55727.44921875,55835.25,55490.8984375,55797.1015625,134300,0.004219400075389235,1,-1.0,0.019349832923889698,0.03054990802419799,0.0005197486242896066,-0.001248314729609751,0.00547454876486006,0.006205550318992346,11.80783138251133,55176.69954300636,0.009315695554535245,0.021055334721677383,0.0035965327781483872,-0.032986327406125046,0.16821935446467073,0.0038125238230825825,0.01883008429960009,0.0018823953863524017,0.006039293931645544,0.005794729549607882,1.3640749581026865,1.4490223845652022,62.6674074893656,0.6933833586624232,3,9.890000343322754,-0.035121917724609375,-0.045366730591691384,0.9007696506582695
2025-09-19,55458.8515625,55458.8515625,55688.75,55355.30078125,55647.94921875,190000,-0.004819844798488071,-1,-1.0,0.01185110504953224,0.024841761815304286,-0.005319617372040786,-0.0033981064694165856,-0.0014265860202560916,0.00602379923952913,12.154779351142624,55187.764328084544,0.0020931391884481724,0.016410183053388712,-0.0006090235267131174,-0.037647183226043476,0.1625887184855611,0.0023311699722708746,0.017170722421573026,0.004379012077536388,0.006129644944980165,0.005826392275241579,1.8192263500574493,2.742098013817665,57.56354464734811,-0.7476504800205107,4,9.970000267028809,0.008088970771377824,-0.01482209686032887,0.913882422311089
2025-09-22,55284.75,55284.75,55666.3515625,55215.6015625,55429.30078125,118600,-0.0031392926033420032,-1,1.0,0.007231079851031552,0.020260461369020488,0.002454270877558118,-0.0026078406043847664,-0.0005328415648257231,0.008163453575522204,11.683511765545763,55191.56768776751,-0.002483484083739847,0.013093718718743297,-0.0031459671003521306,-0.040668290305547326,0.1589390123208905,0.0014313258436399322,0.004776808973473434,0.005047672507909078,0.005644917493867877,0.005810954528000404,1.1134581983758156,0.39411290391621406,54.467010060279435,-0.5818057658893461,0,10.5600004196167,0.05917754631753058,0.01538469297646361,0.9731822318074211
2025-09-23,55509.75,55509.75,55662.0,55159.0,55248.69921875,171200,0.004069838427414485,1,-1.0,0.0065668937041545306,0.023860963813650216,0.006718424308999715,0.004725012261671602,-0.000652092688309163,0.009119092079261771,12.050587742689778,55204.04542550211,0.000269028486188956,0.01687169547912472,0.0013606388323155196,-0.03676396524879566,0.16365570684826378,0.0013101205576583055,-0.00015153060484518477,0.0049481464039214775,0.005712213663626121,0.005831745577525475,1.541231544832553,1.8116414453111507,57.638506322905435,0.6525954848878767,1,10.630000114440918,0.006628758716162864,0.03505351904878462,0.9847607668290684
2025-09-24,55121.5,55121.5,55511.1015625,55040.44921875,55387.1015625,172000,-0.006994266772954338,-1,-1.0,-0.006699921900764294,0.01073602757811365,0.012324063269967045,-0.004795368506515718,-0.002209493602475241,0.008551026571012582,12.05524975579559,55200.80834999222,-0.005394400468836379,0.009139164188846369,-0.005053060719364136,-0.04350109504116826,0.1555167884026963,-0.0013395873022306367,-0.01902398517073134,0.005188456115500622,0.005160155521065294,0.0059044263003657175,1.5155520310159485,1.6341482246134607,51.03304510037952,-1.4783930580127451,2,10.520000457763672,-0.010348039086830352,0.026341508074504638,0.982167901952843
2025-09-25,54976.19921875,54976.19921875,55276.6484375,54903.30078125,55061.6484375,158400,-0.0026360092023983706,-1,-1.0,-0.013480789279464056,0.0056081926241859925,0.021476033186214938,-0.0015518826837702228,-0.0010858115708026813,0.006800094911187959,11.972878758362462,55192.00014876704,-0.005319519080329675,0.0054152980199153105,-0.006947847730103378,-0.04602243495672367,0.15247083551494103,-0.002725796649220359,-0.034956822465678994,0.0041567588160283135,0.004366944815885067,0.005869653768167186,1.3810541000043595,1.183465757139196,48.77998260109283,-0.8488483866954052,3,10.779999732971191,0.024714758925285185,0.08998982393861299,1.0130626538974448
2025-09-26,54389.3515625,54389.3515625,54897.0,54310.94921875,54797.8984375,127700,-0.010674576718462059,-1,1.0,-0.01928456810532242,-0.007662006498241336,0.013674294251697416,-0.007455520862099667,-0.003243235869044751,0.01079065620616469,11.75743904202063,55160.52373361932,-0.012114117198504052,-0.005983975221264588,-0.01656071425909665,-0.05620574166246974,0.14016869716544675,-0.003890774608642815,-0.032958862357019836,0.005521537366036324,0.005033923452986343,0.006013424394210189,1.1019545238814341,0.31978269438266116,40.92185348327701,-2.2599567232723055,4,11.43000030517578,0.060296900584934754,0.14643931785791908,1.075764729776877
2025-09-29,54461.0,54461.0,54686.05078125,54226.6015625,54460.3984375,218300,0.0013173247233453367,1,1.0,-0.014900130687033997,-0.007776794870791193,0.008491296003863225,1.1045870343573907e-05,0.0013062644241742516,0.008472764390747449,12.293625542538035,55133.09143034013,-0.0078438316386782,-0.005091422035035297,-0.014421287584481858,-0.05496245815221038,0.14167066957900717,-0.003029085570374601,-0.02339142669089722,0.006011695176090365,0.0048522425917416,0.005978675940937727,1.776240846216436,2.25500971601521,42.14722490726003,0.1822433458768763,0,11.369999885559082,-0.005249380403737014,0.0767044918329447,1.069714915667677
2025-09-30,54635.8515625,54635.8515625,54793.05078125,54502.94921875,54705.5,206900,0.003210583031894476,1,1.0,-0.01574315210390964,-0.009279642006189914,0.018166854186466797,-0.001273152379559642,0.004489451166890068,0.005322676417668052,12.239990863733635,55113.59182767973,-0.0014790509521338386,-0.0027851482899025476,-0.010667197039139296,-0.05192833665585069,0.14533609805876904,-0.0032092632801453986,-0.03391000629037644,0.005767423889443487,0.00461548298994993,0.00586793799389385,1.5992888614052716,1.7299067699357669,45.13784486822845,0.4988590948594715,1,11.06999969482422,-0.026385241315251773,0.041392246062684546,1.043109507192922
2025-10-01,55347.94921875,55347.94921875,55406.75,54582.55078125,54653.8984375,173000,0.01303352351771081,1,1.0,0.004108183172627733,-0.0026192632345471978,0.023681458083431917,0.012699016924541779,0.00033031195604877695,0.015100049502141001,12.061046873479915,55122.78231360405,0.010698625945050642,0.009033026777941882,0.0028101154155930957,-0.03957162233517953,0.16026386302850112,0.0008289400174936111,-0.019573274910804184,0.00863818512995579,0.005151820767777942,0.00591824697295286,1.3006051949028306,0.8831822949756839,55.27739803237745,2.2987894487806084,2,10.289999961853027,-0.07046068242765013,-0.021863164059171325,0.9725438242212887
2025-10-03,55589.25,55589.25,55616.44921875,55177.0,55182.6015625,156900,0.004359705908818956,1,1.0,0.011151203429154322,-0.0024799128739504406,0.02799423404004031,0.007369142193113687,-0.0029874215501011886,0.007964355052829983,11.963363938721123,55141.075164050955,0.012837271260988168,0.012035622270733454,0.007608079486785867,-0.03538443706207674,0.16532227224793566,0.0022152610526798154,-0.01684303061088599,0.008502894188608555,0.005193433645286652,0.005943467290022658,1.163428740916506,0.48474782741416367,58.10313257367634,0.5706994723965173,4,10.0600004196167,-0.022351753458598633,-0.0667902904628408,0.9543686925976059
2025-10-06,56104.8515625,56104.8515625,56164.19921875,55727.25,55834.69921875,162600,0.009275202714553732,1,1.0,0.031541100430820146,0.011648275826122712,0.03677940133505864,0.004838431074762187,0.004415407992552517,0.00784085377889632,11.999048476095847,55178.870316931316,0.01588097668068116,0.01957526176825106,0.017361607418479308,-0.026437432174214237,0.17613087255081952,0.006172056647643309,-0.005238300904238491,0.004769342236129559,0.005477531263405068,0.00598222367388874,1.1698262527429044,0.5372039610773917,63.42141480936359,1.3595890854397832,0,10.1899995803833,0.0129223812469339,-0.10848649970997604,0.9694144086330356
2025-10-07,56239.3515625,56239.3515625,56502.44921875,56025.05078125,56126.3984375,153700,0.0023972971365973095,1,-1.0,0.03265367074603853,0.017266996097477172,0.03787729477388946,0.0020124776957812437,0.00038404655568863045,0.008521160281746175,11.942757929526687,55220.45781675754,0.011800288971465837,0.020117041553489385,0.020106368038451006,-0.02410351341806713,0.17895040772384932,0.006339386035159311,-0.005223624027850926,0.004510106695750945,0.005477864987638464,0.005986833991998452,1.0758408287544186,0.26129268577550213,64.68089757666453,0.09529312143753674,1,10.050000190734863,-0.013738900433121648,-0.11609496113546458,0.9597020784098599
2025-10-08,56018.25,56018.25,56303.6015625,55821.0,56098.5,133600,-0.003931438687629352,-1,1.0,0.025302038825525175,0.00916055287584605,0.03324009631017999,-0.0014305195326078238,-0.0025045018939001927,0.008645519831246305,11.802605540084683,55251.74378472783,0.0028342235645741165,0.01444845393362971,0.016284148576841587,-0.027940190620536886,0.1743154364801274,0.004916125094236512,-0.007938057484654815,0.006485089581088222,0.005624221126697218,0.005864026780977842,0.9223016119567844,-0.2819792585604208,60.96470659634962,-0.9918348949505326,2,10.3100004196167,0.025870669049492312,-0.06865395629259674,0.986319750491868
2025-10-09,56192.05078125,56192.05078125,56286.25,55843.8984375,55979.0,118000,0.0031025742726700223,1,1.0,0.015250819125454562,0.019421655456582254,0.030366194463290253,0.0038059054511513247,-0.0007006645155819755,0.007921215654295268,11.678439903447801,55288.61856890517,0.0029145750658901215,0.016072263558422954,0.019397612269506634,-0.024924302864459593,0.17795883734134996,0.003013666305177331,-0.01511537533783569,0.004722062376982513,0.0055474545760699386,0.005774582643376455,0.8142985301221448,-0.6748678499239839,62.775207987219964,0.28659145773779243,3,10.119999885559082,-0.018428761040213515,-0.016520901547538158,0.970092007539183
2025-10-10,56609.75,56609.75,56760.25,56152.44921875,56168.6015625,163000,0.007433421862036438,1,1.0,0.01835786595429867,0.02971378168123473,0.03548861491668198,0.007854004287593393,-0.00041730491099684986,0.010824118799915993,12.0015054797889,55340.42764463439,0.006702473972307811,0.021832759139093667,0.02683076417022916,-0.01767615386023194,0.18671510231542207,0.0036321863530937248,-0.017130748962383313,0.005117305798956978,0.005700910610096608,0.005858813569838513,1.0997537361265728,0.3850488143659294,66.76486436528559,0.9941996489674231,4,10.100000381469728,-0.0019762356042999363,0.0039761391833572635,0.9693828854472905
2025-10-13,56625.0,56625.0,56770.8984375,56327.3984375,56337.05078125,123500,0.0002693882237601031,1,-1.0,0.009271006392745917,0.04110452456729452,0.03312757493471152,0.005111187304924289,-0.004817177584250063,0.007873610575004642,11.72399643505017,55390.803031119314,0.005114225865058646,0.020435828945037517,0.026930681892769183,-0.017411527384163218,0.18703478938894402,0.0018376637858319202,-0.023856568541965606,0.004145320740921647,0.005706721824499545,0.005855315114417792,0.8212255211623499,-0.7581860715436475,66.90432937525321,-0.24106437945627576,0,11.010000228881836,0.09009899139030386,0.08047111700348974,1.052229187599735
2025-10-14,56496.44921875,56496.44921875,56721.30078125,56230.1484375,56598.6484375,129800,-0.002270212472406219,-1,1.0,0.004571490408531442,0.037374437097188906,0.029306988895681396,-0.0018056830255029003,-0.00046536975717439294,0.008734679836314456,11.773750083252127,55434.16170514405,0.0019179372094919884,0.016645673952445563,0.024400730476490527,-0.01964221198993823,0.1843399682048932,0.0009080711920530059,-0.024735498487149954,0.004501073358822994,0.005773212523019064,0.00584386431463551,0.8468439080084815,-0.7626269597472778,64.4491971953214,-0.6456907986326657,1,11.15999984741211,0.013623943270844707,0.1104477249364193,1.0627053001551725
2025-10-15,56799.8984375,56799.8984375,56922.69921875,56491.8515625,56528.94921875,123700,0.005371120184475053,1,1.0,0.013953460479397384,0.039608550303722456,0.029961355130329936,0.004793105523711544,0.0005752573913833495,0.007626722161395787,11.72561455838058,55487.7200083737,0.004514464970604162,0.02058894912749303,0.029461527138391234,-0.014376592486750035,0.1907012005133991,0.002767071022369873,-0.016007894650932553,0.003872129205442878,0.005793910458254405,0.005815080149666365,0.8005177155800033,-1.0666483805038927,67.48261516022436,0.6686587005109629,2,10.529999732971191,-0.05645162392963732,0.021338438836132623,1.0014741204406616
2025-10-16,57422.55078125,57422.55078125,57525.80078125,56994.69921875,57139.94921875,148600,0.010962208751748692,1,1.0,0.021898115176294475,0.037482898495491135,0.03476545768299033,0.0049457790278761155,0.0059868202339160214,0.009318437850888409,11.909013411265796,55563.595724957086,0.011125426583294367,0.02999162276332337,0.04006687367338641,-0.003571982942979908,0.20375391563438477,0.00433275422615065,-0.012867342506695856,0.005333849586271846,0.006081954395007327,0.0060005051444631695,0.9637460276282509,-0.19323641513290726,72.64113600134573,1.516139748094633,3,10.869999885559082,0.03228871426494839,0.0741106727748313,1.0307713996606347
2025-10-17,57713.3515625,57713.3515625,57830.19921875,57238.6484375,57362.8984375,147200,0.00506422611488988,1,1.0,0.019494902600700303,0.03821065336373497,0.03563598139858559,0.00610940406684362,-0.0010388313117131343,0.010334813930764384,11.899547485276912,55647.899875448966,0.012311589382483746,0.03336724182763293,0.04444371135521096,-0.002020530066099358,0.20984999764984144,0.0038437914982360076,-0.01614107879788529,0.005093165357241969,0.006103030407770553,0.0059824833764887415,0.950689443601253,-0.2669257014493253,74.66277346969204,0.5389861910823713,4,11.630000114440918,0.0699172251042528,0.1514851163548716,1.093816132705325
2025-10-20,58033.19921875,58033.19921875,58261.55078125,57872.8515625,57872.8515625,341700,0.005542004537782308,1,-1.0,0.024868860375276025,0.0343704261315414,0.04641905816150582,0.0027706887067216993,0.002763658593406611,0.006716434532869403,12.741688438103383,55741.441026166656,0.012917951833605588,0.036704867497329915,0.04923626668601824,-0.003919421289649042,0.21655499182685276,0.0048799772691247075,-0.021550197786229797,0.0046931641081821894,0.005952704436857185,0.006019218193124275,2.1038049501292946,3.56404409495695,76.70195972979187,0.5458486958178186,0,11.359999656677246,-0.023215860284335976,0.031789229838277366,1.0614837981766374
2025-10-21,58007.19921875,58007.19921875,58155.55078125,57887.19921875,58063.3984375,39000,-0.0004480194156106787,-1,1.0,0.026740618585612053,0.03143435347552592,0.04924412643179177,-0.0009678940651483461,0.0005203783206258756,0.004635766907393913,10.571316925111784,55830.294288620906,0.0071526635902133965,0.033726699505993496,0.04782424418371628,-0.004365684728423957,0.2160099515703563,0.0052065025548751675,-0.022503507846179716,0.004016948360013064,0.005853370498036337,0.006020313137379899,0.24614996213077506,-2.1067170215930897,76.1653357921725,-0.4897401117464168,1,11.300000190734863,-0.005281643288353122,0.012544833802593525,1.0522395152815986
2025-10-23,58078.05078125,58078.05078125,58577.5,57951.44921875,58314.55078125,291600,0.0012214270548180917,1,-1.0,0.022502722344766468,0.036770173671080375,0.04626756166709445,-0.004055591560452222,0.005298507196338708,0.010803022007039703,12.58313827911664,55918.44160205734,0.00392700174643543,0.032626217064378404,0.0479406094054495,-0.008526297959967564,0.21749521902413227,0.00440687487403068,-0.02376483932232798,0.004403879606633169,0.005845480858483363,0.005836982657664627,1.7730755198832542,1.9853922754954232,76.64485598331478,-0.1808702325415784,3,11.729999542236328,0.0380530393135774,0.1139600987365399,1.0867147985934869
2025-10-24,57699.6015625,57699.6015625,58232.8984375,57482.05078125,58172.75,132100,-0.006516217635736843,-1,1.0,0.004824773150629014,0.02682854176507532,0.046771251916221335,-0.008133506452763535,0.0016305509134024317,0.013062297639786332,11.791314490510416,55988.29101227078,-0.003569196718852289,0.023551492648453118,0.040290277247471015,-0.0149869563825701,0.20956175520650197,0.0009540636351364722,-0.04194647876559232,0.004895369191731587,0.005806122574268636,0.00581620326547056,0.8130982057673961,-0.4714265115062004,68.69489185159946,-1.5167912915397643,4,11.59000015258789,-0.011935157298543775,0.06623737576900401,1.0684489663772678
2025-10-27,58114.25,58114.25,58224.55078125,57652.75,57796.44921875,153000,0.0071863310364606026,1,1.0,0.006946372488276786,0.026576693944064367,0.05708016970696206,0.005498621205035911,0.001678480502938915,0.00991801399326138,11.938193200374572,56071.66195296605,0.0022037876325896643,0.02804566797522,0.046607338763738,-0.007908326575903717,0.21825406638845812,0.001389605566221279,-0.05013379721868527,0.005400593112790004,0.005782091142486135,0.00572934767515982,0.9433089799315638,-0.14269057523341422,72.10848224658089,0.7582905198248047,0,11.859999656677246,0.02329590168547746,0.01977640068556319,1.0879236500667426
2025-10-28,58214.1015625,58214.1015625,58313.80078125,57770.3515625,58006.55078125,256100,0.001718194117621863,1,1.0,0.00311722162805661,0.028063603752759292,0.07032166940995599,0.0035780576237449476,-0.0018532325333287447,0.009407060958631327,12.453323272187617,56155.67919255562,0.0032997625657441372,0.026339935358491995,0.047261658274829046,-0.006203720498484913,0.22034726335909555,0.0006225748202892937,-0.06720444778189938,0.004917182257893736,0.004845721883978185,0.00572647461701625,1.518844705393945,1.3026114835900688,72.8755206794045,-0.34897360692867757,1,11.949999809265137,0.007588545969073435,0.05193663471997523,1.0935712515197045
2025-10-29,58385.25,58385.25,58469.8984375,58087.05078125,58316.25,151800,0.002939982459683854,1,-1.0,0.006517307960764329,0.03343220339276032,0.0720561502726722,0.0011832036524982315,0.001754702636616853,0.006590929494626364,11.930319143943667,56243.11334186717,0.004939894315073354,0.02580876447127562,0.04919171976579344,-0.003281976868251462,0.2239350629080944,0.0012988288785805667,-0.06553884231190787,0.004965617191024548,0.004822585872580371,0.005726692498856145,0.9183858672635973,-0.20374135169759217,74.1859220863877,-0.11492352645264559,2,11.970000267028809,0.0016736785006612465,0.05929204114910491,1.0924024903367313
2025-10-30,58031.1015625,58031.1015625,58331.19921875,57999.19921875,58152.05078125,223000,-0.00606571758277985,-1,-1.0,-0.0008083814473531792,0.021676150114154913,0.06214326130006498,-0.00207987881983687,-0.003994146102825628,0.005724216962855427,12.314927050442256,56313.230526990024,-0.0009943278981171097,0.016554453016847038,0.0419677224170238,-0.00932778690623533,0.21651101847683193,-0.00016082561520239504,-0.06295164274741816,0.00596795459623047,0.005276326427919061,0.005747415427595761,1.34260513561516,0.851376486295017,66.97557057662272,-1.719524673325855,3,12.06999969482422,0.008354170890944701,0.028985521385883395,1.0965250707007745
2025-10-31,57776.3515625,57776.3515625,58254.94921875,57656.94921875,57942.44921875,307900,-0.004389887373163703,-1,1.0,0.0013301651644312962,0.006161356060231382,0.04387520003952261,-0.002866597088827431,-0.0015276694972698502,0.010371689936822581,12.637530333912592,56370.60782250022,-0.005642609540858632,0.009943777715635012,0.036682099848710625,-0.013676726345439802,0.21117067211750595,0.0002645133314153353,-0.042545034875091314,0.005451145355716125,0.004974509295586554,0.005789648362180677,1.7814163388104605,1.825238565528547,62.28594125843203,-1.3146591004281485,4,12.149999618530272,0.006627997160626009,0.048317468383927586,1.094545259960919
2025-11-03,58101.44921875,58101.44921875,58247.55078125,57718.3984375,57726.8515625,27800,0.0056268290997627535,1,-1.0,-0.00022026923258922082,0.006724573183550353,0.04519217688222099,0.006489140601136522,-0.0008567519177193632,0.00916782790366211,10.232791299678729,56438.48395568648,-3.469135511440427e-06,0.013401442618669887,0.041617122236761186,-0.00812685384746703,0.217985722500156,-4.4311490441413335e-05,-0.04541244611481021,0.004985302045867978,0.0050117499205647635,0.005806385686331659,0.1670823692039547,-1.7155950434194376,65.59655390728453,0.6777194505240612,0,12.670000076293944,0.04279839292921506,0.0682968333106706,1.128127516387005
2025-11-04,57827.05078125,57827.05078125,58119.6484375,57732.94921875,57966.6484375,168600,-0.00472274687102725,-1,-1.0,-0.006648746108955272,-0.003552250096069076,0.030696083685944675,-0.0024082409456623157,-0.0023200932689730266,0.006698067983410957,12.035284324549892,56492.93755668898,-0.003398404556888564,0.007102812283440215,0.03592836637526401,-0.012811219644914856,0.21223348424026253,-0.0013323274598289858,-0.03734482979489995,0.005243695045269189,0.004954458781635926,0.0058596150207350295,1.0114887362390137,0.02370756702964534,60.74926811817067,-1.2592664118578398,1,12.649999618530272,-0.0015785680854961681,0.05857739083162228,1.1141447662415853
2025-11-06,57554.25,57554.25,57945.05078125,57521.0,57714.80078125,170400,-0.004717528865201159,-1,1.0,-0.014233046873996402,-0.0078085000629299905,0.023380398261504176,-0.0027817956412691746,-0.001941133059415789,0.007372103775142991,12.045903893377352,56534.5576525051,-0.005250620686742301,0.001205396857487742,0.030153740924214724,-0.017468311211642697,0.20651473778699572,-0.0028740874340748195,-0.03761344513550058,0.0047835085712290394,0.005140208797842931,0.00567038982671501,1.0171919770773639,0.03567849183890344,56.29538273586976,-1.1436890834421392,3,12.40999984741211,-0.01897231449450798,0.03675852719863948,1.0817642888503285
2025-11-07,57876.80078125,57876.80078125,58001.3515625,57157.8515625,57391.3984375,142400,0.005604291277359952,1,1.0,-0.0026589324878456555,-0.0034651645035058687,0.03317759446698165,0.008457754244803942,-0.0028295314855114957,0.01475737762952241,11.866395277960013,56587.19463794608,0.0008580794031072964,0.005191497184420074,0.03491284837418949,-0.01196191743843626,0.21327639780798172,-0.0005361924836133625,-0.03583652695482731,0.005599684881138396,0.00508439275017457,0.005707481382740634,0.8478209097404144,-0.3173181253840445,60.02703778628124,0.7776158403800909,4,12.5600004196167,0.01208707284842303,0.04059658137378386,1.084207388671355
2025-11-10,57937.55078125,57937.55078125,58097.19921875,57846.19921875,57846.19921875,123400,0.001049643366253239,1,1.0,0.002790055349473297,0.004123931748337251,0.031063112588559205,0.0015792146024070969,-0.0005287362481499461,0.004339092341241359,11.723186390453424,56640.14978082074,0.0013503500091777117,0.0047236568497657245,0.03470877452935207,-0.010924829819469933,0.21454990533037252,0.0005570426028186064,-0.028273057239085908,0.005172901318173266,0.005073933381848414,0.005362639313590512,0.7335195862806871,-0.5577072234239591,60.70751953800694,-0.09709374865196811,0,12.300000190734863,-0.020700654474163693,0.012345726494988662,1.051866442631427
2025-11-11,58138.1484375,58138.1484375,58187.3515625,57594.25,57962.30078125,119600,0.003462308184330798,1,1.0,0.0006316403333044285,0.0004112319697837652,0.02699885510004907,0.0030338280896345005,0.00042718409159970395,0.01029793013191421,11.691908120498669,56698.894826180716,0.004689882075948392,0.006867982521166429,0.03669243312804834,-0.00750034676283556,0.218755051407876,0.00012668543373040464,-0.02636721476674464,0.004716213379644634,0.004907307292538852,0.005037749392868701,0.7202216066481995,-0.5727756559016781,62.95036007764071,0.4310771918578884,1,12.489999771118164,0.015447120116828916,-0.014206811688388776,1.057309731638968
2025-11-12,58274.6484375,58274.6484375,58507.69921875,58171.8515625,58505.3515625,149300,0.0023478559890282025,1,1.0,0.007740281584533548,0.0010400723085108865,0.02913286423841055,-0.003943282432095889,0.006316044367920536,0.005773370577506276,11.913712983527281,56760.68908544814,0.005493257188291663,0.007792357042806398,0.037417523422009394,-0.005170100507874184,0.22161651275448246,0.0015397726562660623,-0.021392582653877,0.0038810275485016404,0.004905599296178466,0.004994665715367196,0.8921422169106663,-0.22393190230011734,64.43789737173303,0.18316511408810884,2,12.109999656677246,-0.03042434919171333,-0.042687745307281255,1.0203909480540514
2025-11-13,58381.94921875,58381.94921875,58615.94921875,58127.1015625,58158.75,121200,0.001841294355727996,1,1.0,0.01438120067154025,-5.653450571851959e-05,0.033373778813947874,0.0038377581834203797,-0.001988831174576745,0.008409978187616603,11.70519735261735,56824.26791420508,0.004475594356782564,0.00800457233210656,0.03770961844633346,-0.003992087531104049,0.22386586834428135,0.002840683696745886,-0.018992578142407623,0.0017597400646132259,0.00482753479960768,0.004946747118387236,0.7260963335729691,-0.5655733407851004,65.60688600015092,0.03878023404297766,3,12.15999984741211,0.004128835024969968,-0.020145044566792114,1.0203054172034502
2025-11-14,58517.55078125,58517.55078125,58590.1484375,58050.0,58050.0,114800,0.0023226624721266464,1,1.0,0.011070929825955034,0.008382560483124468,0.030240412236652636,0.008054277024117141,-0.005685819387534099,0.00930488264427218,11.650946762867603,56890.671163893116,0.004593671930702911,0.008849881370431507,0.03832724271171837,-0.0016786973308712439,0.22670849566760143,0.002195027773393311,-0.019169482410697603,0.000875822817736579,0.004751689980203451,0.004814250481030987,0.6895930319867848,-0.6370758320058177,67.0796520539975,0.1726383379301562,4,11.9399995803833,-0.018092127449790163,-0.0493631224936153,0.9959544313350408
2025-11-17,58962.69921875,58962.69921875,59001.55078125,58605.30078125,58696.30078125,157500,0.007607092770578472,1,-1.0,0.017694024405183528,0.02053344706210214,0.026821317000827127,0.004538589893302076,0.0030546391230248564,0.006761333782400363,11.967180737247824,56971.92716604436,0.008685313605087645,0.015176529814525663,0.04441156704375854,-0.000658483751453302,0.2360401809966015,0.003503729817169668,-0.009127292595643599,0.0023514542800040254,0.004453908082611977,0.004815006170608439,0.9435657800143782,-0.11624758551464648,71.40808204939935,1.4081093729726066,0,11.789999961853027,-0.012562782562967056,-0.041463432599456396,0.9796834164973613
2025-11-18,58899.25,58899.25,59103.6484375,58798.8984375,58990.5,145500,-0.0010760908097949828,-1,1.0,0.013091259060618476,0.013731168361159174,0.020548077791249897,-0.0015468592400471263,0.0004714977709358227,0.0051829202263700995,11.887931365593685,57047.50845365047,0.004982841211129102,0.013049888598970744,0.041507864753392305,-0.0034583049084718357,0.2347100895172938,0.0025816374507425617,-0.00745681873063142,0.0031234199766664032,0.004394332016360556,0.004826324425336493,0.8721191596487547,-0.26321112782473555,69.99540904481523,-0.4783653460174438,1,12.100000381469728,0.026293504717533445,-0.031224931688971558,1.0034832049117028
2025-11-19,59216.05078125,59216.05078125,59264.25,58688.55078125,58908.1484375,149800,0.005378689563109829,1,1.0,0.016154577830866934,0.024019900396690774,0.020382325607129825,0.005226820939325165,0.0001510789611073146,0.009809395718354085,11.917056350065256,57132.54932924262,0.0071527715769063955,0.017463769641662474,0.04522403640950993,-0.0008132933218592996,0.24135121178924696,0.003196653077076583,-0.004227747776262891,0.0033454656045036214,0.004385700323613957,0.004851540838303839,0.9526837954718901,-0.10651223435930615,72.88026640666624,0.9938689032606668,2,11.970000267028809,-0.010743810772105844,-0.011560643568742313,0.9901973229761811
2025-11-20,59347.69921875,59347.69921875,59440.1015625,59125.25,59308.19921875,120000,0.0022231884052235085,1,-1.0,0.016541927991843064,0.031161021449328308,0.023109200548450337,0.0006660124657352986,0.0015561395311620074,0.00532516247288595,11.695247021764184,57219.417952360556,0.006086750904623153,0.018552778268796383,0.04564274274234229,-0.0015545455226525968,0.24411096941010693,0.0032617845575943056,-0.006567272556607273,0.003310737399821684,0.004379633549106217,0.004851420799851688,0.744001488002976,-0.6371884083365753,73.99903495879457,0.24450471520556116,3,12.140000343322754,0.0142021781538475,-0.0016446960806181243,1.0007831835640244
2025-11-21,58867.69921875,58867.69921875,59232.1484375,58823.6484375,59116.69921875,121400,-0.008087929377527558,-1,-1.0,0.005983648201697944,0.017120822576997208,0.013596331606826828,-0.004212007830116213,-0.003892316012935158,0.006944485948266714,11.706846157607535,57284.05643339544,-0.003233740912606649,0.009630653787044816,0.035488365152542264,-0.009629901845778832,0.2340486877517106,0.001179989930896491,-0.007612683405128884,0.0061466740351954685,0.004844306394008767,0.0050486358551104895,0.7946066239036523,-0.5451932334523194,63.68349567377666,-1.8117459444227042,4,13.630000114440918,0.12273473879576069,0.14154108822869516,1.1148828395438921
2025-11-24,58835.3515625,58835.3515625,59309.8984375,58649.5,58996.8984375,190400,-0.0005494975458408824,-1,-1.0,-0.0021598003133734833,0.015496008532354999,0.019683844762251157,-0.0027382265725568464,0.0021947387185950805,0.011260086403123641,12.156882401339402,57344.89153649758,-0.0033516488977358297,0.008094027530223025,0.03335639465836061,-0.010174107784188731,0.2333705810263429,-0.00043265715473868506,-0.02184364507562464,0.005004524109202707,0.004551241746594416,0.005020349498236571,1.2229037541346863,0.5990829555425893,63.04566212748097,-0.3371619994795459,0,13.239999771118164,-0.02861337784653062,0.12298556522109116,1.075723093160526
2025-11-25,58820.30078125,58820.30078125,59166.1484375,58746.19921875,58925.6484375,137400,-0.0002558118690598743,-1,1.0,-0.00134041127433715,0.011733300115041256,0.012149357192943189,-0.0017878064822950215,0.001534738428546294,0.00714853427685182,11.830651658770385,57402.7507225663,-0.003340022830653075,0.007226894542042191,0.031587975465076086,-0.01042731699572035,0.23305507019276706,-0.0002683734069852719,-0.013489768467280339,0.004991553557608012,0.004316793887368624,0.005024688783930808,0.8869379982571087,-0.3016018534255126,62.73084200244723,-0.20128752799201743,1,12.239999771118164,-0.07552870221202024,0.011570197126839377,0.9929423071598305
2025-11-26,59528.05078125,59528.05078125,59554.94921875,58783.05078125,58783.05078125,140200,0.012032410419526629,1,1.0,0.005268841739422214,0.02150853548424725,0.02257097822491194,0.012673721252957362,-0.0006332847589224516,0.013131309573782994,11.850825253582627,57486.095822906835,0.0075868624240748445,0.01820079621969026,0.04227534874232488,-0.00045165746680766913,0.24789169486720458,0.001060858227027165,-0.017302136485489727,0.007224604389484964,0.005008155008196967,0.0052379295877286285,0.9401824034334764,-0.16828134174791404,70.25318686578092,2.174576973674237,2,11.970000267028809,-0.02205878342632439,0.0,0.9709604390782162
2025-11-27,59737.30078125,59737.30078125,59866.6015625,59523.0,59605.30078125,137800,0.0035151495346108508,1,1.0,0.006564729005988257,0.023215250272334398,0.02315740330391658,0.002214568138569366,0.0012977075342828462,0.005772584757152697,11.833558637561696,57574.37837029284,0.009796860903188043,0.02059979317849408,0.044165922828198284,-0.002159814953167361,0.2522782207776617,0.0013089679819407373,-0.016592674297928323,0.007299334755789288,0.0050207436258525775,0.0052443832385449685,0.9284463010375961,-0.2001446286377248,72.04942797362551,0.4690525037717924,3,11.789999961853027,-0.015037619144553371,-0.028830343622043952,0.9570582029395883
2025-11-28,59752.69921875,59752.69921875,59897.5,59598.94921875,59758.69921875,100000,0.000257769221217119,1,-1.0,0.015033711385786797,0.021107316027583423,0.02966680986394543,-0.00010040379189039357,0.00035820897864733146,0.0050093296134166585,11.512925464970229,57659.80271729117,0.007044078887805899,0.0193637374466605,0.04275636692345604,-0.0024174762093576527,0.25260101955937886,0.002962972844189099,-0.014633098478158635,0.0052742457770244755,0.004732134018802836,0.0052297584018686765,0.7028888732691362,-0.8279689883543819,72.18254617257999,-0.25652166288111705,4,11.619999885559082,-0.014419005669549345,-0.14746883433641722,0.9449843383239239
2025-12-01,59681.3515625,59681.3515625,60114.30078125,59527.6015625,60102.05078125,122300,-0.0011940490920552271,-1,-1.0,0.014379110135873008,0.012188253815922145,0.03297196774253308,-0.006999748149712809,0.005846623952853594,0.009855918991360757,11.714232321675263,57739.07914259348,0.0029814989669013554,0.016494826636012552,0.03999107813549593,-0.00720210021780773,0.25110535244926646,0.0028316712418392396,-0.018592857606660074,0.0053889538575318235,0.004574858891563131,0.005200700436134617,0.91961801639221,-0.32336790877323,70.50696115019613,-0.6169948272529199,0,11.630000114440918,0.0008606049036423702,-0.12160118463063052,0.9478016479908781
2025-12-02,59273.80078125,59273.80078125,59656.55078125,59251.94921875,59354.19921875,207100,-0.006828779352009207,-1,1.0,0.007709923172384725,0.006359177430103058,0.020177664727193623,-0.0013545534866655589,-0.005481651054892696,0.006828493709232535,12.240957047383676,57799.26430489374,-0.00538370297035414,0.008546498527341071,0.03161417957522255,-0.01398169801655843,0.24256183005127277,0.0015197377007290709,-0.012467741554808898,0.006928525145258701,0.004843825635649451,0.0053151481931590075,1.458913035821211,2.436362867557779,61.696804235813524,-1.6164446916109425,1,11.229999542236328,-0.034393857976657394,-0.08251636011179186,0.9206049574818863
2025-12-03,59348.25,59348.25,59414.8984375,58925.69921875,59158.69921875,166400,0.0012560223533624182,1,-1.0,-0.0030204379093601297,0.0022324896207339684,0.026306014195751404,0.0032041066445545343,-0.0019418623571108994,0.008301967142281073,12.022149807369246,57860.00884195673,-0.0035331620360596876,0.008508080823311179,0.03151340716726469,-0.012743236988442784,0.24412251548525205,-0.0006066787649186508,-0.029326452105111533,0.003889248606385162,0.004652095301276356,0.0052426036524563305,1.1731114949416617,0.9221656050894846,62.61577795622762,-0.011466303976167406,2,11.210000038146973,-0.0017808998134093423,-0.06349208119696081,0.9244217251877569
2025-12-04,59288.69921875,59288.69921875,59548.69921875,59062.1484375,59287.1015625,109600,-0.0010034125900931778,-1,1.0,-0.007509572020046873,-0.0009941413193210735,0.030135901671032084,2.6947788100515645e-05,-0.0010303326130088081,0.008237945860788853,11.604592653496052,57916.035915556466,-0.003031176886671324,0.006013589459060476,0.029046118601382162,-0.013733862854103262,0.24287414728959572,-0.0015117600350472707,-0.03764547369107896,0.003149047509297385,0.004469073335934445,0.005213770761451564,0.7895969165375887,-1.0951915916046715,61.347893324217814,-0.5582449601812153,3,10.81999969482422,-0.034790396252953104,-0.08227313572241546,0.8981488929748596
2025-12-05,59777.19921875,59777.19921875,59806.6015625,59106.55078125,59133.19921875,119500,0.008239344199434173,1,-1.0,0.0004100233181150159,0.015449898876127799,0.03283523643061592,0.010890667315625298,-0.0026227595148659165,0.011843878081142787,11.691071650353702,57989.02271176013,0.005100376227523641,0.012669751468814753,0.035990107129651644,-0.005607676677911955,0.25311461518569284,8.264644130435837e-05,-0.032425213112500906,0.005437408073260356,0.004630937658008179,0.005289358605454117,0.8680807787302048,-0.6727492831506537,67.21281110107356,1.4254450885052872,4,10.31999969482422,-0.0462107221906094,-0.111876093247682,0.864683681969151
2025-12-08,59238.55078125,59238.55078125,59713.1484375,59030.6015625,59672.05078125,131200,-0.009010934679774096,-1,-1.0,-0.007419416110010291,0.0068530094244732,0.022455212249341994,-0.007264707586289514,-0.0017590057559441266,0.011562593924734748,11.784478155492126,58038.02381252444,-0.002471137112214688,0.0024399667777107686,0.025191877729898112,-0.014568080949436103,0.24182288124198428,-0.001481503941426148,-0.029874628359352284,0.006850377462983935,0.0052104771963058525,0.005363328137770705,0.9503802969938429,-0.25528544766956535,56.95116784702898,-1.9435745571502863,0,11.130000114440918,0.07848841507456017,-0.042992260969899054,0.9371447961638274
2025-12-09,59222.3515625,59222.3515625,59358.25,58878.44921875,58918.8515625,137800,-0.0002734573776089766,-1,-1.0,-0.0008679925712857806,0.006835238445060066,0.018648738464135173,0.00515115267781574,-0.005396810261793072,0.008149005070894532,11.833558637561696,58084.468038013685,-0.002571091665471138,0.0012473488866549262,0.023407437831951167,-0.014837554577831905,0.24148329561342496,-0.00017370181434724218,-0.019516731035420953,0.006159825245005783,0.0051887943073172455,0.005336967578851395,0.9916522740356937,-0.04380603649446165,56.67094813631241,-0.23309935887218472,1,10.949999809265137,-0.0161725339914629,-0.02493319184191456,0.9280054124442615
2025-12-10,58960.3984375,58960.3984375,59440.8984375,58853.8984375,59281.55078125,105200,-0.0044232138388417,-1,1.0,-0.0065351811131751925,-0.009535879913756484,0.011767552758992217,-0.005417407937505852,0.0009996093905106826,0.00997385076578004,11.563618579285746,58118.818249758246,-0.005683911601210942,-0.0037588875928380432,0.017273575109756075,-0.019195138739930395,0.23599194951957683,-0.0013098147988624966,-0.01830273387216741,0.0063522205606707585,0.005310997161238928,0.005112241956018824,0.7692588936419144,-1.151879360376878,52.19828227230083,-0.9447060360971651,2,10.90999984741211,-0.003652964616417842,-0.026761836727384525,0.9293411042633096
2025-12-11,59209.8515625,59209.8515625,59423.3515625,58799.8984375,58966.19921875,96900,0.004230858874952004,1,1.0,-0.0013298935090325648,-0.008829478597994433,0.014180793118913293,0.004132067980948037,9.838436312721025e-05,0.010602962616724332,11.481434797878858,58161.603869865765,-0.0012114832396153826,-0.0002432062821389113,0.019906209244342405,-0.015045491788072215,0.2412212570285709,-0.00026745971309397157,-0.015510686627945858,0.00682757981800724,0.005367038230861158,0.005125287652713374,0.7149181053563524,-1.3495618687211088,55.777585374619434,0.6539658190425326,3,10.399999618530272,-0.04674612612417328,-0.038817013691308855,0.892588908982498
2025-12-12,59389.94921875,59389.94921875,59545.69921875,59224.8515625,59401.5,107700,0.003041683968079134,1,1.0,-0.006478222550757029,-0.006070855454947788,0.014908321107990341,-0.00019445268637997357,0.0032367660523131376,0.005417449732422029,11.58710486314448,58209.77427570436,0.003137088965442974,0.0020596996776957497,0.02133568457998506,-0.012049571451156751,0.24499665982691368,-0.001308059350870748,-0.02138654365874737,0.0054831911563536576,0.005380779332992058,0.005124314840997043,0.7966860228575655,-0.9495756550442686,58.210495104076216,0.4248092002172235,4,10.109999656677246,-0.02788461273943854,-0.020348841507456195,0.874567448678235
2025-12-15,59461.80078125,59461.80078125,59533.0,59052.30078125,59053.69921875,125200,0.0012098269731692923,1,-1.0,0.003768660729469797,-0.0036787166426698326,0.008464700041094675,0.00691068583169172,-0.0056617324046110236,0.008140228448179776,11.737667737648135,58258.87335435321,0.003593831707286986,0.002849762897693786,0.021126504142716208,-0.010854322374544171,0.246502890367478,0.0007518107118688191,-0.004696039311624878,0.003369237171929789,0.005137740356861273,0.0048589778697939205,0.937336228194954,-0.29335428722960327,59.17547338731732,0.1508836173397993,0,10.25,0.01384770999772389,-0.0790655979687851,0.8926238830770533
2025-12-16,59034.6015625,59034.6015625,59335.25,58966.3515625,59288.75,123300,-0.007184431233786426,-1,-1.0,-0.003170255740383099,-0.004035496553237206,0.00229801843826527,-0.004286621618772532,-0.0029102849052053572,0.006256083812629899,11.722375689152436,58289.29406839818,-0.0029845433114365667,-0.004468770424478021,0.012592062756474903,-0.017960771475641357,0.2375474760689168,-0.0006314978609232349,-0.005468274178648369,0.004953154968104415,0.0054078417418646435,0.004990641779486451,0.9308470481654839,-0.3216825384963958,51.55319485382209,-1.351739792266295,1,10.0600004196167,-0.01853654442763908,-0.08127848448868291,0.8839293969619209
2025-12-17,58926.75,58926.75,59127.19921875,58801.3984375,59072.80078125,132700,-0.0018269211554823306,-1,-1.0,-0.000570695558234191,-0.007102147072575837,-0.004885512921466328,-0.0024723862643796844,0.0006470649032764022,0.0055406978389518,11.795846220320298,58314.2923402257,-0.0046928898936204255,-0.006045070585123774,0.009764630940381432,-0.019754879717746032,0.23528657440397277,-0.00011399564529758336,0.004314817363232137,0.004576525223277096,0.005277971875253536,0.0048711628641587065,1.0083203525701911,0.03885397936293107,49.80885809024873,-0.3021142257214111,2,9.84000015258789,-0.02186881290778231,-0.09807513380286859,0.8727659944292545
2025-12-18,58912.8515625,58912.8515625,59211.0,58712.69921875,58712.69921875,97400,-0.00023585956293192822,-1,1.0,-0.005016057162151366,-0.006339279849323143,-0.007327119028611273,0.003409012810061388,-0.003632489170877403,0.008487103946514979,11.486581489630627,58337.765250903125,-0.003928283264367329,-0.005914931033238651,0.008602328194670973,-0.019986079903381974,0.23499522025243816,-0.0010080311573265823,0.002311061866459907,0.003905665780827328,0.005246060831364568,0.004869794916990024,0.7465031615251964,-1.1362050803959667,49.576064500045575,0.022614823812987836,3,9.710000038146973,-0.013211393539127925,-0.06634611593195516,0.8706177802303654
2025-12-19,59069.19921875,59069.19921875,59140.55078125,58897.5,59047.3984375,179100,0.00265388030121283,1,1.0,-0.005400745483357561,-0.011843980802933363,0.0034229297674983616,0.0003692081586469133,0.0022838289342905203,0.004126673988709198,12.095699588048802,58366.448935916735,-0.00020042650103544035,-0.0034461661631680707,0.010223697925145119,-0.0173852402659231,0.23827274973955823,-0.0010888965361309224,-0.008823675250855922,0.0038082085036247712,0.004952931375535714,0.004824316801875696,1.3429814037192562,1.4772207353389228,52.27810700036819,0.49851977360378485,4,9.520000457763672,-0.01956741293891484,-0.05835798407014814,0.869604978992726
2025-12-22,59304.0,59304.0,59371.19921875,59155.5,59224.75,114800,0.00397501209353579,1,-1.0,-0.002653817731328445,0.0011048416594741095,0.007965422574252257,0.001338122997564363,0.002633365329263248,0.003646308775177287,11.650946762867603,58403.215644312164,0.004310275538913439,0.00011977268111529565,0.013160905860756801,-0.013479334712693481,0.24319489889486864,-0.0005342912493722024,-0.010619240305580702,0.004380040318526186,0.005020859616529615,0.004833366752907778,0.8859391881463189,-0.5256521537143376,56.08411681637028,0.7097044045386263,0,9.68000030517578,0.01680670585279498,-0.05560972632431416,0.8988347028744175
2025-12-23,59299.55078125,59299.55078125,59402.3515625,59216.75,59334.3515625,91800,-7.502392334413077e-05,-1,-1.0,0.004488032640814765,0.001303548689189249,0.008147697200364679,-0.0005865199557012518,0.0005117962110481587,0.0031342747195683652,11.427367576608582,58438.36604183914,0.00333455552209493,-0.00035922557741424783,0.01215466222839322,-0.013553347363463392,0.24310162953607214,0.0008935289988871148,-0.0036596645595499133,0.00235356722658886,0.005019785452656918,0.004748529710910256,0.7211311861743912,-1.2126404912217046,55.99298819687978,-0.09809475356957656,1,9.380000114440918,-0.030991754264145577,-0.06759446091570742,0.8826989249730598
2025-12-24,59183.6015625,59183.6015625,59478.1484375,59118.25,59322.94921875,82500,-0.0019553136106835733,-1,-1.0,0.00435882790922637,0.0037856447872652854,-0.005786334580578867,-0.0023489671043859174,0.00039458034996444496,0.006087772176950434,11.320553572322773,58467.590964218,0.0005031108240066689,-0.0020240972121539753,0.009294034695198296,-0.015482159929576866,0.24067097600037735,0.0008662850194176931,0.010145162489805237,0.0023911926336282665,0.004237365923792397,0.0047652474520901425,0.6631033235542338,-1.3633961074645198,53.55095868842881,-0.39536768994770544,2,9.1899995803833,-0.02025592022809286,-0.06605696769563985,0.8762812512197995
2025-12-26,59011.3515625,59011.3515625,59180.6484375,58947.05078125,59092.8515625,72900,-0.0029104345705980306,-1,-1.0,0.0016719611661557554,-0.0033524826487779658,-0.012152360572974863,-0.0013791854318250475,-0.001533363931969648,0.003962838736697294,11.19684391799675,58488.91490924867,-0.002740905154346617,-0.004319223122407472,0.005494074575300601,-0.018347534686688333,0.23706008430108824,0.0003328624733863224,0.013824321739130618,0.002938372683816369,0.004177266678636278,0.004774780250753281,0.6016340678385739,-1.479605317738879,50.05820002351321,-0.5529187843260769,4,9.149999618530272,-0.004352553175128726,-0.057672545562993616,0.8835883999643523
2025-12-29,58932.3515625,58932.3515625,59140.3984375,58809.55078125,59007.05078125,106900,-0.0013387254809158478,-1,1.0,-0.0023167345767328706,-0.007704967966289056,-0.013729047674428396,-0.0012659371678636127,-7.288057528126541e-05,0.005625747040317179,11.579649097013137,58506.30458192519,-0.003615103518891983,-0.004963527520395479,0.0034188124687435633,-0.01966169785540709,0.2354040004448105,-0.00046380112512778114,0.011412313097695526,0.0026827459423785648,0.004175045571350955,0.004740180907984349,0.8797267827017241,-0.4507494475688454,48.49591931798059,-0.1572698039359745,0,9.720000267028809,0.06229515543849762,0.02100838231599389,0.9473222855020498
2025-12-30,59171.25,59171.25,59272.69921875,58737.6015625,58885.94921875,295700,0.0040537740505168784,1,1.0,-0.0022384662080129347,-0.004886343458027631,-0.0085470846276966,0.00484497210344971,-0.0007873832032782291,0.009109967755163224,12.59710070584057,58532.38087283009,0.0008732956215691663,-0.0004994520306393288,0.006886855791714643,-0.01568762788544557,0.2404120491237184,-0.00045051655493240627,0.006308618419683665,0.002715171572008243,0.004304218475609211,0.004534821579797764,2.2713830318393056,3.2655373544792754,53.24771325551645,1.0403496256891596,1,9.68000030517578,-0.004115222299809318,0.0,0.9524746964177019
2025-12-31,59581.8515625,59581.8515625,59766.19921875,59187.1015625,59194.6015625,122600,0.006939207174092132,1,,0.004760588866707938,0.00926998718574601,0.005197081631172384,0.006541981697285793,0.0003946437247818831,0.009784186773168616,11.716682302484248,58573.536586150476,0.00685699870502995,0.006174508463255682,0.013229533392887838,-0.008857280411320596,0.24901952531382807,0.0009541822464457471,-0.00043649276446444674,0.0042952532587748615,0.004323790558974744,0.004579598191407735,0.9733248650365195,-0.0709631605785399,60.067012297078605,1.5433017702638767,2,9.479999542236328,-0.0206612351894776,0.010660919677544234,0.9408961913884227
