2026-05-08 22:44:24 | DEBUG    | urllib3.connectionpool | Starting new HTTPS connection (1): config.mlflow-telemetry.io:443
2026-05-08 22:44:24 | INFO     | __main__ | Loading processed dataset
2026-05-08 22:44:24 | INFO     | data_preprocessing | Loading datasets
2026-05-08 22:47:24 | DEBUG    | urllib3.connectionpool | Starting new HTTPS connection (1): config.mlflow-telemetry.io:443
2026-05-08 22:47:24 | INFO     | __main__ | Loading processed dataset
2026-05-08 22:47:24 | INFO     | __main__ | Using data directory: C:\Users\vaibh\OneDrive\Desktop\Workstation\Internship\data\csv
2026-05-08 22:47:24 | INFO     | data_preprocessing | Loading datasets
2026-05-08 22:47:24 | INFO     | data_preprocessing | Preparing starter features
2026-05-08 22:47:24 | INFO     | data_preprocessing | Merging datasets
2026-05-08 22:47:24 | INFO     | data_preprocessing | Recomputing only missing feature values
2026-05-08 22:47:24 | INFO     | data_preprocessing | Creating EMA50
2026-05-08 22:47:24 | INFO     | data_preprocessing | Creating target
2026-05-08 22:47:24 | INFO     | data_preprocessing | Dropping remaining NaNs
2026-05-08 22:47:24 | INFO     | data_preprocessing | Dropped 251 rows
2026-05-08 22:47:24 | INFO     | data_preprocessing | Final dataset shape: (737, 23)
2026-05-08 22:47:24 | INFO     | data_preprocessing | Final features used: ['ret_1d', 'ret_10d', 'ret_intraday', 'ret_overnight', 'ret_zscore', 'close_vs_ma50', 'close_vs_252d_high', 'rsi_14', 'volume_ratio_20d', 'vol_20d', 'vix_change', 'nifty_bn_spread']
2026-05-08 22:47:24 | INFO     | __main__ | Train rows: 589
2026-05-08 22:47:24 | INFO     | __main__ | Test rows : 148
2026-05-08 22:47:24 | INFO     | __main__ | Scaling features
2026-05-08 22:47:24 | INFO     | __main__ | Training XGBoost model
2026-05-08 22:47:24 | DEBUG    | urllib3.connectionpool | https://config.mlflow-telemetry.io:443 "GET /3.12.0.json HTTP/1.1" 200 308
2026-05-08 22:47:24 | INFO     | __main__ | Generating predictions
2026-05-08 22:47:24 | INFO     | __main__ | Accuracy : 0.4189
2026-05-08 22:47:24 | INFO     | __main__ | Precision: 0.4571
2026-05-08 22:47:24 | INFO     | __main__ | Recall   : 0.6234
2026-05-08 22:47:24 | INFO     | __main__ | F1 Score : 0.5275
2026-05-08 22:47:24 | INFO     | __main__ | AUC Score: 0.4147
2026-05-08 22:47:24 | INFO     | __main__ | Saving artifacts
2026-05-08 22:47:24 | INFO     | __main__ | Logging experiment to MLflow
2026-05-08 22:47:25 | DEBUG    | git.cmd | Popen(['git', 'version'], cwd=C:\Users\vaibh\OneDrive\Desktop\Workstation\Internship, stdin=None, shell=False, universal_newlines=False)
2026-05-08 22:47:25 | DEBUG    | git.cmd | Popen(['git', 'version'], cwd=C:\Users\vaibh\OneDrive\Desktop\Workstation\Internship, stdin=None, shell=False, universal_newlines=False)
2026-05-08 22:47:25 | DEBUG    | git.cmd | Popen(['git', 'check-ignore', 'c:\\Users\\vaibh\\OneDrive\\Desktop\\Workstation\\Internship\\src'], cwd=c:\Users\vaibh\OneDrive\Desktop\Workstation\Internship, stdin=None, shell=False, universal_newlines=False)
2026-05-08 22:47:25 | DEBUG    | git.cmd | Popen(['git', 'cat-file', '--batch-check'], cwd=c:\Users\vaibh\OneDrive\Desktop\Workstation\Internship, stdin=<valid stream>, shell=False, universal_newlines=False)
2026-05-08 22:47:34 | DEBUG    | urllib3.connectionpool | Starting new HTTPS connection (1): api.mlflow-telemetry.io:443
2026-05-08 22:47:36 | DEBUG    | urllib3.connectionpool | Starting new HTTPS connection (1): api.mlflow-telemetry.io:443
2026-05-08 22:47:37 | DEBUG    | urllib3.connectionpool | https://api.mlflow-telemetry.io:443 "POST /log HTTP/1.1" 200 30
2026-05-08 22:47:43 | INFO     | __main__ | Training completed successfully
2026-05-08 22:51:50 | INFO     | __main__ | Loading artifacts
2026-05-08 22:51:50 | INFO     | __main__ | Running backtest
2026-05-08 22:51:51 | INFO     | __main__ | Backtest completed
2026-05-08 22:57:12 | INFO     | __main__ | Loading processed dataset
2026-05-08 22:57:12 | INFO     | __main__ | Using data directory: C:\Users\vaibh\OneDrive\Desktop\Workstation\Internship\data\csv
2026-05-08 22:57:12 | INFO     | data_preprocessing | Loading datasets
2026-05-08 22:57:12 | INFO     | data_preprocessing | Preparing starter features
2026-05-08 22:57:12 | INFO     | data_preprocessing | Merging datasets
2026-05-08 22:57:12 | INFO     | data_preprocessing | Recomputing only missing feature values
2026-05-08 22:57:12 | INFO     | data_preprocessing | Creating EMA50
2026-05-08 22:57:12 | INFO     | data_preprocessing | Creating target
2026-05-08 22:57:12 | INFO     | data_preprocessing | Dropping remaining NaNs
2026-05-08 22:57:12 | INFO     | data_preprocessing | Dropped 251 rows
2026-05-08 22:57:12 | INFO     | data_preprocessing | Final dataset shape: (737, 23)
2026-05-08 22:57:12 | INFO     | data_preprocessing | Final features used: ['ret_1d', 'ret_10d', 'ret_intraday', 'ret_overnight', 'ret_zscore', 'close_vs_ma50', 'close_vs_252d_high', 'rsi_14', 'volume_ratio_20d', 'vol_20d', 'vix_change', 'nifty_bn_spread']
2026-05-08 22:57:12 | INFO     | __main__ | Splitting IS vs OOS
2026-05-08 22:57:12 | INFO     | __main__ | Train rows: 611
2026-05-08 22:57:12 | INFO     | __main__ | Test rows : 126
2026-05-08 22:57:12 | INFO     | __main__ | Majority baseline accuracy: 0.5079
2026-05-08 22:57:12 | INFO     | __main__ | Persistence baseline accuracy: 0.5840
2026-05-08 22:57:12 | INFO     | __main__ | Scaling features
2026-05-08 22:57:12 | INFO     | __main__ | Training XGBoost model
2026-05-08 22:57:12 | INFO     | __main__ | Generating predictions
2026-05-08 22:57:13 | INFO     | __main__ | Accuracy           : 0.4286
2026-05-08 22:57:13 | INFO     | __main__ | Balanced Accuracy  : 0.4244
2026-05-08 22:57:13 | INFO     | __main__ | Precision          : 0.4583
2026-05-08 22:57:13 | INFO     | __main__ | Recall             : 0.6875
2026-05-08 22:57:13 | INFO     | __main__ | F1 Score           : 0.5500
2026-05-08 22:57:13 | INFO     | __main__ | AUC Score          : 0.4133
2026-05-08 22:57:13 | INFO     | __main__ | Saving artifacts
2026-05-08 22:57:13 | INFO     | __main__ | Logging experiment to MLflow
2026-05-08 22:57:13 | DEBUG    | git.cmd | Popen(['git', 'version'], cwd=C:\Users\vaibh\OneDrive\Desktop\Workstation\Internship, stdin=None, shell=False, universal_newlines=False)
2026-05-08 22:57:13 | DEBUG    | git.cmd | Popen(['git', 'version'], cwd=C:\Users\vaibh\OneDrive\Desktop\Workstation\Internship, stdin=None, shell=False, universal_newlines=False)
2026-05-08 22:57:13 | DEBUG    | git.cmd | Popen(['git', 'check-ignore', 'c:\\Users\\vaibh\\OneDrive\\Desktop\\Workstation\\Internship\\src'], cwd=c:\Users\vaibh\OneDrive\Desktop\Workstation\Internship, stdin=None, shell=False, universal_newlines=False)
2026-05-08 22:57:13 | DEBUG    | git.cmd | Popen(['git', 'cat-file', '--batch-check'], cwd=c:\Users\vaibh\OneDrive\Desktop\Workstation\Internship, stdin=<valid stream>, shell=False, universal_newlines=False)
2026-05-08 22:57:13 | DEBUG    | urllib3.connectionpool | Starting new HTTPS connection (1): config.mlflow-telemetry.io:443
2026-05-08 22:57:13 | DEBUG    | urllib3.connectionpool | https://config.mlflow-telemetry.io:443 "GET /3.12.0.json HTTP/1.1" 200 308
2026-05-08 22:57:21 | INFO     | __main__ | Training completed successfully
2026-05-08 22:58:06 | INFO     | __main__ | Loading artifacts
2026-05-08 22:58:07 | INFO     | __main__ | Running backtest
2026-05-08 22:58:07 | INFO     | __main__ | Backtest completed
2026-05-08 23:00:04 | DEBUG    | urllib3.connectionpool | Starting new HTTPS connection (1): config.mlflow-telemetry.io:443
2026-05-08 23:00:04 | INFO     | __main__ | Loading dataset
2026-05-08 23:00:04 | INFO     | data_preprocessing | Loading datasets
2026-05-08 23:00:04 | INFO     | data_preprocessing | Preparing starter features
2026-05-08 23:00:04 | INFO     | data_preprocessing | Merging datasets
2026-05-08 23:00:04 | INFO     | data_preprocessing | Recomputing only missing feature values
2026-05-08 23:00:04 | INFO     | data_preprocessing | Creating EMA50
2026-05-08 23:00:04 | INFO     | data_preprocessing | Creating target
2026-05-08 23:00:05 | INFO     | data_preprocessing | Dropping remaining NaNs
2026-05-08 23:00:05 | INFO     | data_preprocessing | Dropped 251 rows
2026-05-08 23:00:05 | INFO     | data_preprocessing | Final dataset shape: (737, 23)
2026-05-08 23:00:05 | INFO     | data_preprocessing | Final features used: ['ret_1d', 'ret_10d', 'ret_intraday', 'ret_overnight', 'ret_zscore', 'close_vs_ma50', 'close_vs_252d_high', 'rsi_14', 'volume_ratio_20d', 'vol_20d', 'vix_change', 'nifty_bn_spread']
2026-05-08 23:00:05 | INFO     | __main__ | IS rows: 611
2026-05-08 23:00:05 | INFO     | __main__ | Fold 1 | AUC=0.5133 | BAL_ACC=0.5179
2026-05-08 23:00:05 | INFO     | __main__ | Fold 2 | AUC=0.4293 | BAL_ACC=0.5223
2026-05-08 23:00:05 | INFO     | __main__ | Fold 3 | AUC=0.4444 | BAL_ACC=0.4537
2026-05-08 23:00:05 | INFO     | __main__ | Fold 4 | AUC=0.5990 | BAL_ACC=0.5607
2026-05-08 23:00:06 | DEBUG    | urllib3.connectionpool | https://config.mlflow-telemetry.io:443 "GET /3.12.0.json HTTP/1.1" 200 308
2026-05-08 23:00:06 | INFO     | __main__ | Fold 5 | AUC=0.5903 | BAL_ACC=0.5609
2026-05-08 23:00:06 | INFO     | __main__ | Logging walk-forward run to MLflow
2026-05-08 23:00:06 | DEBUG    | git.cmd | Popen(['git', 'version'], cwd=C:\Users\vaibh\OneDrive\Desktop\Workstation\Internship, stdin=None, shell=False, universal_newlines=False)
2026-05-08 23:00:06 | DEBUG    | git.cmd | Popen(['git', 'version'], cwd=C:\Users\vaibh\OneDrive\Desktop\Workstation\Internship, stdin=None, shell=False, universal_newlines=False)
2026-05-08 23:00:06 | DEBUG    | git.cmd | Popen(['git', 'check-ignore', 'c:\\Users\\vaibh\\OneDrive\\Desktop\\Workstation\\Internship\\src'], cwd=c:\Users\vaibh\OneDrive\Desktop\Workstation\Internship, stdin=None, shell=False, universal_newlines=False)
2026-05-08 23:00:06 | DEBUG    | git.cmd | Popen(['git', 'cat-file', '--batch-check'], cwd=c:\Users\vaibh\OneDrive\Desktop\Workstation\Internship, stdin=<valid stream>, shell=False, universal_newlines=False)
2026-05-08 23:00:07 | INFO     | __main__ | Walk-forward completed
2026-05-08 23:00:07 | INFO     | __main__ | Mean AUC: 0.5153
2026-05-08 23:00:07 | INFO     | __main__ | Mean Balanced Accuracy: 0.5231
2026-05-08 23:02:33 | INFO     | __main__ | Loading processed dataset
2026-05-08 23:02:33 | INFO     | __main__ | Using data directory: C:\Users\vaibh\OneDrive\Desktop\Workstation\Internship\data\csv
2026-05-08 23:02:33 | INFO     | data_preprocessing | Loading datasets
2026-05-08 23:02:33 | INFO     | data_preprocessing | Preparing starter features
2026-05-08 23:02:33 | INFO     | data_preprocessing | Merging datasets
2026-05-08 23:02:33 | INFO     | data_preprocessing | Recomputing only missing feature values
2026-05-08 23:02:33 | INFO     | data_preprocessing | Creating EMA50
2026-05-08 23:02:33 | INFO     | data_preprocessing | Creating target
2026-05-08 23:02:33 | INFO     | data_preprocessing | Dropping remaining NaNs
2026-05-08 23:02:33 | INFO     | data_preprocessing | Dropped 251 rows
2026-05-08 23:02:33 | INFO     | data_preprocessing | Final dataset shape: (737, 23)
2026-05-08 23:02:33 | INFO     | data_preprocessing | Final features used: ['ret_1d', 'ret_10d', 'ret_intraday', 'ret_overnight', 'ret_zscore', 'close_vs_ma50', 'close_vs_252d_high', 'rsi_14', 'volume_ratio_20d', 'vol_20d', 'vix_change', 'nifty_bn_spread']
2026-05-08 23:02:33 | INFO     | __main__ | Splitting IS vs OOS
2026-05-08 23:02:33 | INFO     | __main__ | Train rows: 611
2026-05-08 23:02:33 | INFO     | __main__ | Test rows : 126
2026-05-08 23:02:33 | INFO     | __main__ | Majority baseline accuracy: 0.5079
2026-05-08 23:02:33 | INFO     | __main__ | Persistence baseline accuracy: 0.5840
2026-05-08 23:02:33 | INFO     | __main__ | Scaling features
2026-05-08 23:02:33 | INFO     | __main__ | Training XGBoost model
2026-05-08 23:02:34 | INFO     | __main__ | Generating predictions
2026-05-08 23:02:34 | INFO     | __main__ | Accuracy           : 0.4127
2026-05-08 23:02:34 | INFO     | __main__ | Balanced Accuracy  : 0.4085
2026-05-08 23:02:34 | INFO     | __main__ | Precision          : 0.4479
2026-05-08 23:02:34 | INFO     | __main__ | Recall             : 0.6719
2026-05-08 23:02:34 | INFO     | __main__ | F1 Score           : 0.5375
2026-05-08 23:02:34 | INFO     | __main__ | AUC Score          : 0.4448
2026-05-08 23:02:34 | INFO     | __main__ | Saving artifacts
2026-05-08 23:02:34 | INFO     | __main__ | Logging experiment to MLflow
2026-05-08 23:02:34 | DEBUG    | git.cmd | Popen(['git', 'version'], cwd=C:\Users\vaibh\OneDrive\Desktop\Workstation\Internship, stdin=None, shell=False, universal_newlines=False)
2026-05-08 23:02:34 | DEBUG    | git.cmd | Popen(['git', 'version'], cwd=C:\Users\vaibh\OneDrive\Desktop\Workstation\Internship, stdin=None, shell=False, universal_newlines=False)
2026-05-08 23:02:34 | DEBUG    | git.cmd | Popen(['git', 'check-ignore', 'c:\\Users\\vaibh\\OneDrive\\Desktop\\Workstation\\Internship\\src'], cwd=c:\Users\vaibh\OneDrive\Desktop\Workstation\Internship, stdin=None, shell=False, universal_newlines=False)
2026-05-08 23:02:34 | DEBUG    | git.cmd | Popen(['git', 'cat-file', '--batch-check'], cwd=c:\Users\vaibh\OneDrive\Desktop\Workstation\Internship, stdin=<valid stream>, shell=False, universal_newlines=False)
2026-05-08 23:02:35 | DEBUG    | urllib3.connectionpool | Starting new HTTPS connection (1): config.mlflow-telemetry.io:443
2026-05-08 23:02:35 | DEBUG    | urllib3.connectionpool | https://config.mlflow-telemetry.io:443 "GET /3.12.0.json HTTP/1.1" 200 308
2026-05-08 23:02:41 | INFO     | __main__ | Training completed successfully
2026-05-08 23:37:31 | INFO     | __main__ | Loading dataset
2026-05-08 23:37:31 | DEBUG    | urllib3.connectionpool | Starting new HTTPS connection (1): config.mlflow-telemetry.io:443
2026-05-08 23:37:31 | INFO     | data_preprocessing | Loading datasets
2026-05-08 23:37:31 | INFO     | data_preprocessing | Preparing VIX
2026-05-08 23:37:31 | INFO     | data_preprocessing | Preparing BankNifty
2026-05-08 23:37:31 | INFO     | data_preprocessing | Merging datasets
2026-05-08 23:37:31 | INFO     | data_preprocessing | Final shape: (988, 13)
2026-05-08 23:37:31 | INFO     | feature_engineering | Creating features
2026-05-08 23:37:31 | INFO     | feature_engineering | Creating target
2026-05-08 23:37:31 | INFO     | feature_engineering | Dropping NaNs
2026-05-08 23:37:31 | INFO     | feature_engineering | Dropped 251 rows
2026-05-08 23:37:31 | INFO     | feature_engineering | Final shape: (737, 46)
2026-05-08 23:37:31 | INFO     | __main__ | Splitting IS/OOS
2026-05-08 23:37:31 | INFO     | __main__ | Train rows: 611
2026-05-08 23:37:31 | INFO     | __main__ | Test rows : 126
2026-05-08 23:37:31 | INFO     | __main__ | Majority baseline accuracy: 0.5079
2026-05-08 23:37:31 | INFO     | __main__ | Persistence baseline accuracy: 0.5840
2026-05-08 23:37:31 | INFO     | __main__ | Training XGBoost
2026-05-08 23:37:31 | DEBUG    | urllib3.connectionpool | https://config.mlflow-telemetry.io:443 "GET /3.12.0.json HTTP/1.1" 200 308
2026-05-08 23:37:34 | INFO     | __main__ | Generating predictions
2026-05-08 23:37:34 | INFO     | __main__ | Accuracy          : 0.4683
2026-05-08 23:37:34 | INFO     | __main__ | Balanced Accuracy : 0.4627
2026-05-08 23:37:34 | INFO     | __main__ | Precision         : 0.4860
2026-05-08 23:37:34 | INFO     | __main__ | Recall            : 0.8125
2026-05-08 23:37:34 | INFO     | __main__ | F1 Score          : 0.6082
2026-05-08 23:37:34 | INFO     | __main__ | AUC Score         : 0.4735
2026-05-08 23:37:34 | INFO     | __main__ | Saving artifacts
2026-05-08 23:37:34 | INFO     | __main__ | Logging to MLflow
2026-05-08 23:37:35 | DEBUG    | git.cmd | Popen(['git', 'version'], cwd=C:\Users\vaibh\OneDrive\Desktop\Workstation\Internship, stdin=None, shell=False, universal_newlines=False)
2026-05-08 23:37:35 | DEBUG    | git.cmd | Popen(['git', 'version'], cwd=C:\Users\vaibh\OneDrive\Desktop\Workstation\Internship, stdin=None, shell=False, universal_newlines=False)
2026-05-08 23:37:35 | DEBUG    | git.cmd | Popen(['git', 'check-ignore', 'c:\\Users\\vaibh\\OneDrive\\Desktop\\Workstation\\Internship\\src'], cwd=c:\Users\vaibh\OneDrive\Desktop\Workstation\Internship, stdin=None, shell=False, universal_newlines=False)
2026-05-08 23:37:35 | DEBUG    | git.cmd | Popen(['git', 'cat-file', '--batch-check'], cwd=c:\Users\vaibh\OneDrive\Desktop\Workstation\Internship, stdin=<valid stream>, shell=False, universal_newlines=False)
2026-05-08 23:37:39 | DEBUG    | urllib3.connectionpool | Starting new HTTPS connection (1): api.mlflow-telemetry.io:443
2026-05-08 23:37:41 | DEBUG    | urllib3.connectionpool | Starting new HTTPS connection (1): api.mlflow-telemetry.io:443
2026-05-08 23:37:42 | DEBUG    | urllib3.connectionpool | https://api.mlflow-telemetry.io:443 "POST /log HTTP/1.1" 200 30
2026-05-08 23:37:46 | INFO     | __main__ | Training completed
2026-05-08 23:46:35 | INFO     | __main__ | Loading dataset
2026-05-08 23:46:35 | INFO     | data_preprocessing | Loading datasets
2026-05-08 23:46:35 | DEBUG    | urllib3.connectionpool | Starting new HTTPS connection (1): config.mlflow-telemetry.io:443
2026-05-08 23:46:35 | INFO     | data_preprocessing | Preparing VIX
2026-05-08 23:46:35 | INFO     | data_preprocessing | Preparing BankNifty
2026-05-08 23:46:35 | INFO     | data_preprocessing | Merging datasets
2026-05-08 23:46:35 | INFO     | data_preprocessing | Final shape: (988, 13)
2026-05-08 23:46:35 | INFO     | __main__ | IS rows: 862
2026-05-08 23:46:35 | DEBUG    | urllib3.connectionpool | https://config.mlflow-telemetry.io:443 "GET /3.12.0.json HTTP/1.1" 200 308
2026-05-08 23:50:20 | INFO     | __main__ | Loading dataset
2026-05-08 23:50:20 | INFO     | data_preprocessing | Loading datasets
2026-05-08 23:50:20 | INFO     | data_preprocessing | Preparing VIX
2026-05-08 23:50:20 | INFO     | data_preprocessing | Preparing BankNifty
2026-05-08 23:50:20 | INFO     | data_preprocessing | Merging datasets
2026-05-08 23:50:20 | INFO     | data_preprocessing | Final shape: (988, 13)
2026-05-08 23:50:20 | INFO     | __main__ | Creating features
2026-05-08 23:50:20 | INFO     | feature_engineering | Creating features
2026-05-08 23:50:20 | INFO     | feature_engineering | Creating target
2026-05-08 23:50:20 | INFO     | feature_engineering | Dropping NaNs
2026-05-08 23:50:20 | INFO     | feature_engineering | Dropped 251 rows
2026-05-08 23:50:20 | INFO     | feature_engineering | Final shape: (737, 46)
2026-05-08 23:50:20 | INFO     | __main__ | Total IS rows: 611
2026-05-08 23:50:22 | INFO     | __main__ | Fold 1 | AUC=0.4643 | BAL_ACC=0.4857
2026-05-08 23:50:23 | INFO     | __main__ | Fold 2 | AUC=0.4938 | BAL_ACC=0.5062
2026-05-08 23:50:23 | INFO     | __main__ | Fold 3 | AUC=0.4990 | BAL_ACC=0.4722
2026-05-08 23:50:24 | INFO     | __main__ | Fold 4 | AUC=0.3971 | BAL_ACC=0.4413
2026-05-08 23:50:25 | INFO     | __main__ | Fold 5 | AUC=0.4274 | BAL_ACC=0.5089
2026-05-08 23:50:25 | INFO     | __main__ | Fold 6 | AUC=0.4013 | BAL_ACC=0.4623
2026-05-08 23:50:26 | INFO     | __main__ | Fold 7 | AUC=0.4640 | BAL_ACC=0.3704
2026-05-08 23:50:26 | INFO     | __main__ | Fold 8 | AUC=0.5606 | BAL_ACC=0.4818
2026-05-08 23:50:26 | INFO     | __main__ | Fold 9 | AUC=0.5171 | BAL_ACC=0.4199
2026-05-08 23:50:27 | INFO     | __main__ | Fold 10 | AUC=0.4918 | BAL_ACC=0.5357
2026-05-08 23:50:27 | INFO     | __main__ | Fold 11 | AUC=0.4023 | BAL_ACC=0.4376
2026-05-08 23:50:27 | INFO     | __main__ | Fold 12 | AUC=0.4245 | BAL_ACC=0.4750
2026-05-08 23:50:28 | INFO     | __main__ | Fold 13 | AUC=0.5953 | BAL_ACC=0.5624
2026-05-08 23:50:28 | INFO     | __main__ | Fold 14 | AUC=0.5737 | BAL_ACC=0.5606
2026-05-08 23:50:28 | INFO     | __main__ | Fold 15 | AUC=0.5335 | BAL_ACC=0.5309
2026-05-08 23:50:28 | INFO     | __main__ | Logging to MLflow
2026-05-08 23:50:29 | DEBUG    | git.cmd | Popen(['git', 'version'], cwd=C:\Users\vaibh\OneDrive\Desktop\Workstation\Internship, stdin=None, shell=False, universal_newlines=False)
2026-05-08 23:50:29 | DEBUG    | git.cmd | Popen(['git', 'version'], cwd=C:\Users\vaibh\OneDrive\Desktop\Workstation\Internship, stdin=None, shell=False, universal_newlines=False)
2026-05-08 23:50:29 | DEBUG    | git.cmd | Popen(['git', 'check-ignore', 'c:\\Users\\vaibh\\OneDrive\\Desktop\\Workstation\\Internship\\src'], cwd=c:\Users\vaibh\OneDrive\Desktop\Workstation\Internship, stdin=None, shell=False, universal_newlines=False)
2026-05-08 23:50:29 | DEBUG    | git.cmd | Popen(['git', 'cat-file', '--batch-check'], cwd=c:\Users\vaibh\OneDrive\Desktop\Workstation\Internship, stdin=<valid stream>, shell=False, universal_newlines=False)
2026-05-08 23:50:29 | DEBUG    | urllib3.connectionpool | Starting new HTTPS connection (1): config.mlflow-telemetry.io:443
2026-05-08 23:50:29 | DEBUG    | urllib3.connectionpool | https://config.mlflow-telemetry.io:443 "GET /3.12.0.json HTTP/1.1" 200 308
2026-05-08 23:50:29 | INFO     | __main__ | Walk-forward completed
2026-05-08 23:50:29 | INFO     | __main__ | Mean AUC: 0.4830
2026-05-08 23:50:29 | INFO     | __main__ | Mean Balanced Accuracy: 0.4834
2026-05-08 23:51:32 | INFO     | __main__ | Loading dataset
2026-05-08 23:51:32 | INFO     | data_preprocessing | Loading datasets
2026-05-08 23:51:32 | INFO     | data_preprocessing | Preparing VIX
2026-05-08 23:51:32 | INFO     | data_preprocessing | Preparing BankNifty
2026-05-08 23:51:32 | INFO     | data_preprocessing | Merging datasets
2026-05-08 23:51:32 | INFO     | data_preprocessing | Final shape: (988, 13)
2026-05-08 23:51:32 | INFO     | __main__ | Creating features
2026-05-08 23:51:32 | INFO     | feature_engineering | Creating features
2026-05-08 23:51:32 | INFO     | feature_engineering | Creating target
2026-05-08 23:51:32 | INFO     | feature_engineering | Dropping NaNs
2026-05-08 23:51:32 | INFO     | feature_engineering | Dropped 251 rows
2026-05-08 23:51:32 | INFO     | feature_engineering | Final shape: (737, 46)
2026-05-08 23:51:32 | INFO     | __main__ | Total IS rows: 611
2026-05-08 23:51:34 | INFO     | __main__ | Fold 1 | AUC=0.4643 | BAL_ACC=0.4857
2026-05-08 23:51:34 | INFO     | __main__ | Fold 2 | AUC=0.4938 | BAL_ACC=0.5062
2026-05-08 23:51:34 | INFO     | __main__ | Fold 3 | AUC=0.4990 | BAL_ACC=0.4722
2026-05-08 23:51:35 | INFO     | __main__ | Fold 4 | AUC=0.3971 | BAL_ACC=0.4413
2026-05-08 23:51:35 | INFO     | __main__ | Fold 5 | AUC=0.4274 | BAL_ACC=0.5089
2026-05-08 23:51:36 | INFO     | __main__ | Fold 6 | AUC=0.4013 | BAL_ACC=0.4623
2026-05-08 23:51:37 | INFO     | __main__ | Fold 7 | AUC=0.4640 | BAL_ACC=0.3704
2026-05-08 23:51:38 | INFO     | __main__ | Fold 8 | AUC=0.5606 | BAL_ACC=0.4818
2026-05-08 23:51:39 | INFO     | __main__ | Fold 9 | AUC=0.5171 | BAL_ACC=0.4199
2026-05-08 23:51:40 | INFO     | __main__ | Fold 10 | AUC=0.4918 | BAL_ACC=0.5357
2026-05-08 23:51:41 | INFO     | __main__ | Fold 11 | AUC=0.4023 | BAL_ACC=0.4376
2026-05-08 23:51:41 | INFO     | __main__ | Fold 12 | AUC=0.4245 | BAL_ACC=0.4750
2026-05-08 23:51:42 | INFO     | __main__ | Fold 13 | AUC=0.5953 | BAL_ACC=0.5624
2026-05-08 23:51:42 | INFO     | __main__ | Fold 14 | AUC=0.5737 | BAL_ACC=0.5606
2026-05-08 23:51:43 | INFO     | __main__ | Fold 15 | AUC=0.5335 | BAL_ACC=0.5309
2026-05-08 23:51:43 | INFO     | __main__ | Logging to MLflow
2026-05-08 23:51:43 | DEBUG    | git.cmd | Popen(['git', 'version'], cwd=C:\Users\vaibh\OneDrive\Desktop\Workstation\Internship, stdin=None, shell=False, universal_newlines=False)
2026-05-08 23:51:44 | DEBUG    | git.cmd | Popen(['git', 'version'], cwd=C:\Users\vaibh\OneDrive\Desktop\Workstation\Internship, stdin=None, shell=False, universal_newlines=False)
2026-05-08 23:51:44 | DEBUG    | git.cmd | Popen(['git', 'check-ignore', 'c:\\Users\\vaibh\\OneDrive\\Desktop\\Workstation\\Internship\\src'], cwd=c:\Users\vaibh\OneDrive\Desktop\Workstation\Internship, stdin=None, shell=False, universal_newlines=False)
2026-05-08 23:51:44 | DEBUG    | git.cmd | Popen(['git', 'cat-file', '--batch-check'], cwd=c:\Users\vaibh\OneDrive\Desktop\Workstation\Internship, stdin=<valid stream>, shell=False, universal_newlines=False)
2026-05-08 23:51:44 | DEBUG    | urllib3.connectionpool | Starting new HTTPS connection (1): config.mlflow-telemetry.io:443
2026-05-08 23:51:44 | DEBUG    | urllib3.connectionpool | https://config.mlflow-telemetry.io:443 "GET /3.12.0.json HTTP/1.1" 200 308
2026-05-08 23:51:44 | INFO     | __main__ | Walk-forward completed
2026-05-08 23:51:44 | INFO     | __main__ | Mean AUC: 0.4830
2026-05-08 23:51:44 | INFO     | __main__ | Mean Balanced Accuracy: 0.4834
2026-05-08 23:54:18 | INFO     | __main__ | Loading dataset
2026-05-08 23:54:18 | INFO     | data_preprocessing | Loading datasets
2026-05-08 23:54:18 | INFO     | data_preprocessing | Preparing VIX
2026-05-08 23:54:18 | INFO     | data_preprocessing | Preparing BankNifty
2026-05-08 23:54:18 | INFO     | data_preprocessing | Merging datasets
2026-05-08 23:54:18 | INFO     | data_preprocessing | Final shape: (988, 13)
2026-05-08 23:54:18 | INFO     | __main__ | Creating features
2026-05-08 23:54:18 | INFO     | feature_engineering | Creating features
2026-05-08 23:54:18 | INFO     | feature_engineering | Creating target
2026-05-08 23:54:18 | INFO     | feature_engineering | Dropping NaNs
2026-05-08 23:54:18 | INFO     | feature_engineering | Dropped 251 rows
2026-05-08 23:54:18 | INFO     | feature_engineering | Final shape: (737, 46)
2026-05-08 23:54:18 | INFO     | __main__ | Total IS rows: 611
2026-05-08 23:54:20 | INFO     | __main__ | Fold 1 | AUC=0.4643 | BAL_ACC=0.4857
2026-05-08 23:54:21 | INFO     | __main__ | Fold 2 | AUC=0.4938 | BAL_ACC=0.5062
2026-05-08 23:54:22 | INFO     | __main__ | Fold 3 | AUC=0.4990 | BAL_ACC=0.4722
2026-05-08 23:54:23 | INFO     | __main__ | Fold 4 | AUC=0.3971 | BAL_ACC=0.4413
2026-05-08 23:54:24 | INFO     | __main__ | Fold 5 | AUC=0.4274 | BAL_ACC=0.5089
2026-05-08 23:54:25 | INFO     | __main__ | Fold 6 | AUC=0.4013 | BAL_ACC=0.4623
2026-05-08 23:54:25 | INFO     | __main__ | Fold 7 | AUC=0.4640 | BAL_ACC=0.3704
2026-05-08 23:54:25 | INFO     | __main__ | Fold 8 | AUC=0.5606 | BAL_ACC=0.4818
2026-05-08 23:54:26 | INFO     | __main__ | Fold 9 | AUC=0.5171 | BAL_ACC=0.4199
2026-05-08 23:54:26 | INFO     | __main__ | Fold 10 | AUC=0.4918 | BAL_ACC=0.5357
2026-05-08 23:54:26 | INFO     | __main__ | Fold 11 | AUC=0.4023 | BAL_ACC=0.4376
2026-05-08 23:54:26 | INFO     | __main__ | Fold 12 | AUC=0.4245 | BAL_ACC=0.4750
2026-05-08 23:54:27 | INFO     | __main__ | Fold 13 | AUC=0.5953 | BAL_ACC=0.5624
2026-05-08 23:54:27 | INFO     | __main__ | Fold 14 | AUC=0.5737 | BAL_ACC=0.5606
2026-05-08 23:54:27 | INFO     | __main__ | Fold 15 | AUC=0.5335 | BAL_ACC=0.5309
2026-05-08 23:54:27 | INFO     | __main__ | Logging to MLflow
2026-05-08 23:54:28 | DEBUG    | git.cmd | Popen(['git', 'version'], cwd=C:\Users\vaibh\OneDrive\Desktop\Workstation\Internship, stdin=None, shell=False, universal_newlines=False)
2026-05-08 23:54:28 | DEBUG    | git.cmd | Popen(['git', 'version'], cwd=C:\Users\vaibh\OneDrive\Desktop\Workstation\Internship, stdin=None, shell=False, universal_newlines=False)
2026-05-08 23:54:28 | DEBUG    | git.cmd | Popen(['git', 'check-ignore', 'c:\\Users\\vaibh\\OneDrive\\Desktop\\Workstation\\Internship\\src'], cwd=c:\Users\vaibh\OneDrive\Desktop\Workstation\Internship, stdin=None, shell=False, universal_newlines=False)
2026-05-08 23:54:28 | DEBUG    | git.cmd | Popen(['git', 'cat-file', '--batch-check'], cwd=c:\Users\vaibh\OneDrive\Desktop\Workstation\Internship, stdin=<valid stream>, shell=False, universal_newlines=False)
2026-05-08 23:54:28 | DEBUG    | urllib3.connectionpool | Starting new HTTPS connection (1): config.mlflow-telemetry.io:443
2026-05-08 23:54:28 | DEBUG    | urllib3.connectionpool | https://config.mlflow-telemetry.io:443 "GET /3.12.0.json HTTP/1.1" 200 308
2026-05-08 23:54:28 | INFO     | __main__ | Walk-forward completed
2026-05-08 23:54:28 | INFO     | __main__ | Mean AUC: 0.4830
2026-05-08 23:54:28 | INFO     | __main__ | Mean Balanced Accuracy: 0.4834
2026-05-09 00:00:01 | INFO     | __main__ | Loading dataset
2026-05-09 00:00:01 | INFO     | data_preprocessing | Loading datasets
2026-05-09 00:00:01 | INFO     | data_preprocessing | Preparing VIX
2026-05-09 00:00:01 | INFO     | data_preprocessing | Preparing BankNifty
2026-05-09 00:00:01 | INFO     | data_preprocessing | Merging datasets
2026-05-09 00:00:01 | INFO     | data_preprocessing | Final shape: (988, 13)
2026-05-09 00:00:01 | INFO     | feature_engineering | Creating features
2026-05-09 00:00:01 | INFO     | feature_engineering | Creating target
2026-05-09 00:00:01 | INFO     | feature_engineering | Dropping NaNs
2026-05-09 00:00:01 | INFO     | feature_engineering | Dropped 251 rows
2026-05-09 00:00:01 | INFO     | feature_engineering | Final shape: (737, 46)
2026-05-09 00:00:01 | INFO     | __main__ | Splitting IS/OOS
2026-05-09 00:00:01 | INFO     | __main__ | Train rows: 611
2026-05-09 00:00:01 | INFO     | __main__ | Test rows : 126
2026-05-09 00:00:01 | INFO     | __main__ | Majority baseline accuracy: 0.5079
2026-05-09 00:00:01 | INFO     | __main__ | Persistence baseline accuracy: 0.5840
2026-05-09 00:00:01 | INFO     | __main__ | Training XGBoost
2026-05-09 00:00:02 | INFO     | __main__ | Generating predictions
2026-05-09 00:00:02 | INFO     | __main__ | Accuracy          : 0.4762
2026-05-09 00:00:02 | INFO     | __main__ | Balanced Accuracy : 0.4718
2026-05-09 00:00:02 | INFO     | __main__ | Precision         : 0.4898
2026-05-09 00:00:02 | INFO     | __main__ | Recall            : 0.7500
2026-05-09 00:00:02 | INFO     | __main__ | F1 Score          : 0.5926
2026-05-09 00:00:02 | INFO     | __main__ | AUC Score         : 0.4703
2026-05-09 00:00:02 | INFO     | __main__ | Saving artifacts
2026-05-09 00:00:03 | INFO     | __main__ | Logging to MLflow
2026-05-09 00:00:04 | DEBUG    | git.cmd | Popen(['git', 'version'], cwd=C:\Users\vaibh\OneDrive\Desktop\Workstation\Internship, stdin=None, shell=False, universal_newlines=False)
2026-05-09 00:00:04 | DEBUG    | git.cmd | Popen(['git', 'version'], cwd=C:\Users\vaibh\OneDrive\Desktop\Workstation\Internship, stdin=None, shell=False, universal_newlines=False)
2026-05-09 00:00:04 | DEBUG    | git.cmd | Popen(['git', 'check-ignore', 'c:\\Users\\vaibh\\OneDrive\\Desktop\\Workstation\\Internship\\src'], cwd=c:\Users\vaibh\OneDrive\Desktop\Workstation\Internship, stdin=None, shell=False, universal_newlines=False)
2026-05-09 00:00:04 | DEBUG    | git.cmd | Popen(['git', 'cat-file', '--batch-check'], cwd=c:\Users\vaibh\OneDrive\Desktop\Workstation\Internship, stdin=<valid stream>, shell=False, universal_newlines=False)
2026-05-09 00:00:04 | DEBUG    | urllib3.connectionpool | Starting new HTTPS connection (1): config.mlflow-telemetry.io:443
2026-05-09 00:00:04 | DEBUG    | urllib3.connectionpool | https://config.mlflow-telemetry.io:443 "GET /3.12.0.json HTTP/1.1" 200 308
2026-05-09 00:00:10 | DEBUG    | urllib3.connectionpool | Starting new HTTPS connection (1): api.mlflow-telemetry.io:443
2026-05-09 00:00:12 | DEBUG    | urllib3.connectionpool | Starting new HTTPS connection (1): api.mlflow-telemetry.io:443
2026-05-09 00:00:13 | DEBUG    | urllib3.connectionpool | https://api.mlflow-telemetry.io:443 "POST /log HTTP/1.1" 200 30
2026-05-09 00:00:14 | INFO     | __main__ | Training completed
2026-05-09 00:01:49 | INFO     | __main__ | Loading dataset
2026-05-09 00:01:49 | INFO     | data_preprocessing | Loading datasets
2026-05-09 00:01:49 | INFO     | data_preprocessing | Preparing VIX
2026-05-09 00:01:49 | INFO     | data_preprocessing | Preparing BankNifty
2026-05-09 00:01:49 | INFO     | data_preprocessing | Merging datasets
2026-05-09 00:01:49 | INFO     | data_preprocessing | Final shape: (988, 13)
2026-05-09 00:01:49 | INFO     | feature_engineering | Creating features
2026-05-09 00:01:49 | INFO     | feature_engineering | Creating target
2026-05-09 00:01:49 | INFO     | feature_engineering | Dropping NaNs
2026-05-09 00:01:49 | INFO     | feature_engineering | Dropped 251 rows
2026-05-09 00:01:49 | INFO     | feature_engineering | Final shape: (737, 46)
2026-05-09 00:01:49 | INFO     | __main__ | Splitting IS/OOS
2026-05-09 00:01:49 | INFO     | __main__ | Train rows: 611
2026-05-09 00:01:49 | INFO     | __main__ | Test rows : 126
2026-05-09 00:01:49 | INFO     | __main__ | Majority baseline accuracy: 0.5079
2026-05-09 00:01:49 | INFO     | __main__ | Persistence baseline accuracy: 0.5840
2026-05-09 00:01:49 | INFO     | __main__ | Training XGBoost
2026-05-09 00:01:49 | INFO     | __main__ | Generating predictions
2026-05-09 00:01:49 | INFO     | __main__ | Accuracy          : 0.4762
2026-05-09 00:01:49 | INFO     | __main__ | Balanced Accuracy : 0.4718
2026-05-09 00:01:49 | INFO     | __main__ | Precision         : 0.4898
2026-05-09 00:01:49 | INFO     | __main__ | Recall            : 0.7500
2026-05-09 00:01:49 | INFO     | __main__ | F1 Score          : 0.5926
2026-05-09 00:01:49 | INFO     | __main__ | AUC Score         : 0.4703
2026-05-09 00:01:49 | INFO     | __main__ | Saving artifacts
2026-05-09 00:01:49 | INFO     | __main__ | Logging to MLflow
2026-05-09 00:01:50 | DEBUG    | git.cmd | Popen(['git', 'version'], cwd=C:\Users\vaibh\OneDrive\Desktop\Workstation\Internship, stdin=None, shell=False, universal_newlines=False)
2026-05-09 00:01:50 | DEBUG    | git.cmd | Popen(['git', 'version'], cwd=C:\Users\vaibh\OneDrive\Desktop\Workstation\Internship, stdin=None, shell=False, universal_newlines=False)
2026-05-09 00:01:50 | DEBUG    | git.cmd | Popen(['git', 'check-ignore', 'c:\\Users\\vaibh\\OneDrive\\Desktop\\Workstation\\Internship\\src'], cwd=c:\Users\vaibh\OneDrive\Desktop\Workstation\Internship, stdin=None, shell=False, universal_newlines=False)
2026-05-09 00:01:50 | DEBUG    | git.cmd | Popen(['git', 'cat-file', '--batch-check'], cwd=c:\Users\vaibh\OneDrive\Desktop\Workstation\Internship, stdin=<valid stream>, shell=False, universal_newlines=False)
2026-05-09 00:01:50 | DEBUG    | urllib3.connectionpool | Starting new HTTPS connection (1): config.mlflow-telemetry.io:443
2026-05-09 00:01:50 | DEBUG    | urllib3.connectionpool | https://config.mlflow-telemetry.io:443 "GET /3.12.0.json HTTP/1.1" 200 308
2026-05-09 00:01:57 | DEBUG    | urllib3.connectionpool | Starting new HTTPS connection (1): api.mlflow-telemetry.io:443
2026-05-09 00:01:58 | DEBUG    | urllib3.connectionpool | https://api.mlflow-telemetry.io:443 "POST /log HTTP/1.1" 200 30
2026-05-09 00:02:04 | INFO     | __main__ | Training completed
2026-05-09 00:05:14 | INFO     | __main__ | Loading dataset
2026-05-09 00:05:14 | INFO     | data_preprocessing | Loading datasets
2026-05-09 00:05:14 | INFO     | data_preprocessing | Preparing VIX
2026-05-09 00:05:14 | INFO     | data_preprocessing | Preparing BankNifty
2026-05-09 00:05:14 | INFO     | data_preprocessing | Merging datasets
2026-05-09 00:05:14 | INFO     | data_preprocessing | Final shape: (988, 13)
2026-05-09 00:05:14 | INFO     | feature_engineering | Creating features
2026-05-09 00:05:14 | INFO     | feature_engineering | Creating target
2026-05-09 00:05:14 | INFO     | feature_engineering | Dropping NaNs
2026-05-09 00:05:14 | INFO     | feature_engineering | Dropped 251 rows
2026-05-09 00:05:14 | INFO     | feature_engineering | Final shape: (737, 46)
2026-05-09 00:05:14 | INFO     | __main__ | Majority baseline accuracy: 0.5079
2026-05-09 00:05:14 | INFO     | __main__ | Persistence baseline accuracy: 0.5840
2026-05-09 00:05:16 | INFO     | __main__ | Accuracy          : 0.4762
2026-05-09 00:05:16 | INFO     | __main__ | Balanced Accuracy : 0.4718
2026-05-09 00:05:16 | INFO     | __main__ | Precision         : 0.4898
2026-05-09 00:05:16 | INFO     | __main__ | Recall            : 0.7500
2026-05-09 00:05:16 | INFO     | __main__ | F1 Score          : 0.5926
2026-05-09 00:05:16 | INFO     | __main__ | AUC Score         : 0.4703
2026-05-09 00:05:16 | INFO     | __main__ | Logging to MLflow
2026-05-09 00:05:16 | DEBUG    | git.cmd | Popen(['git', 'version'], cwd=C:\Users\vaibh\OneDrive\Desktop\Workstation\Internship, stdin=None, shell=False, universal_newlines=False)
2026-05-09 00:05:17 | DEBUG    | git.cmd | Popen(['git', 'version'], cwd=C:\Users\vaibh\OneDrive\Desktop\Workstation\Internship, stdin=None, shell=False, universal_newlines=False)
2026-05-09 00:05:17 | DEBUG    | git.cmd | Popen(['git', 'check-ignore', 'c:\\Users\\vaibh\\OneDrive\\Desktop\\Workstation\\Internship\\src'], cwd=c:\Users\vaibh\OneDrive\Desktop\Workstation\Internship, stdin=None, shell=False, universal_newlines=False)
2026-05-09 00:05:17 | DEBUG    | git.cmd | Popen(['git', 'cat-file', '--batch-check'], cwd=c:\Users\vaibh\OneDrive\Desktop\Workstation\Internship, stdin=<valid stream>, shell=False, universal_newlines=False)
2026-05-09 00:05:17 | DEBUG    | urllib3.connectionpool | Starting new HTTPS connection (1): config.mlflow-telemetry.io:443
2026-05-09 00:05:17 | DEBUG    | urllib3.connectionpool | https://config.mlflow-telemetry.io:443 "GET /3.12.0.json HTTP/1.1" 200 308
2026-05-09 00:05:21 | INFO     | __main__ | Training completed
2026-05-09 00:06:53 | INFO     | __main__ | Loading dataset
2026-05-09 00:06:53 | INFO     | data_preprocessing | Loading datasets
2026-05-09 00:06:53 | INFO     | data_preprocessing | Preparing VIX
2026-05-09 00:06:53 | INFO     | data_preprocessing | Preparing BankNifty
2026-05-09 00:06:53 | INFO     | data_preprocessing | Merging datasets
2026-05-09 00:06:53 | INFO     | data_preprocessing | Final shape: (988, 13)
2026-05-09 00:06:53 | INFO     | __main__ | Creating features
2026-05-09 00:06:53 | INFO     | feature_engineering | Creating features
2026-05-09 00:06:53 | INFO     | feature_engineering | Creating target
2026-05-09 00:06:53 | INFO     | feature_engineering | Dropping NaNs
2026-05-09 00:06:53 | INFO     | feature_engineering | Dropped 251 rows
2026-05-09 00:06:53 | INFO     | feature_engineering | Final shape: (737, 46)
2026-05-09 00:06:53 | INFO     | __main__ | Majority baseline accuracy: 0.5079
2026-05-09 00:06:53 | INFO     | __main__ | Persistence baseline accuracy: 0.5840
2026-05-09 00:06:53 | INFO     | __main__ | Training model
2026-05-09 00:06:55 | INFO     | __main__ | Accuracy          : 0.4603
2026-05-09 00:06:55 | INFO     | __main__ | Balanced Accuracy : 0.4556
2026-05-09 00:06:55 | INFO     | __main__ | AUC               : 0.4904
2026-05-09 00:06:55 | INFO     | __main__ | Logging to MLflow
2026-05-09 00:06:55 | DEBUG    | git.cmd | Popen(['git', 'version'], cwd=C:\Users\vaibh\OneDrive\Desktop\Workstation\Internship, stdin=None, shell=False, universal_newlines=False)
2026-05-09 00:06:55 | DEBUG    | git.cmd | Popen(['git', 'version'], cwd=C:\Users\vaibh\OneDrive\Desktop\Workstation\Internship, stdin=None, shell=False, universal_newlines=False)
2026-05-09 00:06:56 | DEBUG    | git.cmd | Popen(['git', 'check-ignore', 'c:\\Users\\vaibh\\OneDrive\\Desktop\\Workstation\\Internship\\src'], cwd=c:\Users\vaibh\OneDrive\Desktop\Workstation\Internship, stdin=None, shell=False, universal_newlines=False)
2026-05-09 00:06:56 | DEBUG    | git.cmd | Popen(['git', 'cat-file', '--batch-check'], cwd=c:\Users\vaibh\OneDrive\Desktop\Workstation\Internship, stdin=<valid stream>, shell=False, universal_newlines=False)
2026-05-09 00:06:56 | DEBUG    | urllib3.connectionpool | Starting new HTTPS connection (1): config.mlflow-telemetry.io:443
2026-05-09 00:06:56 | DEBUG    | urllib3.connectionpool | https://config.mlflow-telemetry.io:443 "GET /3.12.0.json HTTP/1.1" 200 308
2026-05-09 00:07:00 | INFO     | __main__ | Done
2026-05-09 00:07:50 | INFO     | __main__ | Loading dataset
2026-05-09 00:07:50 | INFO     | data_preprocessing | Loading datasets
2026-05-09 00:07:50 | INFO     | data_preprocessing | Preparing VIX
2026-05-09 00:07:50 | INFO     | data_preprocessing | Preparing BankNifty
2026-05-09 00:07:50 | INFO     | data_preprocessing | Merging datasets
2026-05-09 00:07:50 | INFO     | data_preprocessing | Final shape: (988, 13)
2026-05-09 00:07:50 | INFO     | __main__ | Creating features
2026-05-09 00:07:50 | INFO     | feature_engineering | Creating features
2026-05-09 00:07:50 | INFO     | feature_engineering | Creating target
2026-05-09 00:07:50 | INFO     | feature_engineering | Dropping NaNs
2026-05-09 00:07:50 | INFO     | feature_engineering | Dropped 251 rows
2026-05-09 00:07:50 | INFO     | feature_engineering | Final shape: (737, 46)
2026-05-09 00:07:50 | INFO     | __main__ | Majority baseline accuracy: 0.5079
2026-05-09 00:07:50 | INFO     | __main__ | Persistence baseline accuracy: 0.5840
2026-05-09 00:07:50 | INFO     | __main__ | Training model
2026-05-09 00:07:51 | INFO     | __main__ | Accuracy          : 0.4603
2026-05-09 00:07:51 | INFO     | __main__ | Balanced Accuracy : 0.4556
2026-05-09 00:07:51 | INFO     | __main__ | AUC               : 0.4904
2026-05-09 00:07:51 | INFO     | __main__ | Logging to MLflow
2026-05-09 00:07:52 | DEBUG    | git.cmd | Popen(['git', 'version'], cwd=C:\Users\vaibh\OneDrive\Desktop\Workstation\Internship, stdin=None, shell=False, universal_newlines=False)
2026-05-09 00:07:52 | DEBUG    | git.cmd | Popen(['git', 'version'], cwd=C:\Users\vaibh\OneDrive\Desktop\Workstation\Internship, stdin=None, shell=False, universal_newlines=False)
2026-05-09 00:07:52 | DEBUG    | git.cmd | Popen(['git', 'check-ignore', 'c:\\Users\\vaibh\\OneDrive\\Desktop\\Workstation\\Internship\\src'], cwd=c:\Users\vaibh\OneDrive\Desktop\Workstation\Internship, stdin=None, shell=False, universal_newlines=False)
2026-05-09 00:07:52 | DEBUG    | git.cmd | Popen(['git', 'cat-file', '--batch-check'], cwd=c:\Users\vaibh\OneDrive\Desktop\Workstation\Internship, stdin=<valid stream>, shell=False, universal_newlines=False)
2026-05-09 00:07:52 | DEBUG    | urllib3.connectionpool | Starting new HTTPS connection (1): config.mlflow-telemetry.io:443
2026-05-09 00:07:52 | DEBUG    | urllib3.connectionpool | https://config.mlflow-telemetry.io:443 "GET /3.12.0.json HTTP/1.1" 200 308
2026-05-09 00:07:56 | INFO     | __main__ | Done
2026-05-09 00:08:12 | INFO     | __main__ | Loading dataset
2026-05-09 00:08:12 | INFO     | data_preprocessing | Loading datasets
2026-05-09 00:08:12 | INFO     | data_preprocessing | Preparing VIX
2026-05-09 00:08:12 | INFO     | data_preprocessing | Preparing BankNifty
2026-05-09 00:08:12 | INFO     | data_preprocessing | Merging datasets
2026-05-09 00:08:12 | INFO     | data_preprocessing | Final shape: (988, 13)
2026-05-09 00:08:12 | INFO     | __main__ | Creating features
2026-05-09 00:08:12 | INFO     | feature_engineering | Creating features
2026-05-09 00:08:12 | INFO     | feature_engineering | Creating target
2026-05-09 00:08:12 | INFO     | feature_engineering | Dropping NaNs
2026-05-09 00:08:12 | INFO     | feature_engineering | Dropped 251 rows
2026-05-09 00:08:12 | INFO     | feature_engineering | Final shape: (737, 46)
2026-05-09 00:08:12 | INFO     | __main__ | Total IS rows: 611
2026-05-09 00:08:14 | INFO     | __main__ | Fold 1 | AUC=0.4643 | BAL_ACC=0.4857
2026-05-09 00:08:14 | INFO     | __main__ | Fold 2 | AUC=0.4938 | BAL_ACC=0.5062
2026-05-09 00:08:15 | INFO     | __main__ | Fold 3 | AUC=0.4990 | BAL_ACC=0.4722
2026-05-09 00:08:15 | INFO     | __main__ | Fold 4 | AUC=0.3971 | BAL_ACC=0.4413
2026-05-09 00:08:16 | INFO     | __main__ | Fold 5 | AUC=0.4274 | BAL_ACC=0.5089
2026-05-09 00:08:17 | INFO     | __main__ | Fold 6 | AUC=0.4013 | BAL_ACC=0.4623
2026-05-09 00:08:18 | INFO     | __main__ | Fold 7 | AUC=0.4640 | BAL_ACC=0.3704
2026-05-09 00:08:18 | INFO     | __main__ | Fold 8 | AUC=0.5606 | BAL_ACC=0.4818
2026-05-09 00:08:19 | INFO     | __main__ | Fold 9 | AUC=0.5171 | BAL_ACC=0.4199
2026-05-09 00:08:20 | INFO     | __main__ | Fold 10 | AUC=0.4918 | BAL_ACC=0.5357
2026-05-09 00:08:21 | INFO     | __main__ | Fold 11 | AUC=0.4023 | BAL_ACC=0.4376
2026-05-09 00:08:21 | INFO     | __main__ | Fold 12 | AUC=0.4245 | BAL_ACC=0.4750
2026-05-09 00:08:22 | INFO     | __main__ | Fold 13 | AUC=0.5953 | BAL_ACC=0.5624
2026-05-09 00:08:22 | INFO     | __main__ | Fold 14 | AUC=0.5737 | BAL_ACC=0.5606
2026-05-09 00:08:23 | INFO     | __main__ | Fold 15 | AUC=0.5335 | BAL_ACC=0.5309
2026-05-09 00:08:23 | INFO     | __main__ | Logging to MLflow
2026-05-09 00:08:24 | DEBUG    | git.cmd | Popen(['git', 'version'], cwd=C:\Users\vaibh\OneDrive\Desktop\Workstation\Internship, stdin=None, shell=False, universal_newlines=False)
2026-05-09 00:08:24 | DEBUG    | git.cmd | Popen(['git', 'version'], cwd=C:\Users\vaibh\OneDrive\Desktop\Workstation\Internship, stdin=None, shell=False, universal_newlines=False)
2026-05-09 00:08:24 | DEBUG    | git.cmd | Popen(['git', 'check-ignore', 'c:\\Users\\vaibh\\OneDrive\\Desktop\\Workstation\\Internship\\src'], cwd=c:\Users\vaibh\OneDrive\Desktop\Workstation\Internship, stdin=None, shell=False, universal_newlines=False)
2026-05-09 00:08:24 | DEBUG    | git.cmd | Popen(['git', 'cat-file', '--batch-check'], cwd=c:\Users\vaibh\OneDrive\Desktop\Workstation\Internship, stdin=<valid stream>, shell=False, universal_newlines=False)
2026-05-09 00:08:24 | DEBUG    | urllib3.connectionpool | Starting new HTTPS connection (1): config.mlflow-telemetry.io:443
2026-05-09 00:08:24 | DEBUG    | urllib3.connectionpool | https://config.mlflow-telemetry.io:443 "GET /3.12.0.json HTTP/1.1" 200 308
2026-05-09 00:08:24 | INFO     | __main__ | Walk-forward completed
2026-05-09 00:08:24 | INFO     | __main__ | Mean AUC: 0.4830
2026-05-09 00:08:24 | INFO     | __main__ | Mean Balanced Accuracy: 0.4834
2026-05-09 00:08:36 | INFO     | __main__ | Loading dataset
2026-05-09 00:08:36 | INFO     | data_preprocessing | Loading datasets
2026-05-09 00:08:36 | INFO     | data_preprocessing | Preparing VIX
2026-05-09 00:08:36 | INFO     | data_preprocessing | Preparing BankNifty
2026-05-09 00:08:36 | INFO     | data_preprocessing | Merging datasets
2026-05-09 00:08:36 | INFO     | data_preprocessing | Final shape: (988, 13)
2026-05-09 00:08:36 | INFO     | __main__ | Creating features
2026-05-09 00:08:36 | INFO     | feature_engineering | Creating features
2026-05-09 00:08:36 | INFO     | feature_engineering | Creating target
2026-05-09 00:08:36 | INFO     | feature_engineering | Dropping NaNs
2026-05-09 00:08:36 | INFO     | feature_engineering | Dropped 251 rows
2026-05-09 00:08:36 | INFO     | feature_engineering | Final shape: (737, 46)
2026-05-09 00:08:36 | INFO     | __main__ | Total IS rows: 611
2026-05-09 00:08:38 | INFO     | __main__ | Fold 1 | AUC=0.4643 | BAL_ACC=0.4857
2026-05-09 00:08:38 | INFO     | __main__ | Fold 2 | AUC=0.4938 | BAL_ACC=0.5062
2026-05-09 00:08:38 | INFO     | __main__ | Fold 3 | AUC=0.4990 | BAL_ACC=0.4722
2026-05-09 00:08:39 | INFO     | __main__ | Fold 4 | AUC=0.3971 | BAL_ACC=0.4413
2026-05-09 00:08:40 | INFO     | __main__ | Fold 5 | AUC=0.4274 | BAL_ACC=0.5089
2026-05-09 00:08:40 | INFO     | __main__ | Fold 6 | AUC=0.4013 | BAL_ACC=0.4623
2026-05-09 00:08:41 | INFO     | __main__ | Fold 7 | AUC=0.4640 | BAL_ACC=0.3704
2026-05-09 00:08:41 | INFO     | __main__ | Fold 8 | AUC=0.5606 | BAL_ACC=0.4818
2026-05-09 00:08:42 | INFO     | __main__ | Fold 9 | AUC=0.5171 | BAL_ACC=0.4199
2026-05-09 00:08:42 | INFO     | __main__ | Fold 10 | AUC=0.4918 | BAL_ACC=0.5357
2026-05-09 00:08:43 | INFO     | __main__ | Fold 11 | AUC=0.4023 | BAL_ACC=0.4376
2026-05-09 00:08:43 | INFO     | __main__ | Fold 12 | AUC=0.4245 | BAL_ACC=0.4750
2026-05-09 00:08:44 | INFO     | __main__ | Fold 13 | AUC=0.5953 | BAL_ACC=0.5624
2026-05-09 00:08:44 | INFO     | __main__ | Fold 14 | AUC=0.5737 | BAL_ACC=0.5606
2026-05-09 00:08:45 | INFO     | __main__ | Fold 15 | AUC=0.5335 | BAL_ACC=0.5309
2026-05-09 00:08:45 | INFO     | __main__ | Logging to MLflow
2026-05-09 00:08:45 | DEBUG    | git.cmd | Popen(['git', 'version'], cwd=C:\Users\vaibh\OneDrive\Desktop\Workstation\Internship, stdin=None, shell=False, universal_newlines=False)
2026-05-09 00:08:45 | DEBUG    | git.cmd | Popen(['git', 'version'], cwd=C:\Users\vaibh\OneDrive\Desktop\Workstation\Internship, stdin=None, shell=False, universal_newlines=False)
2026-05-09 00:08:46 | DEBUG    | git.cmd | Popen(['git', 'check-ignore', 'c:\\Users\\vaibh\\OneDrive\\Desktop\\Workstation\\Internship\\src'], cwd=c:\Users\vaibh\OneDrive\Desktop\Workstation\Internship, stdin=None, shell=False, universal_newlines=False)
2026-05-09 00:08:46 | DEBUG    | git.cmd | Popen(['git', 'cat-file', '--batch-check'], cwd=c:\Users\vaibh\OneDrive\Desktop\Workstation\Internship, stdin=<valid stream>, shell=False, universal_newlines=False)
2026-05-09 00:08:46 | DEBUG    | urllib3.connectionpool | Starting new HTTPS connection (1): config.mlflow-telemetry.io:443
2026-05-09 00:08:46 | DEBUG    | urllib3.connectionpool | https://config.mlflow-telemetry.io:443 "GET /3.12.0.json HTTP/1.1" 200 308
2026-05-09 00:08:46 | INFO     | __main__ | Walk-forward completed
2026-05-09 00:08:46 | INFO     | __main__ | Mean AUC: 0.4830
2026-05-09 00:08:46 | INFO     | __main__ | Mean Balanced Accuracy: 0.4834
2026-05-09 00:10:00 | INFO     | __main__ | Loading dataset
2026-05-09 00:10:00 | INFO     | data_preprocessing | Loading datasets
2026-05-09 00:10:00 | INFO     | data_preprocessing | Preparing VIX
2026-05-09 00:10:00 | INFO     | data_preprocessing | Preparing BankNifty
2026-05-09 00:10:00 | INFO     | data_preprocessing | Merging datasets
2026-05-09 00:10:00 | INFO     | data_preprocessing | Final shape: (988, 13)
2026-05-09 00:10:00 | INFO     | __main__ | Creating features
2026-05-09 00:10:00 | INFO     | feature_engineering | Creating features
2026-05-09 00:10:00 | INFO     | feature_engineering | Creating target
2026-05-09 00:10:00 | INFO     | feature_engineering | Dropping NaNs
2026-05-09 00:10:00 | INFO     | feature_engineering | Dropped 251 rows
2026-05-09 00:10:00 | INFO     | feature_engineering | Final shape: (737, 46)
2026-05-09 00:10:00 | INFO     | __main__ | Majority baseline accuracy: 0.5079
2026-05-09 00:10:00 | INFO     | __main__ | Persistence baseline accuracy: 0.5840
2026-05-09 00:10:00 | INFO     | __main__ | Training model
2026-05-09 00:10:01 | INFO     | __main__ | Accuracy          : 0.4603
2026-05-09 00:10:01 | INFO     | __main__ | Balanced Accuracy : 0.4556
2026-05-09 00:10:01 | INFO     | __main__ | AUC               : 0.4904
2026-05-09 00:10:01 | INFO     | __main__ | Logging to MLflow
2026-05-09 00:10:02 | DEBUG    | git.cmd | Popen(['git', 'version'], cwd=C:\Users\vaibh\OneDrive\Desktop\Workstation\Internship, stdin=None, shell=False, universal_newlines=False)
2026-05-09 00:10:02 | DEBUG    | git.cmd | Popen(['git', 'version'], cwd=C:\Users\vaibh\OneDrive\Desktop\Workstation\Internship, stdin=None, shell=False, universal_newlines=False)
2026-05-09 00:10:02 | DEBUG    | git.cmd | Popen(['git', 'check-ignore', 'c:\\Users\\vaibh\\OneDrive\\Desktop\\Workstation\\Internship\\src'], cwd=c:\Users\vaibh\OneDrive\Desktop\Workstation\Internship, stdin=None, shell=False, universal_newlines=False)
2026-05-09 00:10:02 | DEBUG    | git.cmd | Popen(['git', 'cat-file', '--batch-check'], cwd=c:\Users\vaibh\OneDrive\Desktop\Workstation\Internship, stdin=<valid stream>, shell=False, universal_newlines=False)
2026-05-09 00:10:02 | DEBUG    | urllib3.connectionpool | Starting new HTTPS connection (1): config.mlflow-telemetry.io:443
2026-05-09 00:10:02 | DEBUG    | urllib3.connectionpool | https://config.mlflow-telemetry.io:443 "GET /3.12.0.json HTTP/1.1" 200 308
2026-05-09 00:11:23 | INFO     | __main__ | Loading dataset
2026-05-09 00:11:23 | INFO     | data_preprocessing | Loading datasets
2026-05-09 00:11:23 | INFO     | data_preprocessing | Preparing VIX
2026-05-09 00:11:23 | INFO     | data_preprocessing | Preparing BankNifty
2026-05-09 00:11:23 | INFO     | data_preprocessing | Merging datasets
2026-05-09 00:11:23 | INFO     | data_preprocessing | Final shape: (988, 13)
2026-05-09 00:11:23 | INFO     | __main__ | Creating features
2026-05-09 00:11:23 | INFO     | feature_engineering | Creating features
2026-05-09 00:11:23 | INFO     | feature_engineering | Creating target
2026-05-09 00:11:23 | INFO     | feature_engineering | Dropping NaNs
2026-05-09 00:11:23 | INFO     | feature_engineering | Dropped 259 rows
2026-05-09 00:11:23 | INFO     | feature_engineering | Final shape: (729, 46)
2026-05-09 00:11:23 | INFO     | __main__ | Majority baseline accuracy: 0.5079
2026-05-09 00:11:23 | INFO     | __main__ | Persistence baseline accuracy: 0.5840
2026-05-09 00:11:23 | INFO     | __main__ | Training model
2026-05-09 00:11:24 | INFO     | __main__ | Accuracy          : 0.4921
2026-05-09 00:11:24 | INFO     | __main__ | Balanced Accuracy : 0.4879
2026-05-09 00:11:24 | INFO     | __main__ | AUC               : 0.5098
2026-05-09 00:11:24 | INFO     | __main__ | Logging to MLflow
2026-05-09 00:11:25 | DEBUG    | git.cmd | Popen(['git', 'version'], cwd=C:\Users\vaibh\OneDrive\Desktop\Workstation\Internship, stdin=None, shell=False, universal_newlines=False)
2026-05-09 00:11:25 | DEBUG    | git.cmd | Popen(['git', 'version'], cwd=C:\Users\vaibh\OneDrive\Desktop\Workstation\Internship, stdin=None, shell=False, universal_newlines=False)
2026-05-09 00:11:26 | DEBUG    | git.cmd | Popen(['git', 'check-ignore', 'c:\\Users\\vaibh\\OneDrive\\Desktop\\Workstation\\Internship\\src'], cwd=c:\Users\vaibh\OneDrive\Desktop\Workstation\Internship, stdin=None, shell=False, universal_newlines=False)
2026-05-09 00:11:26 | DEBUG    | git.cmd | Popen(['git', 'cat-file', '--batch-check'], cwd=c:\Users\vaibh\OneDrive\Desktop\Workstation\Internship, stdin=<valid stream>, shell=False, universal_newlines=False)
2026-05-09 00:11:26 | DEBUG    | urllib3.connectionpool | Starting new HTTPS connection (1): config.mlflow-telemetry.io:443
2026-05-09 00:11:27 | DEBUG    | urllib3.connectionpool | https://config.mlflow-telemetry.io:443 "GET /3.12.0.json HTTP/1.1" 200 308
2026-05-09 00:11:30 | INFO     | __main__ | Done
2026-05-09 00:11:43 | INFO     | __main__ | Loading artifacts
2026-05-09 00:11:46 | INFO     | __main__ | Running backtest
2026-05-09 00:11:46 | INFO     | __main__ | Backtest completed
2026-05-09 00:12:07 | INFO     | __main__ | Loading artifacts
2026-05-09 00:12:09 | INFO     | __main__ | Running backtest
2026-05-09 00:12:09 | INFO     | __main__ | Backtest completed
2026-05-09 00:14:04 | INFO     | __main__ | Loading dataset
2026-05-09 00:14:04 | INFO     | data_preprocessing | Loading datasets
2026-05-09 00:14:04 | INFO     | data_preprocessing | Preparing VIX
2026-05-09 00:14:04 | INFO     | data_preprocessing | Preparing BankNifty
2026-05-09 00:14:04 | INFO     | data_preprocessing | Merging datasets
2026-05-09 00:14:04 | INFO     | data_preprocessing | Final shape: (988, 13)
2026-05-09 00:14:04 | INFO     | feature_engineering | Creating features
2026-05-09 00:14:04 | INFO     | feature_engineering | Creating target
2026-05-09 00:14:04 | INFO     | feature_engineering | Dropping NaNs
2026-05-09 00:14:04 | INFO     | feature_engineering | Dropped 259 rows
2026-05-09 00:14:04 | INFO     | feature_engineering | Final shape: (729, 46)
2026-05-09 00:14:06 | INFO     | __main__ | Fold 1 | AUC 0.4168 | BAL 0.4179
2026-05-09 00:14:06 | INFO     | __main__ | Fold 2 | AUC 0.4168 | BAL 0.4133
2026-05-09 00:14:07 | INFO     | __main__ | Fold 3 | AUC 0.4496 | BAL 0.4213
2026-05-09 00:14:07 | INFO     | __main__ | Fold 4 | AUC 0.3628 | BAL 0.4511
2026-05-09 00:14:07 | INFO     | __main__ | Fold 5 | AUC 0.3821 | BAL 0.4167
2026-05-09 00:14:08 | INFO     | __main__ | Fold 6 | AUC 0.3769 | BAL 0.4307
2026-05-09 00:14:08 | INFO     | __main__ | Fold 7 | AUC 0.4704 | BAL 0.3679
2026-05-09 00:14:09 | INFO     | __main__ | Fold 8 | AUC 0.4816 | BAL 0.3964
2026-05-09 00:14:09 | INFO     | __main__ | Fold 9 | AUC 0.5304 | BAL 0.4478
2026-05-09 00:14:10 | INFO     | __main__ | Fold 10 | AUC 0.5041 | BAL 0.4716
2026-05-09 00:14:10 | INFO     | __main__ | Fold 11 | AUC 0.4489 | BAL 0.5582
2026-05-09 00:14:11 | INFO     | __main__ | Fold 12 | AUC 0.4667 | BAL 0.5016
2026-05-09 00:14:11 | INFO     | __main__ | Fold 13 | AUC 0.5949 | BAL 0.5179
2026-05-09 00:14:12 | INFO     | __main__ | Fold 14 | AUC 0.5603 | BAL 0.5816
2026-05-09 00:14:12 | INFO     | __main__ | Logging MLflow
2026-05-09 00:14:12 | DEBUG    | git.cmd | Popen(['git', 'version'], cwd=C:\Users\vaibh\OneDrive\Desktop\Workstation\Internship, stdin=None, shell=False, universal_newlines=False)
2026-05-09 00:14:12 | DEBUG    | git.cmd | Popen(['git', 'version'], cwd=C:\Users\vaibh\OneDrive\Desktop\Workstation\Internship, stdin=None, shell=False, universal_newlines=False)
2026-05-09 00:14:13 | DEBUG    | git.cmd | Popen(['git', 'check-ignore', 'c:\\Users\\vaibh\\OneDrive\\Desktop\\Workstation\\Internship\\src'], cwd=c:\Users\vaibh\OneDrive\Desktop\Workstation\Internship, stdin=None, shell=False, universal_newlines=False)
2026-05-09 00:14:13 | DEBUG    | git.cmd | Popen(['git', 'cat-file', '--batch-check'], cwd=c:\Users\vaibh\OneDrive\Desktop\Workstation\Internship, stdin=<valid stream>, shell=False, universal_newlines=False)
2026-05-09 00:14:13 | DEBUG    | urllib3.connectionpool | Starting new HTTPS connection (1): config.mlflow-telemetry.io:443
2026-05-09 00:14:13 | DEBUG    | urllib3.connectionpool | https://config.mlflow-telemetry.io:443 "GET /3.12.0.json HTTP/1.1" 200 308
2026-05-09 00:14:13 | INFO     | __main__ | AUC 0.4616
2026-05-09 00:14:13 | INFO     | __main__ | BAL 0.4567
2026-05-09 08:24:38 | INFO     | __main__ | Loading dataset
2026-05-09 08:24:38 | INFO     | data_preprocessing | Loading datasets
2026-05-09 08:24:38 | INFO     | data_preprocessing | Preparing VIX
2026-05-09 08:24:38 | INFO     | data_preprocessing | Preparing BankNifty
2026-05-09 08:24:38 | INFO     | data_preprocessing | Merging datasets
2026-05-09 08:24:38 | INFO     | data_preprocessing | Final shape: (988, 13)
2026-05-09 08:24:38 | INFO     | __main__ | Creating features
2026-05-09 08:24:38 | INFO     | feature_engineering | Creating features
2026-05-09 08:24:38 | INFO     | feature_engineering | Creating target
2026-05-09 08:24:38 | INFO     | feature_engineering | Dropping NaNs
2026-05-09 08:24:38 | INFO     | feature_engineering | Dropped 120 rows
2026-05-09 08:24:38 | INFO     | feature_engineering | Final shape: (868, 46)
2026-05-09 08:24:38 | INFO     | __main__ | Majority baseline accuracy: 0.5079
2026-05-09 08:24:38 | INFO     | __main__ | Persistence baseline accuracy: 0.5840
2026-05-09 08:24:38 | INFO     | __main__ | Training model
2026-05-09 08:24:38 | INFO     | __main__ | Accuracy          : 0.5000
2026-05-09 08:24:38 | INFO     | __main__ | Balanced Accuracy : 0.4967
2026-05-09 08:24:38 | INFO     | __main__ | AUC               : 0.5214
2026-05-09 08:24:38 | INFO     | __main__ | Logging to MLflow
2026-05-09 08:24:39 | DEBUG    | git.cmd | Popen(['git', 'version'], cwd=C:\Users\vaibh\OneDrive\Desktop\Workstation\Internship, stdin=None, shell=False, universal_newlines=False)
2026-05-09 08:24:39 | DEBUG    | git.cmd | Popen(['git', 'version'], cwd=C:\Users\vaibh\OneDrive\Desktop\Workstation\Internship, stdin=None, shell=False, universal_newlines=False)
2026-05-09 08:24:39 | DEBUG    | git.cmd | Popen(['git', 'check-ignore', 'c:\\Users\\vaibh\\OneDrive\\Desktop\\Workstation\\Internship\\src'], cwd=c:\Users\vaibh\OneDrive\Desktop\Workstation\Internship, stdin=None, shell=False, universal_newlines=False)
2026-05-09 08:24:39 | DEBUG    | git.cmd | Popen(['git', 'cat-file', '--batch-check'], cwd=c:\Users\vaibh\OneDrive\Desktop\Workstation\Internship, stdin=<valid stream>, shell=False, universal_newlines=False)
2026-05-09 08:24:39 | DEBUG    | urllib3.connectionpool | Starting new HTTPS connection (1): config.mlflow-telemetry.io:443
2026-05-09 08:24:39 | DEBUG    | urllib3.connectionpool | https://config.mlflow-telemetry.io:443 "GET /3.12.0.json HTTP/1.1" 200 308
2026-05-09 08:24:43 | DEBUG    | urllib3.connectionpool | Starting new HTTPS connection (1): api.mlflow-telemetry.io:443
2026-05-09 08:24:44 | DEBUG    | urllib3.connectionpool | https://api.mlflow-telemetry.io:443 "POST /log HTTP/1.1" 200 30
2026-05-09 08:24:50 | INFO     | __main__ | Done
2026-05-09 08:26:21 | INFO     | __main__ | Loading artifacts
2026-05-09 08:26:22 | INFO     | __main__ | Running backtest
2026-05-09 08:28:12 | INFO     | __main__ | Loading dataset
2026-05-09 08:28:12 | INFO     | data_preprocessing | Loading datasets
2026-05-09 08:28:12 | INFO     | data_preprocessing | Preparing VIX
2026-05-09 08:28:12 | INFO     | data_preprocessing | Preparing BankNifty
2026-05-09 08:28:12 | INFO     | data_preprocessing | Merging datasets
2026-05-09 08:28:12 | INFO     | data_preprocessing | Final shape: (988, 13)
2026-05-09 08:28:12 | INFO     | __main__ | Creating features
2026-05-09 08:28:12 | INFO     | feature_engineering | Creating features
2026-05-09 08:28:12 | INFO     | feature_engineering | Creating target
2026-05-09 08:28:12 | INFO     | feature_engineering | Dropping NaNs
2026-05-09 08:28:12 | INFO     | feature_engineering | Dropped 120 rows
2026-05-09 08:28:12 | INFO     | feature_engineering | Final shape: (868, 46)
2026-05-09 08:28:12 | INFO     | __main__ | Majority baseline accuracy: 0.5079
2026-05-09 08:28:12 | INFO     | __main__ | Persistence baseline accuracy: 0.5840
2026-05-09 08:28:12 | INFO     | __main__ | Training model
2026-05-09 08:28:12 | INFO     | __main__ | Accuracy          : 0.5000
2026-05-09 08:28:12 | INFO     | __main__ | Balanced Accuracy : 0.4967
2026-05-09 08:28:12 | INFO     | __main__ | AUC               : 0.5214
2026-05-09 08:28:12 | INFO     | __main__ | Logging to MLflow
2026-05-09 08:28:13 | DEBUG    | git.cmd | Popen(['git', 'version'], cwd=C:\Users\vaibh\OneDrive\Desktop\Workstation\Internship, stdin=None, shell=False, universal_newlines=False)
2026-05-09 08:28:13 | DEBUG    | git.cmd | Popen(['git', 'version'], cwd=C:\Users\vaibh\OneDrive\Desktop\Workstation\Internship, stdin=None, shell=False, universal_newlines=False)
2026-05-09 08:28:13 | DEBUG    | git.cmd | Popen(['git', 'check-ignore', 'c:\\Users\\vaibh\\OneDrive\\Desktop\\Workstation\\Internship\\src'], cwd=c:\Users\vaibh\OneDrive\Desktop\Workstation\Internship, stdin=None, shell=False, universal_newlines=False)
2026-05-09 08:28:13 | DEBUG    | git.cmd | Popen(['git', 'cat-file', '--batch-check'], cwd=c:\Users\vaibh\OneDrive\Desktop\Workstation\Internship, stdin=<valid stream>, shell=False, universal_newlines=False)
2026-05-09 08:28:13 | DEBUG    | urllib3.connectionpool | Starting new HTTPS connection (1): config.mlflow-telemetry.io:443
2026-05-09 08:28:13 | DEBUG    | urllib3.connectionpool | https://config.mlflow-telemetry.io:443 "GET /3.12.0.json HTTP/1.1" 200 308
2026-05-09 08:28:15 | INFO     | __main__ | Done
2026-05-09 08:28:24 | INFO     | __main__ | Loading artifacts
2026-05-09 08:31:06 | INFO     | __main__ | Loading dataset
2026-05-09 08:31:06 | INFO     | data_preprocessing | Loading datasets
2026-05-09 08:31:06 | INFO     | data_preprocessing | Preparing VIX
2026-05-09 08:31:06 | INFO     | data_preprocessing | Preparing BankNifty
2026-05-09 08:31:06 | INFO     | data_preprocessing | Merging datasets
2026-05-09 08:31:06 | INFO     | data_preprocessing | Final shape: (988, 13)
2026-05-09 08:31:06 | INFO     | __main__ | Creating features
2026-05-09 08:31:06 | INFO     | feature_engineering | Creating features
2026-05-09 08:31:06 | INFO     | feature_engineering | Creating target
2026-05-09 08:31:06 | INFO     | feature_engineering | Dropping NaNs
2026-05-09 08:31:06 | INFO     | feature_engineering | Dropped 120 rows
2026-05-09 08:31:06 | INFO     | feature_engineering | Final shape: (868, 46)
2026-05-09 08:31:06 | INFO     | __main__ | Majority baseline accuracy: 0.5079
2026-05-09 08:31:06 | INFO     | __main__ | Persistence baseline accuracy: 0.5840
2026-05-09 08:31:06 | INFO     | __main__ | Training model
2026-05-09 08:31:06 | INFO     | __main__ | Accuracy          : 0.5000
2026-05-09 08:31:06 | INFO     | __main__ | Balanced Accuracy : 0.4967
2026-05-09 08:31:06 | INFO     | __main__ | AUC               : 0.5214
2026-05-09 08:31:06 | INFO     | __main__ | Logging to MLflow
2026-05-09 08:31:07 | DEBUG    | git.cmd | Popen(['git', 'version'], cwd=C:\Users\vaibh\OneDrive\Desktop\Workstation\Internship, stdin=None, shell=False, universal_newlines=False)
2026-05-09 08:31:07 | DEBUG    | git.cmd | Popen(['git', 'version'], cwd=C:\Users\vaibh\OneDrive\Desktop\Workstation\Internship, stdin=None, shell=False, universal_newlines=False)
2026-05-09 08:31:07 | DEBUG    | git.cmd | Popen(['git', 'check-ignore', 'c:\\Users\\vaibh\\OneDrive\\Desktop\\Workstation\\Internship\\src'], cwd=c:\Users\vaibh\OneDrive\Desktop\Workstation\Internship, stdin=None, shell=False, universal_newlines=False)
2026-05-09 08:31:07 | DEBUG    | git.cmd | Popen(['git', 'cat-file', '--batch-check'], cwd=c:\Users\vaibh\OneDrive\Desktop\Workstation\Internship, stdin=<valid stream>, shell=False, universal_newlines=False)
2026-05-09 08:31:07 | DEBUG    | urllib3.connectionpool | Starting new HTTPS connection (1): config.mlflow-telemetry.io:443
2026-05-09 08:31:07 | DEBUG    | urllib3.connectionpool | https://config.mlflow-telemetry.io:443 "GET /3.12.0.json HTTP/1.1" 200 308
2026-05-09 08:31:09 | INFO     | __main__ | Done
2026-05-09 08:31:29 | INFO     | __main__ | Loading artifacts
2026-05-09 08:31:29 | INFO     | __main__ | Running backtest
2026-05-09 08:31:29 | INFO     | __main__ | Backtest completed
2026-05-09 08:31:29 | INFO     | __main__ | Return %: 1.29
2026-05-09 08:31:29 | INFO     | __main__ | Sharpe   : 0.50
2026-05-09 08:31:29 | INFO     | __main__ | Trades   : 65
2026-05-09 08:31:29 | INFO     | __main__ | Win rate : 52.31
2026-05-09 08:32:14 | INFO     | __main__ | Loading dataset
2026-05-09 08:32:14 | INFO     | data_preprocessing | Loading datasets
2026-05-09 08:32:14 | INFO     | data_preprocessing | Preparing VIX
2026-05-09 08:32:14 | INFO     | data_preprocessing | Preparing BankNifty
2026-05-09 08:32:14 | INFO     | data_preprocessing | Merging datasets
2026-05-09 08:32:14 | INFO     | data_preprocessing | Final shape: (988, 13)
2026-05-09 08:32:14 | INFO     | feature_engineering | Creating features
2026-05-09 08:32:14 | INFO     | feature_engineering | Creating target
2026-05-09 08:32:14 | INFO     | feature_engineering | Dropping NaNs
2026-05-09 08:32:14 | INFO     | feature_engineering | Dropped 120 rows
2026-05-09 08:32:14 | INFO     | feature_engineering | Final shape: (868, 46)
2026-05-09 08:32:14 | INFO     | __main__ | Fold 1 | AUC 0.5160 | BAL 0.4808
2026-05-09 08:32:14 | INFO     | __main__ | Fold 2 | AUC 0.3837 | BAL 0.4326
2026-05-09 08:32:14 | INFO     | __main__ | Fold 3 | AUC 0.4412 | BAL 0.4712
2026-05-09 08:32:14 | INFO     | __main__ | Fold 4 | AUC 0.5782 | BAL 0.5476
2026-05-09 08:32:15 | INFO     | __main__ | Fold 5 | AUC 0.5624 | BAL 0.5182
2026-05-09 08:32:15 | INFO     | __main__ | Fold 6 | AUC 0.5677 | BAL 0.5015
2026-05-09 08:32:15 | INFO     | __main__ | Fold 7 | AUC 0.5446 | BAL 0.5578
2026-05-09 08:32:15 | INFO     | __main__ | Fold 8 | AUC 0.5270 | BAL 0.5821
2026-05-09 08:32:15 | INFO     | __main__ | Fold 9 | AUC 0.5125 | BAL 0.5476
2026-05-09 08:32:16 | INFO     | __main__ | Fold 10 | AUC 0.4284 | BAL 0.4471
2026-05-09 08:32:16 | INFO     | __main__ | Fold 11 | AUC 0.4084 | BAL 0.4568
2026-05-09 08:32:16 | INFO     | __main__ | Fold 12 | AUC 0.3472 | BAL 0.3846
2026-05-09 08:32:16 | INFO     | __main__ | Fold 13 | AUC 0.4337 | BAL 0.4632
2026-05-09 08:32:16 | INFO     | __main__ | Fold 14 | AUC 0.3967 | BAL 0.4179
2026-05-09 08:32:17 | INFO     | __main__ | Fold 15 | AUC 0.4619 | BAL 0.4444
2026-05-09 08:32:17 | INFO     | __main__ | Fold 16 | AUC 0.5605 | BAL 0.4758
2026-05-09 08:32:17 | INFO     | __main__ | Fold 17 | AUC 0.5281 | BAL 0.5223
2026-05-09 08:32:17 | INFO     | __main__ | Fold 18 | AUC 0.5327 | BAL 0.5107
2026-05-09 08:32:18 | INFO     | __main__ | Fold 19 | AUC 0.5010 | BAL 0.4861
2026-05-09 08:32:18 | INFO     | __main__ | Fold 20 | AUC 0.4990 | BAL 0.4907
2026-05-09 08:32:18 | INFO     | __main__ | Fold 21 | AUC 0.4776 | BAL 0.4714
2026-05-09 08:32:18 | INFO     | __main__ | Logging MLflow
2026-05-09 08:32:18 | DEBUG    | git.cmd | Popen(['git', 'version'], cwd=C:\Users\vaibh\OneDrive\Desktop\Workstation\Internship, stdin=None, shell=False, universal_newlines=False)
2026-05-09 08:32:19 | DEBUG    | git.cmd | Popen(['git', 'version'], cwd=C:\Users\vaibh\OneDrive\Desktop\Workstation\Internship, stdin=None, shell=False, universal_newlines=False)
2026-05-09 08:32:19 | DEBUG    | git.cmd | Popen(['git', 'check-ignore', 'c:\\Users\\vaibh\\OneDrive\\Desktop\\Workstation\\Internship\\src'], cwd=c:\Users\vaibh\OneDrive\Desktop\Workstation\Internship, stdin=None, shell=False, universal_newlines=False)
2026-05-09 08:32:19 | DEBUG    | git.cmd | Popen(['git', 'cat-file', '--batch-check'], cwd=c:\Users\vaibh\OneDrive\Desktop\Workstation\Internship, stdin=<valid stream>, shell=False, universal_newlines=False)
2026-05-09 08:32:19 | DEBUG    | urllib3.connectionpool | Starting new HTTPS connection (1): config.mlflow-telemetry.io:443
2026-05-09 08:32:19 | INFO     | __main__ | AUC 0.4861
2026-05-09 08:32:19 | INFO     | __main__ | BAL 0.4862
2026-05-09 08:40:34 | INFO     | __main__ | Loading dataset
2026-05-09 08:40:34 | INFO     | data_preprocessing | Loading datasets
2026-05-09 08:40:34 | INFO     | data_preprocessing | Preparing VIX
2026-05-09 08:40:34 | INFO     | data_preprocessing | Preparing BankNifty
2026-05-09 08:40:34 | INFO     | data_preprocessing | Merging datasets
2026-05-09 08:40:34 | INFO     | data_preprocessing | Final shape: (988, 13)
2026-05-09 08:40:34 | INFO     | __main__ | Creating features
2026-05-09 08:40:34 | INFO     | feature_engineering | Creating features
2026-05-09 08:40:34 | INFO     | feature_engineering | Creating target
2026-05-09 08:40:34 | INFO     | feature_engineering | Dropping NaNs
2026-05-09 08:40:34 | INFO     | feature_engineering | Dropped 150 rows
2026-05-09 08:40:34 | INFO     | feature_engineering | Final shape: (838, 46)
2026-05-09 08:40:34 | INFO     | __main__ | Majority baseline accuracy: 0.5079
2026-05-09 08:40:34 | INFO     | __main__ | Persistence baseline accuracy: 0.5840
2026-05-09 08:40:34 | INFO     | __main__ | Training model
2026-05-09 08:40:34 | INFO     | __main__ | Accuracy          : 0.5238
2026-05-09 08:40:34 | INFO     | __main__ | Balanced Accuracy : 0.5174
2026-05-09 08:40:34 | INFO     | __main__ | AUC               : 0.5176
2026-05-09 08:40:34 | INFO     | __main__ | Logging to MLflow
2026-05-09 08:40:35 | DEBUG    | git.cmd | Popen(['git', 'version'], cwd=C:\Users\vaibh\OneDrive\Desktop\Workstation\Internship, stdin=None, shell=False, universal_newlines=False)
2026-05-09 08:40:35 | DEBUG    | git.cmd | Popen(['git', 'version'], cwd=C:\Users\vaibh\OneDrive\Desktop\Workstation\Internship, stdin=None, shell=False, universal_newlines=False)
2026-05-09 08:40:35 | DEBUG    | git.cmd | Popen(['git', 'check-ignore', 'c:\\Users\\vaibh\\OneDrive\\Desktop\\Workstation\\Internship\\src'], cwd=c:\Users\vaibh\OneDrive\Desktop\Workstation\Internship, stdin=None, shell=False, universal_newlines=False)
2026-05-09 08:40:35 | DEBUG    | git.cmd | Popen(['git', 'cat-file', '--batch-check'], cwd=c:\Users\vaibh\OneDrive\Desktop\Workstation\Internship, stdin=<valid stream>, shell=False, universal_newlines=False)
2026-05-09 08:40:35 | DEBUG    | urllib3.connectionpool | Starting new HTTPS connection (1): config.mlflow-telemetry.io:443
2026-05-09 08:40:35 | DEBUG    | urllib3.connectionpool | https://config.mlflow-telemetry.io:443 "GET /3.12.0.json HTTP/1.1" 200 308
2026-05-09 08:40:37 | INFO     | __main__ | Done
2026-05-09 08:41:34 | INFO     | __main__ | Loading artifacts
2026-05-09 08:41:34 | INFO     | __main__ | Running backtest
2026-05-09 08:41:34 | INFO     | __main__ | Backtest completed
2026-05-09 08:41:34 | INFO     | __main__ | Return %: 1.16
2026-05-09 08:41:34 | INFO     | __main__ | Sharpe   : 0.40
2026-05-09 08:41:34 | INFO     | __main__ | Trades   : 78
2026-05-09 08:41:34 | INFO     | __main__ | Win rate : 51.28
2026-05-09 08:41:46 | INFO     | __main__ | Loading dataset
2026-05-09 08:41:46 | INFO     | data_preprocessing | Loading datasets
2026-05-09 08:41:46 | INFO     | data_preprocessing | Preparing VIX
2026-05-09 08:41:46 | INFO     | data_preprocessing | Preparing BankNifty
2026-05-09 08:41:46 | INFO     | data_preprocessing | Merging datasets
2026-05-09 08:41:46 | INFO     | data_preprocessing | Final shape: (988, 13)
2026-05-09 08:41:46 | INFO     | feature_engineering | Creating features
2026-05-09 08:41:46 | INFO     | feature_engineering | Creating target
2026-05-09 08:41:46 | INFO     | feature_engineering | Dropping NaNs
2026-05-09 08:41:46 | INFO     | feature_engineering | Dropped 150 rows
2026-05-09 08:41:46 | INFO     | feature_engineering | Final shape: (838, 46)
2026-05-09 08:41:46 | INFO     | __main__ | Fold 1 | AUC 0.3720 | BAL 0.4378
2026-05-09 08:41:46 | INFO     | __main__ | Fold 2 | AUC 0.4113 | BAL 0.4102
2026-05-09 08:41:47 | INFO     | __main__ | Fold 3 | AUC 0.5076 | BAL 0.5076
2026-05-09 08:41:47 | INFO     | __main__ | Fold 4 | AUC 0.5383 | BAL 0.4753
2026-05-09 08:41:47 | INFO     | __main__ | Fold 5 | AUC 0.4606 | BAL 0.4848
2026-05-09 08:41:47 | INFO     | __main__ | Fold 6 | AUC 0.5520 | BAL 0.5665
2026-05-09 08:41:47 | INFO     | __main__ | Fold 7 | AUC 0.5311 | BAL 0.5927
2026-05-09 08:41:48 | INFO     | __main__ | Fold 8 | AUC 0.5442 | BAL 0.5273
2026-05-09 08:41:48 | INFO     | __main__ | Fold 9 | AUC 0.4424 | BAL 0.4120
2026-05-09 08:41:48 | INFO     | __main__ | Fold 10 | AUC 0.3704 | BAL 0.3981
2026-05-09 08:41:48 | INFO     | __main__ | Fold 11 | AUC 0.3789 | BAL 0.4300
2026-05-09 08:41:49 | INFO     | __main__ | Fold 12 | AUC 0.3953 | BAL 0.4674
2026-05-09 08:41:49 | INFO     | __main__ | Fold 13 | AUC 0.4011 | BAL 0.4647
2026-05-09 08:41:49 | INFO     | __main__ | Fold 14 | AUC 0.4505 | BAL 0.4242
2026-05-09 08:41:49 | INFO     | __main__ | Fold 15 | AUC 0.4469 | BAL 0.4429
2026-05-09 08:41:50 | INFO     | __main__ | Fold 16 | AUC 0.5432 | BAL 0.5905
2026-05-09 08:41:50 | INFO     | __main__ | Fold 17 | AUC 0.5494 | BAL 0.5242
2026-05-09 08:41:50 | INFO     | __main__ | Fold 18 | AUC 0.5531 | BAL 0.6000
2026-05-09 08:41:51 | INFO     | __main__ | Fold 19 | AUC 0.5337 | BAL 0.5393
2026-05-09 08:41:51 | INFO     | __main__ | Logging MLflow
2026-05-09 08:41:51 | DEBUG    | git.cmd | Popen(['git', 'version'], cwd=C:\Users\vaibh\OneDrive\Desktop\Workstation\Internship, stdin=None, shell=False, universal_newlines=False)
2026-05-09 08:41:51 | DEBUG    | git.cmd | Popen(['git', 'version'], cwd=C:\Users\vaibh\OneDrive\Desktop\Workstation\Internship, stdin=None, shell=False, universal_newlines=False)
2026-05-09 08:41:51 | DEBUG    | git.cmd | Popen(['git', 'check-ignore', 'c:\\Users\\vaibh\\OneDrive\\Desktop\\Workstation\\Internship\\src'], cwd=c:\Users\vaibh\OneDrive\Desktop\Workstation\Internship, stdin=None, shell=False, universal_newlines=False)
2026-05-09 08:41:51 | DEBUG    | git.cmd | Popen(['git', 'cat-file', '--batch-check'], cwd=c:\Users\vaibh\OneDrive\Desktop\Workstation\Internship, stdin=<valid stream>, shell=False, universal_newlines=False)
2026-05-09 08:41:51 | DEBUG    | urllib3.connectionpool | Starting new HTTPS connection (1): config.mlflow-telemetry.io:443
2026-05-09 08:41:51 | INFO     | __main__ | AUC 0.4727
2026-05-09 08:41:51 | INFO     | __main__ | BAL 0.4892
2026-05-09 08:43:27 | INFO     | __main__ | Loading dataset
2026-05-09 08:43:27 | INFO     | data_preprocessing | Loading datasets
2026-05-09 08:43:27 | INFO     | data_preprocessing | Preparing VIX
2026-05-09 08:43:27 | INFO     | data_preprocessing | Preparing BankNifty
2026-05-09 08:43:27 | INFO     | data_preprocessing | Merging datasets
2026-05-09 08:43:27 | INFO     | data_preprocessing | Final shape: (988, 13)
2026-05-09 08:43:27 | INFO     | __main__ | Creating features
2026-05-09 08:43:27 | INFO     | feature_engineering | Creating features
2026-05-09 08:43:27 | INFO     | feature_engineering | Creating target
2026-05-09 08:43:27 | INFO     | feature_engineering | Dropping NaNs
2026-05-09 08:43:27 | INFO     | feature_engineering | Dropped 150 rows
2026-05-09 08:43:27 | INFO     | feature_engineering | Final shape: (838, 46)
2026-05-09 08:43:27 | INFO     | __main__ | Majority baseline accuracy: 0.5079
2026-05-09 08:43:27 | INFO     | __main__ | Persistence baseline accuracy: 0.5840
2026-05-09 08:43:27 | INFO     | __main__ | Training model
2026-05-09 08:43:28 | INFO     | __main__ | Accuracy          : 0.5238
2026-05-09 08:43:28 | INFO     | __main__ | Balanced Accuracy : 0.5174
2026-05-09 08:43:28 | INFO     | __main__ | AUC               : 0.5176
2026-05-09 08:43:28 | INFO     | __main__ | Logging to MLflow
2026-05-09 08:43:28 | DEBUG    | git.cmd | Popen(['git', 'version'], cwd=C:\Users\vaibh\OneDrive\Desktop\Workstation\Internship, stdin=None, shell=False, universal_newlines=False)
2026-05-09 08:43:28 | DEBUG    | git.cmd | Popen(['git', 'version'], cwd=C:\Users\vaibh\OneDrive\Desktop\Workstation\Internship, stdin=None, shell=False, universal_newlines=False)
2026-05-09 08:43:28 | DEBUG    | git.cmd | Popen(['git', 'check-ignore', 'c:\\Users\\vaibh\\OneDrive\\Desktop\\Workstation\\Internship\\src'], cwd=c:\Users\vaibh\OneDrive\Desktop\Workstation\Internship, stdin=None, shell=False, universal_newlines=False)
2026-05-09 08:43:28 | DEBUG    | git.cmd | Popen(['git', 'cat-file', '--batch-check'], cwd=c:\Users\vaibh\OneDrive\Desktop\Workstation\Internship, stdin=<valid stream>, shell=False, universal_newlines=False)
2026-05-09 08:43:28 | DEBUG    | urllib3.connectionpool | Starting new HTTPS connection (1): config.mlflow-telemetry.io:443
2026-05-09 08:43:28 | DEBUG    | urllib3.connectionpool | https://config.mlflow-telemetry.io:443 "GET /3.12.0.json HTTP/1.1" 200 308
2026-05-09 08:43:30 | INFO     | __main__ | Done
2026-05-09 08:43:48 | INFO     | __main__ | Loading artifacts
2026-05-09 08:43:48 | INFO     | __main__ | Running backtest
2026-05-09 08:43:48 | INFO     | __main__ | Backtest completed
2026-05-09 08:43:48 | INFO     | __main__ | Return %: 1.16
2026-05-09 08:43:48 | INFO     | __main__ | Sharpe   : 0.40
2026-05-09 08:43:48 | INFO     | __main__ | Trades   : 78
2026-05-09 08:43:48 | INFO     | __main__ | Win rate : 51.28
2026-05-09 08:43:58 | INFO     | __main__ | Loading dataset
2026-05-09 08:43:58 | INFO     | data_preprocessing | Loading datasets
2026-05-09 08:43:58 | INFO     | data_preprocessing | Preparing VIX
2026-05-09 08:43:58 | INFO     | data_preprocessing | Preparing BankNifty
2026-05-09 08:43:58 | INFO     | data_preprocessing | Merging datasets
2026-05-09 08:43:58 | INFO     | data_preprocessing | Final shape: (988, 13)
2026-05-09 08:43:58 | INFO     | feature_engineering | Creating features
2026-05-09 08:43:58 | INFO     | feature_engineering | Creating target
2026-05-09 08:43:58 | INFO     | feature_engineering | Dropping NaNs
2026-05-09 08:43:58 | INFO     | feature_engineering | Dropped 150 rows
2026-05-09 08:43:58 | INFO     | feature_engineering | Final shape: (838, 46)
2026-05-09 08:43:58 | INFO     | __main__ | Fold 1 | AUC 0.3720 | BAL 0.4378
2026-05-09 08:43:58 | INFO     | __main__ | Fold 2 | AUC 0.4113 | BAL 0.4102
2026-05-09 08:43:59 | INFO     | __main__ | Fold 3 | AUC 0.5076 | BAL 0.5076
2026-05-09 08:43:59 | INFO     | __main__ | Fold 4 | AUC 0.5383 | BAL 0.4753
2026-05-09 08:43:59 | INFO     | __main__ | Fold 5 | AUC 0.4606 | BAL 0.4848
2026-05-09 08:43:59 | INFO     | __main__ | Fold 6 | AUC 0.5520 | BAL 0.5665
2026-05-09 08:43:59 | INFO     | __main__ | Fold 7 | AUC 0.5311 | BAL 0.5927
2026-05-09 08:44:00 | INFO     | __main__ | Fold 8 | AUC 0.5442 | BAL 0.5273
2026-05-09 08:44:00 | INFO     | __main__ | Fold 9 | AUC 0.4424 | BAL 0.4120
2026-05-09 08:44:00 | INFO     | __main__ | Fold 10 | AUC 0.3704 | BAL 0.3981
2026-05-09 08:44:00 | INFO     | __main__ | Fold 11 | AUC 0.3789 | BAL 0.4300
2026-05-09 08:44:01 | INFO     | __main__ | Fold 12 | AUC 0.3953 | BAL 0.4674
2026-05-09 08:44:01 | INFO     | __main__ | Fold 13 | AUC 0.4011 | BAL 0.4647
2026-05-09 08:44:01 | INFO     | __main__ | Fold 14 | AUC 0.4505 | BAL 0.4242
2026-05-09 08:44:02 | INFO     | __main__ | Fold 15 | AUC 0.4469 | BAL 0.4429
2026-05-09 08:44:02 | INFO     | __main__ | Fold 16 | AUC 0.5432 | BAL 0.5905
2026-05-09 08:44:02 | INFO     | __main__ | Fold 17 | AUC 0.5494 | BAL 0.5242
2026-05-09 08:44:02 | INFO     | __main__ | Fold 18 | AUC 0.5531 | BAL 0.6000
2026-05-09 08:44:03 | INFO     | __main__ | Fold 19 | AUC 0.5337 | BAL 0.5393
2026-05-09 08:44:03 | INFO     | __main__ | Logging MLflow
2026-05-09 08:44:03 | DEBUG    | git.cmd | Popen(['git', 'version'], cwd=C:\Users\vaibh\OneDrive\Desktop\Workstation\Internship, stdin=None, shell=False, universal_newlines=False)
2026-05-09 08:44:03 | DEBUG    | git.cmd | Popen(['git', 'version'], cwd=C:\Users\vaibh\OneDrive\Desktop\Workstation\Internship, stdin=None, shell=False, universal_newlines=False)
2026-05-09 08:44:03 | DEBUG    | git.cmd | Popen(['git', 'check-ignore', 'c:\\Users\\vaibh\\OneDrive\\Desktop\\Workstation\\Internship\\src'], cwd=c:\Users\vaibh\OneDrive\Desktop\Workstation\Internship, stdin=None, shell=False, universal_newlines=False)
2026-05-09 08:44:03 | DEBUG    | git.cmd | Popen(['git', 'cat-file', '--batch-check'], cwd=c:\Users\vaibh\OneDrive\Desktop\Workstation\Internship, stdin=<valid stream>, shell=False, universal_newlines=False)
2026-05-09 08:44:03 | DEBUG    | urllib3.connectionpool | Starting new HTTPS connection (1): config.mlflow-telemetry.io:443
2026-05-09 08:44:03 | DEBUG    | urllib3.connectionpool | https://config.mlflow-telemetry.io:443 "GET /3.12.0.json HTTP/1.1" 200 308
2026-05-09 08:44:03 | INFO     | __main__ | AUC 0.4727
2026-05-09 08:44:03 | INFO     | __main__ | BAL 0.4892
2026-05-09 08:45:45 | INFO     | __main__ | Loading dataset
2026-05-09 08:45:45 | INFO     | data_preprocessing | Loading datasets
2026-05-09 08:45:45 | INFO     | data_preprocessing | Preparing VIX
2026-05-09 08:45:45 | INFO     | data_preprocessing | Preparing BankNifty
2026-05-09 08:45:45 | INFO     | data_preprocessing | Merging datasets
2026-05-09 08:45:45 | INFO     | data_preprocessing | Final shape: (988, 13)
2026-05-09 08:45:45 | INFO     | feature_engineering | Creating features
2026-05-09 08:45:45 | INFO     | feature_engineering | Creating target
2026-05-09 08:45:45 | INFO     | feature_engineering | Dropping NaNs
2026-05-09 08:45:45 | INFO     | feature_engineering | Dropped 150 rows
2026-05-09 08:45:45 | INFO     | feature_engineering | Final shape: (838, 46)
2026-05-09 08:45:45 | INFO     | __main__ | Fold 1 | AUC 0.4773 | BAL 0.4719
2026-05-09 08:45:45 | INFO     | __main__ | Fold 2 | AUC 0.4778 | BAL 0.5044
2026-05-09 08:45:45 | INFO     | __main__ | Fold 3 | AUC 0.5543 | BAL 0.5701
2026-05-09 08:45:45 | INFO     | __main__ | Fold 4 | AUC 0.4869 | BAL 0.4758
2026-05-09 08:45:45 | INFO     | __main__ | Fold 5 | AUC 0.5525 | BAL 0.5833
2026-05-09 08:45:45 | INFO     | __main__ | Fold 6 | AUC 0.5644 | BAL 0.5166
2026-05-09 08:45:45 | INFO     | __main__ | Fold 7 | AUC 0.4797 | BAL 0.4719
2026-05-09 08:45:46 | INFO     | __main__ | Fold 8 | AUC 0.4651 | BAL 0.4523
2026-05-09 08:45:46 | INFO     | __main__ | Fold 9 | AUC 0.4084 | BAL 0.4537
2026-05-09 08:45:46 | INFO     | __main__ | Fold 10 | AUC 0.3817 | BAL 0.3796
2026-05-09 08:45:46 | INFO     | __main__ | Fold 11 | AUC 0.4832 | BAL 0.4695
2026-05-09 08:45:46 | INFO     | __main__ | Fold 12 | AUC 0.4663 | BAL 0.4640
2026-05-09 08:45:46 | INFO     | __main__ | Fold 13 | AUC 0.5207 | BAL 0.5239
2026-05-09 08:45:46 | INFO     | __main__ | Fold 14 | AUC 0.5505 | BAL 0.5379
2026-05-09 08:45:46 | INFO     | __main__ | Fold 15 | AUC 0.4480 | BAL 0.4286
2026-05-09 08:45:46 | INFO     | __main__ | Fold 16 | AUC 0.4653 | BAL 0.4768
2026-05-09 08:45:46 | INFO     | __main__ | Fold 17 | AUC 0.4909 | BAL 0.5252
2026-05-09 08:45:47 | INFO     | __main__ | Fold 18 | AUC 0.5745 | BAL 0.5214
2026-05-09 08:45:47 | INFO     | __main__ | Fold 19 | AUC 0.4939 | BAL 0.5500
2026-05-09 08:45:47 | INFO     | __main__ | Logging MLflow
2026-05-09 08:45:47 | DEBUG    | git.cmd | Popen(['git', 'version'], cwd=C:\Users\vaibh\OneDrive\Desktop\Workstation\Internship, stdin=None, shell=False, universal_newlines=False)
2026-05-09 08:45:47 | DEBUG    | git.cmd | Popen(['git', 'version'], cwd=C:\Users\vaibh\OneDrive\Desktop\Workstation\Internship, stdin=None, shell=False, universal_newlines=False)
2026-05-09 08:45:47 | DEBUG    | git.cmd | Popen(['git', 'check-ignore', 'c:\\Users\\vaibh\\OneDrive\\Desktop\\Workstation\\Internship\\src'], cwd=c:\Users\vaibh\OneDrive\Desktop\Workstation\Internship, stdin=None, shell=False, universal_newlines=False)
2026-05-09 08:45:47 | DEBUG    | git.cmd | Popen(['git', 'cat-file', '--batch-check'], cwd=c:\Users\vaibh\OneDrive\Desktop\Workstation\Internship, stdin=<valid stream>, shell=False, universal_newlines=False)
2026-05-09 08:45:47 | DEBUG    | urllib3.connectionpool | Starting new HTTPS connection (1): config.mlflow-telemetry.io:443
2026-05-09 08:45:47 | DEBUG    | urllib3.connectionpool | https://config.mlflow-telemetry.io:443 "GET /3.12.0.json HTTP/1.1" 200 308
2026-05-09 08:45:47 | INFO     | __main__ | AUC 0.4916
2026-05-09 08:45:47 | INFO     | __main__ | BAL 0.4935
2026-05-09 08:46:19 | INFO     | __main__ | Loading dataset
2026-05-09 08:46:19 | INFO     | data_preprocessing | Loading datasets
2026-05-09 08:46:19 | INFO     | data_preprocessing | Preparing VIX
2026-05-09 08:46:19 | INFO     | data_preprocessing | Preparing BankNifty
2026-05-09 08:46:19 | INFO     | data_preprocessing | Merging datasets
2026-05-09 08:46:19 | INFO     | data_preprocessing | Final shape: (988, 13)
2026-05-09 08:46:19 | INFO     | __main__ | Creating features
2026-05-09 08:46:19 | INFO     | feature_engineering | Creating features
2026-05-09 08:46:19 | INFO     | feature_engineering | Creating target
2026-05-09 08:46:19 | INFO     | feature_engineering | Dropping NaNs
2026-05-09 08:46:19 | INFO     | feature_engineering | Dropped 150 rows
2026-05-09 08:46:19 | INFO     | feature_engineering | Final shape: (838, 46)
2026-05-09 08:46:19 | INFO     | __main__ | Majority baseline accuracy: 0.5079
2026-05-09 08:46:19 | INFO     | __main__ | Persistence baseline accuracy: 0.5840
2026-05-09 08:46:19 | INFO     | __main__ | Training model
2026-05-09 08:46:19 | INFO     | __main__ | Accuracy          : 0.5317
2026-05-09 08:46:19 | INFO     | __main__ | Balanced Accuracy : 0.5257
2026-05-09 08:46:19 | INFO     | __main__ | AUC               : 0.5307
2026-05-09 08:46:19 | INFO     | __main__ | Logging to MLflow
2026-05-09 08:46:19 | DEBUG    | git.cmd | Popen(['git', 'version'], cwd=C:\Users\vaibh\OneDrive\Desktop\Workstation\Internship, stdin=None, shell=False, universal_newlines=False)
2026-05-09 08:46:19 | DEBUG    | git.cmd | Popen(['git', 'version'], cwd=C:\Users\vaibh\OneDrive\Desktop\Workstation\Internship, stdin=None, shell=False, universal_newlines=False)
2026-05-09 08:46:19 | DEBUG    | git.cmd | Popen(['git', 'check-ignore', 'c:\\Users\\vaibh\\OneDrive\\Desktop\\Workstation\\Internship\\src'], cwd=c:\Users\vaibh\OneDrive\Desktop\Workstation\Internship, stdin=None, shell=False, universal_newlines=False)
2026-05-09 08:46:19 | DEBUG    | git.cmd | Popen(['git', 'cat-file', '--batch-check'], cwd=c:\Users\vaibh\OneDrive\Desktop\Workstation\Internship, stdin=<valid stream>, shell=False, universal_newlines=False)
2026-05-09 08:46:19 | DEBUG    | urllib3.connectionpool | Starting new HTTPS connection (1): config.mlflow-telemetry.io:443
2026-05-09 08:46:20 | DEBUG    | urllib3.connectionpool | https://config.mlflow-telemetry.io:443 "GET /3.12.0.json HTTP/1.1" 200 308
2026-05-09 08:46:21 | INFO     | __main__ | Done
2026-05-09 08:46:37 | INFO     | __main__ | Loading artifacts
2026-05-09 08:46:38 | INFO     | __main__ | Running backtest
2026-05-09 08:46:38 | INFO     | __main__ | Backtest completed
2026-05-09 08:46:38 | INFO     | __main__ | Return %: -0.18
2026-05-09 08:46:38 | INFO     | __main__ | Sharpe   : -0.05
2026-05-09 08:46:38 | INFO     | __main__ | Trades   : 52
2026-05-09 08:46:38 | INFO     | __main__ | Win rate : 48.08
2026-05-09 08:46:59 | INFO     | __main__ | Loading dataset
2026-05-09 08:46:59 | INFO     | data_preprocessing | Loading datasets
2026-05-09 08:46:59 | INFO     | data_preprocessing | Preparing VIX
2026-05-09 08:46:59 | INFO     | data_preprocessing | Preparing BankNifty
2026-05-09 08:46:59 | INFO     | data_preprocessing | Merging datasets
2026-05-09 08:46:59 | INFO     | data_preprocessing | Final shape: (988, 13)
2026-05-09 08:46:59 | INFO     | __main__ | Creating features
2026-05-09 08:46:59 | INFO     | feature_engineering | Creating features
2026-05-09 08:46:59 | INFO     | feature_engineering | Creating target
2026-05-09 08:46:59 | INFO     | feature_engineering | Dropping NaNs
2026-05-09 08:46:59 | INFO     | feature_engineering | Dropped 150 rows
2026-05-09 08:46:59 | INFO     | feature_engineering | Final shape: (838, 46)
2026-05-09 08:46:59 | INFO     | __main__ | Majority baseline accuracy: 0.5079
2026-05-09 08:46:59 | INFO     | __main__ | Persistence baseline accuracy: 0.5840
2026-05-09 08:46:59 | INFO     | __main__ | Training model
2026-05-09 08:46:59 | INFO     | __main__ | Accuracy          : 0.5317
2026-05-09 08:46:59 | INFO     | __main__ | Balanced Accuracy : 0.5257
2026-05-09 08:46:59 | INFO     | __main__ | AUC               : 0.5307
2026-05-09 08:46:59 | INFO     | __main__ | Logging to MLflow
2026-05-09 08:47:00 | DEBUG    | git.cmd | Popen(['git', 'version'], cwd=C:\Users\vaibh\OneDrive\Desktop\Workstation\Internship, stdin=None, shell=False, universal_newlines=False)
2026-05-09 08:47:00 | DEBUG    | git.cmd | Popen(['git', 'version'], cwd=C:\Users\vaibh\OneDrive\Desktop\Workstation\Internship, stdin=None, shell=False, universal_newlines=False)
2026-05-09 08:47:00 | DEBUG    | git.cmd | Popen(['git', 'check-ignore', 'c:\\Users\\vaibh\\OneDrive\\Desktop\\Workstation\\Internship\\src'], cwd=c:\Users\vaibh\OneDrive\Desktop\Workstation\Internship, stdin=None, shell=False, universal_newlines=False)
2026-05-09 08:47:00 | DEBUG    | git.cmd | Popen(['git', 'cat-file', '--batch-check'], cwd=c:\Users\vaibh\OneDrive\Desktop\Workstation\Internship, stdin=<valid stream>, shell=False, universal_newlines=False)
2026-05-09 08:47:00 | DEBUG    | urllib3.connectionpool | Starting new HTTPS connection (1): config.mlflow-telemetry.io:443
2026-05-09 08:47:00 | DEBUG    | urllib3.connectionpool | https://config.mlflow-telemetry.io:443 "GET /3.12.0.json HTTP/1.1" 200 308
2026-05-09 08:47:02 | INFO     | __main__ | Done
2026-05-09 08:47:09 | INFO     | __main__ | Loading artifacts
2026-05-09 08:47:10 | INFO     | __main__ | Running backtest
2026-05-09 08:47:10 | INFO     | __main__ | Backtest completed
2026-05-09 08:47:10 | INFO     | __main__ | Return %: -0.79
2026-05-09 08:47:10 | INFO     | __main__ | Sharpe   : -0.94
2026-05-09 08:47:10 | INFO     | __main__ | Trades   : 8
2026-05-09 08:47:10 | INFO     | __main__ | Win rate : 37.50
2026-05-09 08:47:31 | INFO     | __main__ | Loading artifacts
2026-05-09 08:47:31 | INFO     | __main__ | Running backtest
2026-05-09 08:47:31 | INFO     | __main__ | Backtest completed
2026-05-09 08:47:31 | INFO     | __main__ | Return %: 5.04
2026-05-09 08:47:31 | INFO     | __main__ | Sharpe   : 1.29
2026-05-09 08:47:31 | INFO     | __main__ | Trades   : 126
2026-05-09 08:47:31 | INFO     | __main__ | Win rate : 53.17
2026-05-09 08:47:47 | INFO     | __main__ | Loading dataset
2026-05-09 08:47:47 | INFO     | data_preprocessing | Loading datasets
2026-05-09 08:47:47 | INFO     | data_preprocessing | Preparing VIX
2026-05-09 08:47:47 | INFO     | data_preprocessing | Preparing BankNifty
2026-05-09 08:47:47 | INFO     | data_preprocessing | Merging datasets
2026-05-09 08:47:47 | INFO     | data_preprocessing | Final shape: (988, 13)
2026-05-09 08:47:47 | INFO     | feature_engineering | Creating features
2026-05-09 08:47:47 | INFO     | feature_engineering | Creating target
2026-05-09 08:47:47 | INFO     | feature_engineering | Dropping NaNs
2026-05-09 08:47:47 | INFO     | feature_engineering | Dropped 150 rows
2026-05-09 08:47:47 | INFO     | feature_engineering | Final shape: (838, 46)
2026-05-09 08:47:47 | INFO     | __main__ | Fold 1 | AUC 0.4773 | BAL 0.4719
2026-05-09 08:47:47 | INFO     | __main__ | Fold 2 | AUC 0.4778 | BAL 0.5044
2026-05-09 08:47:47 | INFO     | __main__ | Fold 3 | AUC 0.5543 | BAL 0.5701
2026-05-09 08:47:47 | INFO     | __main__ | Fold 4 | AUC 0.4869 | BAL 0.4758
2026-05-09 08:47:47 | INFO     | __main__ | Fold 5 | AUC 0.5525 | BAL 0.5833
2026-05-09 08:47:47 | INFO     | __main__ | Fold 6 | AUC 0.5644 | BAL 0.5166
2026-05-09 08:47:47 | INFO     | __main__ | Fold 7 | AUC 0.4797 | BAL 0.4719
2026-05-09 08:47:48 | INFO     | __main__ | Fold 8 | AUC 0.4651 | BAL 0.4523
2026-05-09 08:47:48 | INFO     | __main__ | Fold 9 | AUC 0.4084 | BAL 0.4537
2026-05-09 08:47:48 | INFO     | __main__ | Fold 10 | AUC 0.3817 | BAL 0.3796
2026-05-09 08:47:48 | INFO     | __main__ | Fold 11 | AUC 0.4832 | BAL 0.4695
2026-05-09 08:47:48 | INFO     | __main__ | Fold 12 | AUC 0.4663 | BAL 0.4640
2026-05-09 08:47:48 | INFO     | __main__ | Fold 13 | AUC 0.5207 | BAL 0.5239
2026-05-09 08:47:48 | INFO     | __main__ | Fold 14 | AUC 0.5505 | BAL 0.5379
2026-05-09 08:47:48 | INFO     | __main__ | Fold 15 | AUC 0.4480 | BAL 0.4286
2026-05-09 08:47:48 | INFO     | __main__ | Fold 16 | AUC 0.4653 | BAL 0.4768
2026-05-09 08:47:49 | INFO     | __main__ | Fold 17 | AUC 0.4909 | BAL 0.5252
2026-05-09 08:47:49 | INFO     | __main__ | Fold 18 | AUC 0.5745 | BAL 0.5214
2026-05-09 08:47:49 | INFO     | __main__ | Fold 19 | AUC 0.4939 | BAL 0.5500
2026-05-09 08:47:49 | INFO     | __main__ | Logging MLflow
2026-05-09 08:47:49 | DEBUG    | git.cmd | Popen(['git', 'version'], cwd=C:\Users\vaibh\OneDrive\Desktop\Workstation\Internship, stdin=None, shell=False, universal_newlines=False)
2026-05-09 08:47:49 | DEBUG    | git.cmd | Popen(['git', 'version'], cwd=C:\Users\vaibh\OneDrive\Desktop\Workstation\Internship, stdin=None, shell=False, universal_newlines=False)
2026-05-09 08:47:49 | DEBUG    | git.cmd | Popen(['git', 'check-ignore', 'c:\\Users\\vaibh\\OneDrive\\Desktop\\Workstation\\Internship\\src'], cwd=c:\Users\vaibh\OneDrive\Desktop\Workstation\Internship, stdin=None, shell=False, universal_newlines=False)
2026-05-09 08:47:49 | DEBUG    | git.cmd | Popen(['git', 'cat-file', '--batch-check'], cwd=c:\Users\vaibh\OneDrive\Desktop\Workstation\Internship, stdin=<valid stream>, shell=False, universal_newlines=False)
2026-05-09 08:47:49 | DEBUG    | urllib3.connectionpool | Starting new HTTPS connection (1): config.mlflow-telemetry.io:443
2026-05-09 08:47:49 | DEBUG    | urllib3.connectionpool | https://config.mlflow-telemetry.io:443 "GET /3.12.0.json HTTP/1.1" 200 308
2026-05-09 08:47:49 | INFO     | __main__ | AUC 0.4916
2026-05-09 08:47:49 | INFO     | __main__ | BAL 0.4935
2026-05-09 08:48:05 | INFO     | __main__ | Loading dataset
2026-05-09 08:48:05 | INFO     | data_preprocessing | Loading datasets
2026-05-09 08:48:05 | INFO     | data_preprocessing | Preparing VIX
2026-05-09 08:48:05 | INFO     | data_preprocessing | Preparing BankNifty
2026-05-09 08:48:05 | INFO     | data_preprocessing | Merging datasets
2026-05-09 08:48:05 | INFO     | data_preprocessing | Final shape: (988, 13)
2026-05-09 08:48:05 | INFO     | __main__ | Creating features
2026-05-09 08:48:05 | INFO     | feature_engineering | Creating features
2026-05-09 08:48:05 | INFO     | feature_engineering | Creating target
2026-05-09 08:48:05 | INFO     | feature_engineering | Dropping NaNs
2026-05-09 08:48:05 | INFO     | feature_engineering | Dropped 150 rows
2026-05-09 08:48:05 | INFO     | feature_engineering | Final shape: (838, 46)
2026-05-09 08:48:05 | INFO     | __main__ | Majority baseline accuracy: 0.5079
2026-05-09 08:48:05 | INFO     | __main__ | Persistence baseline accuracy: 0.5840
2026-05-09 08:48:05 | INFO     | __main__ | Training model
2026-05-09 08:48:05 | INFO     | __main__ | Accuracy          : 0.5317
2026-05-09 08:48:05 | INFO     | __main__ | Balanced Accuracy : 0.5257
2026-05-09 08:48:05 | INFO     | __main__ | AUC               : 0.5307
2026-05-09 08:48:05 | INFO     | __main__ | Logging to MLflow
2026-05-09 08:48:05 | DEBUG    | git.cmd | Popen(['git', 'version'], cwd=C:\Users\vaibh\OneDrive\Desktop\Workstation\Internship, stdin=None, shell=False, universal_newlines=False)
2026-05-09 08:48:05 | DEBUG    | git.cmd | Popen(['git', 'version'], cwd=C:\Users\vaibh\OneDrive\Desktop\Workstation\Internship, stdin=None, shell=False, universal_newlines=False)
2026-05-09 08:48:05 | DEBUG    | git.cmd | Popen(['git', 'check-ignore', 'c:\\Users\\vaibh\\OneDrive\\Desktop\\Workstation\\Internship\\src'], cwd=c:\Users\vaibh\OneDrive\Desktop\Workstation\Internship, stdin=None, shell=False, universal_newlines=False)
2026-05-09 08:48:06 | DEBUG    | git.cmd | Popen(['git', 'cat-file', '--batch-check'], cwd=c:\Users\vaibh\OneDrive\Desktop\Workstation\Internship, stdin=<valid stream>, shell=False, universal_newlines=False)
2026-05-09 08:48:06 | DEBUG    | urllib3.connectionpool | Starting new HTTPS connection (1): config.mlflow-telemetry.io:443
2026-05-09 08:48:06 | DEBUG    | urllib3.connectionpool | https://config.mlflow-telemetry.io:443 "GET /3.12.0.json HTTP/1.1" 200 308
2026-05-09 08:48:08 | INFO     | __main__ | Done
2026-05-09 08:54:34 | INFO     | data_preprocessing | Final shape: (988, 13)
2026-05-09 08:54:34 | INFO     | __main__ | {'majority': 0.5131578947368421, 'persistence': 0.6133333333333333}
2026-05-09 08:54:35 | DEBUG    | git.cmd | Popen(['git', 'version'], cwd=C:\Users\vaibh\OneDrive\Desktop\Workstation\Internship, stdin=None, shell=False, universal_newlines=False)
2026-05-09 08:54:35 | DEBUG    | git.cmd | Popen(['git', 'version'], cwd=C:\Users\vaibh\OneDrive\Desktop\Workstation\Internship, stdin=None, shell=False, universal_newlines=False)
2026-05-09 08:54:35 | DEBUG    | git.cmd | Popen(['git', 'check-ignore', 'c:\\Users\\vaibh\\OneDrive\\Desktop\\Workstation\\Internship\\src'], cwd=c:\Users\vaibh\OneDrive\Desktop\Workstation\Internship, stdin=None, shell=False, universal_newlines=False)
2026-05-09 08:54:35 | DEBUG    | git.cmd | Popen(['git', 'cat-file', '--batch-check'], cwd=c:\Users\vaibh\OneDrive\Desktop\Workstation\Internship, stdin=<valid stream>, shell=False, universal_newlines=False)
2026-05-09 08:54:35 | DEBUG    | urllib3.connectionpool | Starting new HTTPS connection (1): config.mlflow-telemetry.io:443
2026-05-09 08:54:35 | DEBUG    | urllib3.connectionpool | https://config.mlflow-telemetry.io:443 "GET /3.12.0.json HTTP/1.1" 200 308
2026-05-09 08:54:42 | INFO     | __main__ | done
2026-05-09 08:56:47 | INFO     | data_preprocessing | Final shape: (988, 13)
2026-05-09 08:56:47 | INFO     | __main__ | {'majority': 0.5131578947368421, 'persistence': 0.6133333333333333}
2026-05-09 08:56:48 | DEBUG    | git.cmd | Popen(['git', 'version'], cwd=C:\Users\vaibh\OneDrive\Desktop\Workstation\Internship, stdin=None, shell=False, universal_newlines=False)
2026-05-09 08:56:48 | DEBUG    | git.cmd | Popen(['git', 'version'], cwd=C:\Users\vaibh\OneDrive\Desktop\Workstation\Internship, stdin=None, shell=False, universal_newlines=False)
2026-05-09 08:56:48 | DEBUG    | git.cmd | Popen(['git', 'check-ignore', 'c:\\Users\\vaibh\\OneDrive\\Desktop\\Workstation\\Internship\\src'], cwd=c:\Users\vaibh\OneDrive\Desktop\Workstation\Internship, stdin=None, shell=False, universal_newlines=False)
2026-05-09 08:56:48 | DEBUG    | git.cmd | Popen(['git', 'cat-file', '--batch-check'], cwd=c:\Users\vaibh\OneDrive\Desktop\Workstation\Internship, stdin=<valid stream>, shell=False, universal_newlines=False)
2026-05-09 08:56:48 | DEBUG    | urllib3.connectionpool | Starting new HTTPS connection (1): config.mlflow-telemetry.io:443
2026-05-09 08:56:48 | DEBUG    | urllib3.connectionpool | https://config.mlflow-telemetry.io:443 "GET /3.12.0.json HTTP/1.1" 200 308
2026-05-09 08:56:54 | INFO     | __main__ | done
2026-05-09 08:58:21 | INFO     | __main__ | Loading dataset
2026-05-09 08:58:21 | INFO     | data_preprocessing | Final shape: (988, 13)
2026-05-09 08:58:21 | INFO     | __main__ | Fold 1 | AUC 0.4856 | BAL 0.5588
2026-05-09 08:58:21 | INFO     | __main__ | Fold 2 | AUC 0.4533 | BAL 0.4641
2026-05-09 08:58:21 | INFO     | __main__ | Fold 3 | AUC 0.5087 | BAL 0.5016
2026-05-09 08:58:21 | INFO     | __main__ | Fold 4 | AUC 0.5588 | BAL 0.5410
2026-05-09 08:58:21 | INFO     | __main__ | Fold 5 | AUC 0.5131 | BAL 0.5242
2026-05-09 08:58:21 | INFO     | __main__ | Fold 6 | AUC 0.5527 | BAL 0.6486
2026-05-09 08:58:21 | INFO     | __main__ | Fold 7 | AUC 0.5707 | BAL 0.5572
2026-05-09 08:58:22 | INFO     | __main__ | Fold 8 | AUC 0.5443 | BAL 0.5443
2026-05-09 08:58:22 | INFO     | __main__ | Fold 9 | AUC 0.4956 | BAL 0.4606
2026-05-09 08:58:22 | INFO     | __main__ | Fold 10 | AUC 0.3716 | BAL 0.4168
2026-05-09 08:58:22 | INFO     | __main__ | Fold 11 | AUC 0.4304 | BAL 0.4064
2026-05-09 08:58:22 | INFO     | __main__ | Fold 12 | AUC 0.4541 | BAL 0.4464
2026-05-09 08:58:22 | INFO     | __main__ | Fold 13 | AUC 0.4480 | BAL 0.4605
2026-05-09 08:58:22 | INFO     | __main__ | Fold 14 | AUC 0.4792 | BAL 0.4548
2026-05-09 08:58:22 | INFO     | __main__ | Fold 15 | AUC 0.4535 | BAL 0.4762
2026-05-09 08:58:22 | INFO     | __main__ | Fold 16 | AUC 0.4771 | BAL 0.5166
2026-05-09 08:58:22 | INFO     | __main__ | Fold 17 | AUC 0.4969 | BAL 0.5250
2026-05-09 08:58:22 | INFO     | __main__ | Fold 18 | AUC 0.4473 | BAL 0.4249
2026-05-09 08:58:23 | INFO     | __main__ | Fold 19 | AUC 0.4605 | BAL 0.4298
2026-05-09 08:58:23 | INFO     | __main__ | Fold 20 | AUC 0.4980 | BAL 0.4812
2026-05-09 08:58:23 | INFO     | __main__ | Fold 21 | AUC 0.4468 | BAL 0.4096
2026-05-09 08:58:23 | INFO     | __main__ | Fold 22 | AUC 0.4699 | BAL 0.5322
2026-05-09 08:58:23 | INFO     | __main__ | Fold 23 | AUC 0.5347 | BAL 0.5679
2026-05-09 08:58:23 | INFO     | __main__ | Fold 24 | AUC 0.5644 | BAL 0.5546
2026-05-09 08:58:23 | INFO     | __main__ | Logging MLflow
2026-05-09 08:58:23 | DEBUG    | git.cmd | Popen(['git', 'version'], cwd=C:\Users\vaibh\OneDrive\Desktop\Workstation\Internship, stdin=None, shell=False, universal_newlines=False)
2026-05-09 08:58:23 | DEBUG    | git.cmd | Popen(['git', 'version'], cwd=C:\Users\vaibh\OneDrive\Desktop\Workstation\Internship, stdin=None, shell=False, universal_newlines=False)
2026-05-09 08:58:23 | DEBUG    | git.cmd | Popen(['git', 'check-ignore', 'c:\\Users\\vaibh\\OneDrive\\Desktop\\Workstation\\Internship\\src'], cwd=c:\Users\vaibh\OneDrive\Desktop\Workstation\Internship, stdin=None, shell=False, universal_newlines=False)
2026-05-09 08:58:23 | DEBUG    | git.cmd | Popen(['git', 'cat-file', '--batch-check'], cwd=c:\Users\vaibh\OneDrive\Desktop\Workstation\Internship, stdin=<valid stream>, shell=False, universal_newlines=False)
2026-05-09 08:58:24 | DEBUG    | urllib3.connectionpool | Starting new HTTPS connection (1): config.mlflow-telemetry.io:443
2026-05-09 08:58:24 | DEBUG    | urllib3.connectionpool | https://config.mlflow-telemetry.io:443 "GET /3.12.0.json HTTP/1.1" 200 308
2026-05-09 08:58:24 | INFO     | __main__ | AUC 0.4881
2026-05-09 08:58:24 | INFO     | __main__ | BAL 0.4960
2026-05-09 08:59:56 | INFO     | data_preprocessing | Final shape: (988, 13)
2026-05-09 09:00:36 | INFO     | data_preprocessing | Final shape: (988, 13)
2026-05-09 09:02:49 | INFO     | data_preprocessing | Final shape: (988, 13)
2026-05-09 09:06:10 | INFO     | data_preprocessing | Final shape: (988, 13)
2026-05-09 09:06:10 | INFO     | __main__ | {'majority': 0.5131578947368421, 'persistence': 0.6133333333333333}
2026-05-09 09:06:10 | DEBUG    | git.cmd | Popen(['git', 'version'], cwd=C:\Users\vaibh\OneDrive\Desktop\Workstation\Internship, stdin=None, shell=False, universal_newlines=False)
2026-05-09 09:06:11 | DEBUG    | git.cmd | Popen(['git', 'version'], cwd=C:\Users\vaibh\OneDrive\Desktop\Workstation\Internship, stdin=None, shell=False, universal_newlines=False)
2026-05-09 09:06:11 | DEBUG    | git.cmd | Popen(['git', 'check-ignore', 'c:\\Users\\vaibh\\OneDrive\\Desktop\\Workstation\\Internship\\src'], cwd=c:\Users\vaibh\OneDrive\Desktop\Workstation\Internship, stdin=None, shell=False, universal_newlines=False)
2026-05-09 09:06:11 | DEBUG    | git.cmd | Popen(['git', 'cat-file', '--batch-check'], cwd=c:\Users\vaibh\OneDrive\Desktop\Workstation\Internship, stdin=<valid stream>, shell=False, universal_newlines=False)
2026-05-09 09:06:11 | DEBUG    | urllib3.connectionpool | Starting new HTTPS connection (1): config.mlflow-telemetry.io:443
2026-05-09 09:06:11 | DEBUG    | urllib3.connectionpool | https://config.mlflow-telemetry.io:443 "GET /3.12.0.json HTTP/1.1" 200 308
2026-05-09 09:06:17 | INFO     | __main__ | done
2026-05-09 09:07:00 | INFO     | data_preprocessing | Final shape: (988, 13)
2026-05-09 09:07:00 | INFO     | __main__ | {'majority': 0.5131578947368421, 'persistence': 0.6133333333333333}
2026-05-09 09:07:01 | DEBUG    | git.cmd | Popen(['git', 'version'], cwd=C:\Users\vaibh\OneDrive\Desktop\Workstation\Internship, stdin=None, shell=False, universal_newlines=False)
2026-05-09 09:07:01 | DEBUG    | git.cmd | Popen(['git', 'version'], cwd=C:\Users\vaibh\OneDrive\Desktop\Workstation\Internship, stdin=None, shell=False, universal_newlines=False)
2026-05-09 09:07:01 | DEBUG    | git.cmd | Popen(['git', 'check-ignore', 'c:\\Users\\vaibh\\OneDrive\\Desktop\\Workstation\\Internship\\src'], cwd=c:\Users\vaibh\OneDrive\Desktop\Workstation\Internship, stdin=None, shell=False, universal_newlines=False)
2026-05-09 09:07:01 | DEBUG    | git.cmd | Popen(['git', 'cat-file', '--batch-check'], cwd=c:\Users\vaibh\OneDrive\Desktop\Workstation\Internship, stdin=<valid stream>, shell=False, universal_newlines=False)
2026-05-09 09:07:01 | DEBUG    | urllib3.connectionpool | Starting new HTTPS connection (1): config.mlflow-telemetry.io:443
2026-05-09 09:07:01 | DEBUG    | urllib3.connectionpool | https://config.mlflow-telemetry.io:443 "GET /3.12.0.json HTTP/1.1" 200 308
2026-05-09 09:07:07 | INFO     | __main__ | done
2026-05-09 09:07:41 | INFO     | __main__ | Loading dataset
2026-05-09 09:07:41 | INFO     | data_preprocessing | Final shape: (988, 13)
2026-05-09 09:07:41 | INFO     | __main__ | Fold 1 | AUC 0.4135 | BAL 0.4157
2026-05-09 09:07:41 | INFO     | __main__ | Fold 2 | AUC 0.4432 | BAL 0.4671
2026-05-09 09:07:41 | INFO     | __main__ | Fold 3 | AUC 0.5103 | BAL 0.4641
2026-05-09 09:07:42 | INFO     | __main__ | Fold 4 | AUC 0.5660 | BAL 0.5427
2026-05-09 09:07:42 | INFO     | __main__ | Fold 5 | AUC 0.5585 | BAL 0.5731
2026-05-09 09:07:42 | INFO     | __main__ | Fold 6 | AUC 0.6085 | BAL 0.5598
2026-05-09 09:07:42 | INFO     | __main__ | Fold 7 | AUC 0.5941 | BAL 0.5515
2026-05-09 09:07:42 | INFO     | __main__ | Fold 8 | AUC 0.5987 | BAL 0.5443
2026-05-09 09:07:42 | INFO     | __main__ | Fold 9 | AUC 0.5155 | BAL 0.4972
2026-05-09 09:07:42 | INFO     | __main__ | Fold 10 | AUC 0.3863 | BAL 0.4305
2026-05-09 09:07:42 | INFO     | __main__ | Fold 11 | AUC 0.4356 | BAL 0.4912
2026-05-09 09:07:43 | INFO     | __main__ | Fold 12 | AUC 0.4520 | BAL 0.4750
2026-05-09 09:07:43 | INFO     | __main__ | Fold 13 | AUC 0.4699 | BAL 0.4662
2026-05-09 09:07:43 | INFO     | __main__ | Fold 14 | AUC 0.5026 | BAL 0.4220
2026-05-09 09:07:43 | INFO     | __main__ | Fold 15 | AUC 0.5471 | BAL 0.5000
2026-05-09 09:07:43 | INFO     | __main__ | Fold 16 | AUC 0.5644 | BAL 0.5764
2026-05-09 09:07:43 | INFO     | __main__ | Fold 17 | AUC 0.5673 | BAL 0.5321
2026-05-09 09:07:43 | INFO     | __main__ | Fold 18 | AUC 0.4888 | BAL 0.4670
2026-05-09 09:07:43 | INFO     | __main__ | Fold 19 | AUC 0.4699 | BAL 0.4662
2026-05-09 09:07:43 | INFO     | __main__ | Fold 20 | AUC 0.5030 | BAL 0.4939
2026-05-09 09:07:43 | INFO     | __main__ | Fold 21 | AUC 0.4401 | BAL 0.4712
2026-05-09 09:07:44 | INFO     | __main__ | Fold 22 | AUC 0.4699 | BAL 0.5416
2026-05-09 09:07:44 | INFO     | __main__ | Fold 23 | AUC 0.5092 | BAL 0.5107
2026-05-09 09:07:44 | INFO     | __main__ | Fold 24 | AUC 0.5863 | BAL 0.5546
2026-05-09 09:07:44 | INFO     | __main__ | Logging MLflow
2026-05-09 09:07:44 | DEBUG    | git.cmd | Popen(['git', 'version'], cwd=C:\Users\vaibh\OneDrive\Desktop\Workstation\Internship, stdin=None, shell=False, universal_newlines=False)
2026-05-09 09:07:44 | DEBUG    | git.cmd | Popen(['git', 'version'], cwd=C:\Users\vaibh\OneDrive\Desktop\Workstation\Internship, stdin=None, shell=False, universal_newlines=False)
2026-05-09 09:07:44 | DEBUG    | git.cmd | Popen(['git', 'check-ignore', 'c:\\Users\\vaibh\\OneDrive\\Desktop\\Workstation\\Internship\\src'], cwd=c:\Users\vaibh\OneDrive\Desktop\Workstation\Internship, stdin=None, shell=False, universal_newlines=False)
2026-05-09 09:07:44 | DEBUG    | git.cmd | Popen(['git', 'cat-file', '--batch-check'], cwd=c:\Users\vaibh\OneDrive\Desktop\Workstation\Internship, stdin=<valid stream>, shell=False, universal_newlines=False)
2026-05-09 09:07:44 | DEBUG    | urllib3.connectionpool | Starting new HTTPS connection (1): config.mlflow-telemetry.io:443
2026-05-09 09:07:44 | DEBUG    | urllib3.connectionpool | https://config.mlflow-telemetry.io:443 "GET /3.12.0.json HTTP/1.1" 200 308
2026-05-09 09:07:44 | INFO     | __main__ | AUC 0.5084
2026-05-09 09:07:44 | INFO     | __main__ | BAL 0.5006
2026-05-09 09:22:12 | INFO     | data_preprocessing | Final shape: (988, 13)
2026-05-09 09:22:12 | INFO     | __main__ | {'majority': 0.5131578947368421, 'persistence': 0.6133333333333333}
2026-05-09 09:22:13 | DEBUG    | git.cmd | Popen(['git', 'version'], cwd=C:\Users\vaibh\OneDrive\Desktop\Workstation\Internship, stdin=None, shell=False, universal_newlines=False)
2026-05-09 09:22:13 | DEBUG    | git.cmd | Popen(['git', 'version'], cwd=C:\Users\vaibh\OneDrive\Desktop\Workstation\Internship, stdin=None, shell=False, universal_newlines=False)
2026-05-09 09:22:13 | DEBUG    | git.cmd | Popen(['git', 'check-ignore', 'c:\\Users\\vaibh\\OneDrive\\Desktop\\Workstation\\Internship\\src'], cwd=c:\Users\vaibh\OneDrive\Desktop\Workstation\Internship, stdin=None, shell=False, universal_newlines=False)
2026-05-09 09:22:13 | DEBUG    | git.cmd | Popen(['git', 'cat-file', '--batch-check'], cwd=c:\Users\vaibh\OneDrive\Desktop\Workstation\Internship, stdin=<valid stream>, shell=False, universal_newlines=False)
2026-05-09 09:22:13 | DEBUG    | urllib3.connectionpool | Starting new HTTPS connection (1): config.mlflow-telemetry.io:443
2026-05-09 09:22:13 | DEBUG    | urllib3.connectionpool | https://config.mlflow-telemetry.io:443 "GET /3.12.0.json HTTP/1.1" 200 308
2026-05-09 09:22:19 | INFO     | __main__ | done
2026-05-09 09:22:41 | INFO     | __main__ | Loading dataset
2026-05-09 09:22:41 | INFO     | data_preprocessing | Final shape: (988, 13)
2026-05-09 09:22:41 | INFO     | __main__ | Fold 1 | AUC 0.4135 | BAL 0.4157
2026-05-09 09:22:41 | INFO     | __main__ | Fold 2 | AUC 0.4432 | BAL 0.4671
2026-05-09 09:22:41 | INFO     | __main__ | Fold 3 | AUC 0.5103 | BAL 0.4641
2026-05-09 09:22:42 | INFO     | __main__ | Fold 4 | AUC 0.5660 | BAL 0.5427
2026-05-09 09:22:42 | INFO     | __main__ | Fold 5 | AUC 0.5585 | BAL 0.5731
2026-05-09 09:22:42 | INFO     | __main__ | Fold 6 | AUC 0.6085 | BAL 0.5598
2026-05-09 09:22:42 | INFO     | __main__ | Fold 7 | AUC 0.5941 | BAL 0.5515
2026-05-09 09:22:42 | INFO     | __main__ | Fold 8 | AUC 0.5987 | BAL 0.5443
2026-05-09 09:22:42 | INFO     | __main__ | Fold 9 | AUC 0.5155 | BAL 0.4972
2026-05-09 09:22:42 | INFO     | __main__ | Fold 10 | AUC 0.3863 | BAL 0.4305
2026-05-09 09:22:42 | INFO     | __main__ | Fold 11 | AUC 0.4356 | BAL 0.4912
2026-05-09 09:22:43 | INFO     | __main__ | Fold 12 | AUC 0.4520 | BAL 0.4750
2026-05-09 09:22:43 | INFO     | __main__ | Fold 13 | AUC 0.4699 | BAL 0.4662
2026-05-09 09:22:43 | INFO     | __main__ | Fold 14 | AUC 0.5026 | BAL 0.4220
2026-05-09 09:22:43 | INFO     | __main__ | Fold 15 | AUC 0.5471 | BAL 0.5000
2026-05-09 09:22:43 | INFO     | __main__ | Fold 16 | AUC 0.5644 | BAL 0.5764
2026-05-09 09:22:43 | INFO     | __main__ | Fold 17 | AUC 0.5673 | BAL 0.5321
2026-05-09 09:22:43 | INFO     | __main__ | Fold 18 | AUC 0.4888 | BAL 0.4670
2026-05-09 09:22:43 | INFO     | __main__ | Fold 19 | AUC 0.4699 | BAL 0.4662
2026-05-09 09:22:43 | INFO     | __main__ | Fold 20 | AUC 0.5030 | BAL 0.4939
2026-05-09 09:22:44 | INFO     | __main__ | Fold 21 | AUC 0.4401 | BAL 0.4712
2026-05-09 09:22:44 | INFO     | __main__ | Fold 22 | AUC 0.4699 | BAL 0.5416
2026-05-09 09:22:44 | INFO     | __main__ | Fold 23 | AUC 0.5092 | BAL 0.5107
2026-05-09 09:22:44 | INFO     | __main__ | Fold 24 | AUC 0.5863 | BAL 0.5546
2026-05-09 09:22:44 | INFO     | __main__ | Logging MLflow
2026-05-09 09:22:44 | DEBUG    | git.cmd | Popen(['git', 'version'], cwd=C:\Users\vaibh\OneDrive\Desktop\Workstation\Internship, stdin=None, shell=False, universal_newlines=False)
2026-05-09 09:22:44 | DEBUG    | git.cmd | Popen(['git', 'version'], cwd=C:\Users\vaibh\OneDrive\Desktop\Workstation\Internship, stdin=None, shell=False, universal_newlines=False)
2026-05-09 09:22:44 | DEBUG    | git.cmd | Popen(['git', 'check-ignore', 'c:\\Users\\vaibh\\OneDrive\\Desktop\\Workstation\\Internship\\src'], cwd=c:\Users\vaibh\OneDrive\Desktop\Workstation\Internship, stdin=None, shell=False, universal_newlines=False)
2026-05-09 09:22:44 | DEBUG    | git.cmd | Popen(['git', 'cat-file', '--batch-check'], cwd=c:\Users\vaibh\OneDrive\Desktop\Workstation\Internship, stdin=<valid stream>, shell=False, universal_newlines=False)
2026-05-09 09:22:44 | DEBUG    | urllib3.connectionpool | Starting new HTTPS connection (1): config.mlflow-telemetry.io:443
2026-05-09 09:22:44 | DEBUG    | urllib3.connectionpool | https://config.mlflow-telemetry.io:443 "GET /3.12.0.json HTTP/1.1" 200 308
2026-05-09 09:22:44 | INFO     | __main__ | AUC 0.5084
2026-05-09 09:22:44 | INFO     | __main__ | BAL 0.5006
2026-05-09 09:32:20 | INFO     | data_preprocessing | Final shape: (988, 13)
2026-05-09 09:32:20 | INFO     | __main__ | Baselines: {'majority': 0.5079365079365079, 'persistence': 0.584}
2026-05-09 09:32:20 | INFO     | __main__ | {'accuracy': 0.5396825396825397, 'balanced_accuracy': 0.5367943548387097, 'precision': 0.5348837209302325, 'recall': 0.71875, 'f1': 0.6133333333333333, 'auc': 0.5491431451612903, 'confusion_matrix': [[22, 40], [18, 46]], 'majority_baseline': 0.5079365079365079, 'persistence_baseline': 0.584, 'threshold': 0.55}
2026-05-09 09:32:20 | DEBUG    | git.cmd | Popen(['git', 'version'], cwd=C:\Users\vaibh\OneDrive\Desktop\Workstation\Internship, stdin=None, shell=False, universal_newlines=False)
2026-05-09 09:32:20 | DEBUG    | git.cmd | Popen(['git', 'version'], cwd=C:\Users\vaibh\OneDrive\Desktop\Workstation\Internship, stdin=None, shell=False, universal_newlines=False)
2026-05-09 09:32:20 | DEBUG    | git.cmd | Popen(['git', 'check-ignore', 'c:\\Users\\vaibh\\OneDrive\\Desktop\\Workstation\\Internship\\src'], cwd=c:\Users\vaibh\OneDrive\Desktop\Workstation\Internship, stdin=None, shell=False, universal_newlines=False)
2026-05-09 09:32:20 | DEBUG    | git.cmd | Popen(['git', 'cat-file', '--batch-check'], cwd=c:\Users\vaibh\OneDrive\Desktop\Workstation\Internship, stdin=<valid stream>, shell=False, universal_newlines=False)
2026-05-09 09:32:21 | DEBUG    | urllib3.connectionpool | Starting new HTTPS connection (1): config.mlflow-telemetry.io:443
2026-05-09 09:32:21 | DEBUG    | urllib3.connectionpool | https://config.mlflow-telemetry.io:443 "GET /3.12.0.json HTTP/1.1" 200 308
2026-05-09 09:32:27 | INFO     | __main__ | done
2026-05-09 09:33:48 | INFO     | data_preprocessing | Final shape: (988, 13)
2026-05-09 09:34:45 | INFO     | __main__ | Loading dataset
2026-05-09 09:34:45 | INFO     | data_preprocessing | Final shape: (988, 13)
2026-05-09 09:34:45 | INFO     | __main__ | Fold  1 | AUC 0.6520 | BAL 0.5607
2026-05-09 09:34:45 | INFO     | __main__ | Fold  2 | AUC 0.5053 | BAL 0.4936
2026-05-09 09:34:45 | INFO     | __main__ | Fold  3 | AUC 0.4025 | BAL 0.4286
2026-05-09 09:34:45 | INFO     | __main__ | Fold  4 | AUC 0.4522 | BAL 0.4516
2026-05-09 09:34:45 | INFO     | __main__ | Fold  5 | AUC 0.5096 | BAL 0.5238
2026-05-09 09:34:45 | INFO     | __main__ | Fold  6 | AUC 0.5229 | BAL 0.5010
2026-05-09 09:34:45 | INFO     | __main__ | Fold  7 | AUC 0.5756 | BAL 0.5502
2026-05-09 09:34:45 | INFO     | __main__ | Fold  8 | AUC 0.5918 | BAL 0.5056
2026-05-09 09:34:46 | INFO     | __main__ | Fold  9 | AUC 0.6538 | BAL 0.5337
2026-05-09 09:34:46 | INFO     | __main__ | Fold 10 | AUC 0.5371 | BAL 0.5305
2026-05-09 09:34:46 | INFO     | __main__ | Fold 11 | AUC 0.3579 | BAL 0.3782
2026-05-09 09:34:46 | INFO     | __main__ | Fold 12 | AUC 0.3214 | BAL 0.4107
2026-05-09 09:34:46 | INFO     | __main__ | Fold 13 | AUC 0.4470 | BAL 0.4350
2026-05-09 09:34:46 | INFO     | __main__ | Fold 14 | AUC 0.4064 | BAL 0.3935
2026-05-09 09:34:46 | INFO     | __main__ | Fold 15 | AUC 0.4137 | BAL 0.3602
2026-05-09 09:34:46 | INFO     | __main__ | Fold 16 | AUC 0.4558 | BAL 0.4037
2026-05-09 09:34:46 | INFO     | __main__ | Fold 17 | AUC 0.4279 | BAL 0.4412
2026-05-09 09:34:46 | INFO     | __main__ | Fold 18 | AUC 0.5453 | BAL 0.5231
2026-05-09 09:34:47 | INFO     | __main__ | Fold 19 | AUC 0.5909 | BAL 0.5697
2026-05-09 09:34:47 | INFO     | __main__ | Fold 20 | AUC 0.5203 | BAL 0.4439
2026-05-09 09:34:47 | INFO     | __main__ | Fold 21 | AUC 0.5122 | BAL 0.4714
2026-05-09 09:34:47 | INFO     | __main__ | Fold 22 | AUC 0.4615 | BAL 0.5223
2026-05-09 09:34:47 | INFO     | __main__ | Fold 23 | AUC 0.4964 | BAL 0.5214
2026-05-09 09:34:47 | INFO     | __main__ | Fold 24 | AUC 0.5512 | BAL 0.5598
2026-05-09 09:34:47 | INFO     | __main__ | Fold 25 | AUC 0.4778 | BAL 0.4909
2026-05-09 09:34:47 | INFO     | __main__ | Fold 26 | AUC 0.4432 | BAL 0.4868
2026-05-09 09:34:47 | INFO     | __main__ | Logging to MLflow
2026-05-09 09:34:48 | DEBUG    | git.cmd | Popen(['git', 'version'], cwd=C:\Users\vaibh\OneDrive\Desktop\Workstation\Internship, stdin=None, shell=False, universal_newlines=False)
2026-05-09 09:34:48 | DEBUG    | git.cmd | Popen(['git', 'version'], cwd=C:\Users\vaibh\OneDrive\Desktop\Workstation\Internship, stdin=None, shell=False, universal_newlines=False)
2026-05-09 09:34:48 | DEBUG    | git.cmd | Popen(['git', 'check-ignore', 'c:\\Users\\vaibh\\OneDrive\\Desktop\\Workstation\\Internship\\src'], cwd=c:\Users\vaibh\OneDrive\Desktop\Workstation\Internship, stdin=None, shell=False, universal_newlines=False)
2026-05-09 09:34:48 | DEBUG    | git.cmd | Popen(['git', 'cat-file', '--batch-check'], cwd=c:\Users\vaibh\OneDrive\Desktop\Workstation\Internship, stdin=<valid stream>, shell=False, universal_newlines=False)
2026-05-09 09:34:48 | DEBUG    | urllib3.connectionpool | Starting new HTTPS connection (1): config.mlflow-telemetry.io:443
2026-05-09 09:34:48 | DEBUG    | urllib3.connectionpool | https://config.mlflow-telemetry.io:443 "GET /3.12.0.json HTTP/1.1" 200 308
2026-05-09 09:34:48 | INFO     | __main__ | Mean AUC 0.4935 | Mean BAL 0.4804
2026-05-09 09:35:48 | INFO     | data_preprocessing | Final shape: (988, 13)
2026-05-09 09:35:48 | INFO     | __main__ | Baselines: {'majority': 0.5079365079365079, 'persistence': 0.584}
2026-05-09 09:35:49 | INFO     | __main__ | {'accuracy': 0.5396825396825397, 'balanced_accuracy': 0.5367943548387097, 'precision': 0.5348837209302325, 'recall': 0.71875, 'f1': 0.6133333333333333, 'auc': 0.5491431451612903, 'confusion_matrix': [[22, 40], [18, 46]], 'majority_baseline': 0.5079365079365079, 'persistence_baseline': 0.584, 'threshold': 0.55}
2026-05-09 09:35:49 | DEBUG    | git.cmd | Popen(['git', 'version'], cwd=C:\Users\vaibh\OneDrive\Desktop\Workstation\Internship, stdin=None, shell=False, universal_newlines=False)
2026-05-09 09:35:49 | DEBUG    | git.cmd | Popen(['git', 'version'], cwd=C:\Users\vaibh\OneDrive\Desktop\Workstation\Internship, stdin=None, shell=False, universal_newlines=False)
2026-05-09 09:35:49 | DEBUG    | git.cmd | Popen(['git', 'check-ignore', 'c:\\Users\\vaibh\\OneDrive\\Desktop\\Workstation\\Internship\\src'], cwd=c:\Users\vaibh\OneDrive\Desktop\Workstation\Internship, stdin=None, shell=False, universal_newlines=False)
2026-05-09 09:35:49 | DEBUG    | git.cmd | Popen(['git', 'cat-file', '--batch-check'], cwd=c:\Users\vaibh\OneDrive\Desktop\Workstation\Internship, stdin=<valid stream>, shell=False, universal_newlines=False)
2026-05-09 09:35:49 | DEBUG    | urllib3.connectionpool | Starting new HTTPS connection (1): config.mlflow-telemetry.io:443
2026-05-09 09:35:49 | DEBUG    | urllib3.connectionpool | https://config.mlflow-telemetry.io:443 "GET /3.12.0.json HTTP/1.1" 200 308
2026-05-09 09:36:16 | INFO     | data_preprocessing | Final shape: (988, 13)
2026-05-09 09:36:16 | INFO     | __main__ | Baselines: {'majority': 0.5079365079365079, 'persistence': 0.584}
2026-05-09 09:36:16 | INFO     | __main__ | {'accuracy': 0.5396825396825397, 'balanced_accuracy': 0.5367943548387097, 'precision': 0.5348837209302325, 'recall': 0.71875, 'f1': 0.6133333333333333, 'auc': 0.5491431451612903, 'confusion_matrix': [[22, 40], [18, 46]], 'majority_baseline': 0.5079365079365079, 'persistence_baseline': 0.584, 'threshold': 0.55}
2026-05-09 09:36:17 | DEBUG    | git.cmd | Popen(['git', 'version'], cwd=C:\Users\vaibh\OneDrive\Desktop\Workstation\Internship, stdin=None, shell=False, universal_newlines=False)
2026-05-09 09:36:17 | DEBUG    | git.cmd | Popen(['git', 'version'], cwd=C:\Users\vaibh\OneDrive\Desktop\Workstation\Internship, stdin=None, shell=False, universal_newlines=False)
2026-05-09 09:36:17 | DEBUG    | git.cmd | Popen(['git', 'check-ignore', 'c:\\Users\\vaibh\\OneDrive\\Desktop\\Workstation\\Internship\\src'], cwd=c:\Users\vaibh\OneDrive\Desktop\Workstation\Internship, stdin=None, shell=False, universal_newlines=False)
2026-05-09 09:36:17 | DEBUG    | git.cmd | Popen(['git', 'cat-file', '--batch-check'], cwd=c:\Users\vaibh\OneDrive\Desktop\Workstation\Internship, stdin=<valid stream>, shell=False, universal_newlines=False)
2026-05-09 09:36:17 | DEBUG    | urllib3.connectionpool | Starting new HTTPS connection (1): config.mlflow-telemetry.io:443
2026-05-09 09:36:17 | DEBUG    | urllib3.connectionpool | https://config.mlflow-telemetry.io:443 "GET /3.12.0.json HTTP/1.1" 200 308
2026-05-09 09:36:23 | INFO     | __main__ | done
2026-05-09 09:36:31 | INFO     | data_preprocessing | Final shape: (988, 13)
2026-05-09 09:36:59 | INFO     | __main__ | Loading dataset
2026-05-09 09:36:59 | INFO     | data_preprocessing | Final shape: (988, 13)
2026-05-09 09:36:59 | INFO     | __main__ | Fold  1 | AUC 0.6520 | BAL 0.5607
2026-05-09 09:36:59 | INFO     | __main__ | Fold  2 | AUC 0.5053 | BAL 0.4936
2026-05-09 09:37:00 | INFO     | __main__ | Fold  3 | AUC 0.4025 | BAL 0.4286
2026-05-09 09:37:00 | INFO     | __main__ | Fold  4 | AUC 0.4522 | BAL 0.4516
2026-05-09 09:37:00 | INFO     | __main__ | Fold  5 | AUC 0.5096 | BAL 0.5238
2026-05-09 09:37:00 | INFO     | __main__ | Fold  6 | AUC 0.5229 | BAL 0.5010
2026-05-09 09:37:00 | INFO     | __main__ | Fold  7 | AUC 0.5756 | BAL 0.5502
2026-05-09 09:37:00 | INFO     | __main__ | Fold  8 | AUC 0.5918 | BAL 0.5056
2026-05-09 09:37:00 | INFO     | __main__ | Fold  9 | AUC 0.6538 | BAL 0.5337
2026-05-09 09:37:00 | INFO     | __main__ | Fold 10 | AUC 0.5371 | BAL 0.5305
2026-05-09 09:37:00 | INFO     | __main__ | Fold 11 | AUC 0.3579 | BAL 0.3782
2026-05-09 09:37:00 | INFO     | __main__ | Fold 12 | AUC 0.3214 | BAL 0.4107
2026-05-09 09:37:00 | INFO     | __main__ | Fold 13 | AUC 0.4470 | BAL 0.4350
2026-05-09 09:37:00 | INFO     | __main__ | Fold 14 | AUC 0.4064 | BAL 0.3935
2026-05-09 09:37:01 | INFO     | __main__ | Fold 15 | AUC 0.4137 | BAL 0.3602
2026-05-09 09:37:01 | INFO     | __main__ | Fold 16 | AUC 0.4558 | BAL 0.4037
2026-05-09 09:37:01 | INFO     | __main__ | Fold 17 | AUC 0.4279 | BAL 0.4412
2026-05-09 09:37:01 | INFO     | __main__ | Fold 18 | AUC 0.5453 | BAL 0.5231
2026-05-09 09:37:01 | INFO     | __main__ | Fold 19 | AUC 0.5909 | BAL 0.5697
2026-05-09 09:37:01 | INFO     | __main__ | Fold 20 | AUC 0.5203 | BAL 0.4439
2026-05-09 09:37:01 | INFO     | __main__ | Fold 21 | AUC 0.5122 | BAL 0.4714
2026-05-09 09:37:01 | INFO     | __main__ | Fold 22 | AUC 0.4615 | BAL 0.5223
2026-05-09 09:37:01 | INFO     | __main__ | Fold 23 | AUC 0.4964 | BAL 0.5214
2026-05-09 09:37:01 | INFO     | __main__ | Fold 24 | AUC 0.5512 | BAL 0.5598
2026-05-09 09:37:01 | INFO     | __main__ | Fold 25 | AUC 0.4778 | BAL 0.4909
2026-05-09 09:37:02 | INFO     | __main__ | Fold 26 | AUC 0.4432 | BAL 0.4868
2026-05-09 09:37:02 | INFO     | __main__ | Logging to MLflow
2026-05-09 09:37:02 | DEBUG    | git.cmd | Popen(['git', 'version'], cwd=C:\Users\vaibh\OneDrive\Desktop\Workstation\Internship, stdin=None, shell=False, universal_newlines=False)
2026-05-09 09:37:02 | DEBUG    | git.cmd | Popen(['git', 'version'], cwd=C:\Users\vaibh\OneDrive\Desktop\Workstation\Internship, stdin=None, shell=False, universal_newlines=False)
2026-05-09 09:37:02 | DEBUG    | git.cmd | Popen(['git', 'check-ignore', 'c:\\Users\\vaibh\\OneDrive\\Desktop\\Workstation\\Internship\\src'], cwd=c:\Users\vaibh\OneDrive\Desktop\Workstation\Internship, stdin=None, shell=False, universal_newlines=False)
2026-05-09 09:37:02 | DEBUG    | git.cmd | Popen(['git', 'cat-file', '--batch-check'], cwd=c:\Users\vaibh\OneDrive\Desktop\Workstation\Internship, stdin=<valid stream>, shell=False, universal_newlines=False)
2026-05-09 09:37:02 | DEBUG    | urllib3.connectionpool | Starting new HTTPS connection (1): config.mlflow-telemetry.io:443
2026-05-09 09:37:02 | DEBUG    | urllib3.connectionpool | https://config.mlflow-telemetry.io:443 "GET /3.12.0.json HTTP/1.1" 200 308
2026-05-09 09:37:02 | INFO     | __main__ | Mean AUC 0.4935 | Mean BAL 0.4804
2026-05-09 09:47:34 | INFO     | data_preprocessing | Final shape: (988, 13)
2026-05-09 09:47:34 | INFO     | __main__ | Baselines: {'majority': 0.5079365079365079, 'persistence': 0.584}
2026-05-09 09:47:34 | INFO     | __main__ | {'accuracy': 0.5158730158730159, 'balanced_accuracy': 0.5131048387096774, 'precision': 0.5176470588235295, 'recall': 0.6875, 'f1': 0.5906040268456376, 'auc': 0.5638860887096774, 'confusion_matrix': [[21, 41], [20, 44]], 'majority_baseline': 0.5079365079365079, 'persistence_baseline': 0.584, 'threshold': 0.55}
2026-05-09 09:47:34 | DEBUG    | git.cmd | Popen(['git', 'version'], cwd=C:\Users\vaibh\OneDrive\Desktop\Workstation\Internship, stdin=None, shell=False, universal_newlines=False)
2026-05-09 09:47:34 | DEBUG    | git.cmd | Popen(['git', 'version'], cwd=C:\Users\vaibh\OneDrive\Desktop\Workstation\Internship, stdin=None, shell=False, universal_newlines=False)
2026-05-09 09:47:34 | DEBUG    | git.cmd | Popen(['git', 'check-ignore', 'c:\\Users\\vaibh\\OneDrive\\Desktop\\Workstation\\Internship\\src'], cwd=c:\Users\vaibh\OneDrive\Desktop\Workstation\Internship, stdin=None, shell=False, universal_newlines=False)
2026-05-09 09:47:34 | DEBUG    | git.cmd | Popen(['git', 'cat-file', '--batch-check'], cwd=c:\Users\vaibh\OneDrive\Desktop\Workstation\Internship, stdin=<valid stream>, shell=False, universal_newlines=False)
2026-05-09 09:47:34 | DEBUG    | urllib3.connectionpool | Starting new HTTPS connection (1): config.mlflow-telemetry.io:443
2026-05-09 09:47:34 | DEBUG    | urllib3.connectionpool | https://config.mlflow-telemetry.io:443 "GET /3.12.0.json HTTP/1.1" 200 308
2026-05-09 09:47:41 | INFO     | __main__ | done
2026-05-09 09:47:48 | INFO     | data_preprocessing | Final shape: (988, 13)
2026-05-09 09:47:58 | INFO     | __main__ | Loading dataset
2026-05-09 09:47:58 | INFO     | data_preprocessing | Final shape: (988, 13)
2026-05-09 09:47:58 | INFO     | __main__ | Fold  1 | AUC 0.3077 | BAL 0.4423
2026-05-09 09:47:58 | INFO     | __main__ | Fold  2 | AUC 0.4808 | BAL 0.4663
2026-05-09 09:47:58 | INFO     | __main__ | Fold  3 | AUC 0.5000 | BAL 0.5273
2026-05-09 09:47:58 | INFO     | __main__ | Fold  4 | AUC 0.4545 | BAL 0.4727
2026-05-09 09:47:58 | INFO     | __main__ | Fold  5 | AUC 0.4615 | BAL 0.4760
2026-05-09 09:47:58 | INFO     | __main__ | Fold  6 | AUC 0.4545 | BAL 0.4682
2026-05-09 09:47:58 | INFO     | __main__ | Fold  7 | AUC 0.3077 | BAL 0.3269
2026-05-09 09:47:59 | INFO     | __main__ | Fold  8 | AUC 0.3667 | BAL 0.4667
2026-05-09 09:47:59 | INFO     | __main__ | Fold  9 | AUC 0.5102 | BAL 0.4643
2026-05-09 09:47:59 | INFO     | __main__ | Fold 10 | AUC 0.4808 | BAL 0.4615
2026-05-09 09:47:59 | INFO     | __main__ | Fold 11 | AUC 0.5636 | BAL 0.4864
2026-05-09 09:47:59 | INFO     | __main__ | Fold 12 | AUC 0.5778 | BAL 0.4833
2026-05-09 09:47:59 | INFO     | __main__ | Fold 13 | AUC 0.2750 | BAL 0.4437
2026-05-09 09:47:59 | INFO     | __main__ | Fold 14 | AUC 0.4592 | BAL 0.5000
2026-05-09 09:47:59 | INFO     | __main__ | Fold 15 | AUC 0.6545 | BAL 0.5636
2026-05-09 09:48:00 | INFO     | __main__ | Fold 16 | AUC 0.2875 | BAL 0.3500
2026-05-09 09:48:00 | INFO     | __main__ | Fold 17 | AUC 0.2653 | BAL 0.3214
2026-05-09 09:48:00 | INFO     | __main__ | Fold 18 | AUC 0.4769 | BAL 0.4722
2026-05-09 09:48:00 | INFO     | __main__ | Fold 19 | AUC 0.6273 | BAL 0.6136
2026-05-09 09:48:00 | INFO     | __main__ | Fold 20 | AUC 0.6364 | BAL 0.4727
2026-05-09 09:48:00 | INFO     | __main__ | Fold 21 | AUC 0.4519 | BAL 0.3702
2026-05-09 09:48:00 | INFO     | __main__ | Fold 22 | AUC 0.2545 | BAL 0.4500
2026-05-09 09:48:00 | INFO     | __main__ | Fold 23 | AUC 0.4727 | BAL 0.5864
2026-05-09 09:48:00 | INFO     | __main__ | Fold 24 | AUC 0.5306 | BAL 0.6071
2026-05-09 09:48:00 | INFO     | __main__ | Fold 25 | AUC 0.4630 | BAL 0.4444
2026-05-09 09:48:01 | INFO     | __main__ | Fold 26 | AUC 0.6574 | BAL 0.5694
2026-05-09 09:48:01 | INFO     | __main__ | Fold 27 | AUC 0.5926 | BAL 0.5278
2026-05-09 09:48:01 | INFO     | __main__ | Fold 28 | AUC 0.5577 | BAL 0.5048
2026-05-09 09:48:01 | INFO     | __main__ | Fold 29 | AUC 0.5673 | BAL 0.4663
2026-05-09 09:48:01 | INFO     | __main__ | Fold 30 | AUC 0.2909 | BAL 0.2773
2026-05-09 09:48:01 | INFO     | __main__ | Fold 31 | AUC 0.3364 | BAL 0.3227
2026-05-09 09:48:01 | INFO     | __main__ | Fold 32 | AUC 0.5364 | BAL 0.4409
2026-05-09 09:48:01 | INFO     | __main__ | Logging to MLflow
2026-05-09 09:48:02 | DEBUG    | git.cmd | Popen(['git', 'version'], cwd=C:\Users\vaibh\OneDrive\Desktop\Workstation\Internship, stdin=None, shell=False, universal_newlines=False)
2026-05-09 09:48:02 | DEBUG    | git.cmd | Popen(['git', 'version'], cwd=C:\Users\vaibh\OneDrive\Desktop\Workstation\Internship, stdin=None, shell=False, universal_newlines=False)
2026-05-09 09:48:02 | DEBUG    | git.cmd | Popen(['git', 'check-ignore', 'c:\\Users\\vaibh\\OneDrive\\Desktop\\Workstation\\Internship\\src'], cwd=c:\Users\vaibh\OneDrive\Desktop\Workstation\Internship, stdin=None, shell=False, universal_newlines=False)
2026-05-09 09:48:02 | DEBUG    | git.cmd | Popen(['git', 'cat-file', '--batch-check'], cwd=c:\Users\vaibh\OneDrive\Desktop\Workstation\Internship, stdin=<valid stream>, shell=False, universal_newlines=False)
2026-05-09 09:48:02 | DEBUG    | urllib3.connectionpool | Starting new HTTPS connection (1): config.mlflow-telemetry.io:443
2026-05-09 09:48:02 | DEBUG    | urllib3.connectionpool | https://config.mlflow-telemetry.io:443 "GET /3.12.0.json HTTP/1.1" 200 308
2026-05-09 09:48:02 | INFO     | __main__ | Mean AUC 0.4644 | Mean BAL 0.4640
2026-05-09 09:52:23 | INFO     | data_preprocessing | Final shape: (988, 13)
2026-05-09 09:52:23 | INFO     | __main__ | Baselines: {'majority': 0.5079365079365079, 'persistence': 0.584}
2026-05-09 09:52:23 | INFO     | __main__ | {'accuracy': 0.5396825396825397, 'balanced_accuracy': 0.5367943548387097, 'precision': 0.5348837209302325, 'recall': 0.71875, 'f1': 0.6133333333333333, 'auc': 0.5491431451612903, 'confusion_matrix': [[22, 40], [18, 46]], 'majority_baseline': 0.5079365079365079, 'persistence_baseline': 0.584, 'threshold': 0.55}
2026-05-09 09:52:24 | DEBUG    | git.cmd | Popen(['git', 'version'], cwd=C:\Users\vaibh\OneDrive\Desktop\Workstation\Internship, stdin=None, shell=False, universal_newlines=False)
2026-05-09 09:52:24 | DEBUG    | git.cmd | Popen(['git', 'version'], cwd=C:\Users\vaibh\OneDrive\Desktop\Workstation\Internship, stdin=None, shell=False, universal_newlines=False)
2026-05-09 09:52:24 | DEBUG    | git.cmd | Popen(['git', 'check-ignore', 'c:\\Users\\vaibh\\OneDrive\\Desktop\\Workstation\\Internship\\src'], cwd=c:\Users\vaibh\OneDrive\Desktop\Workstation\Internship, stdin=None, shell=False, universal_newlines=False)
2026-05-09 09:52:24 | DEBUG    | git.cmd | Popen(['git', 'cat-file', '--batch-check'], cwd=c:\Users\vaibh\OneDrive\Desktop\Workstation\Internship, stdin=<valid stream>, shell=False, universal_newlines=False)
2026-05-09 09:52:24 | DEBUG    | urllib3.connectionpool | Starting new HTTPS connection (1): config.mlflow-telemetry.io:443
2026-05-09 09:52:24 | DEBUG    | urllib3.connectionpool | https://config.mlflow-telemetry.io:443 "GET /3.12.0.json HTTP/1.1" 200 308
2026-05-09 09:52:30 | INFO     | __main__ | done
2026-05-09 09:53:07 | INFO     | data_preprocessing | Final shape: (988, 13)
2026-05-09 09:53:48 | INFO     | __main__ | Loading dataset
2026-05-09 09:53:48 | INFO     | data_preprocessing | Final shape: (988, 13)
2026-05-09 09:53:48 | INFO     | __main__ | Fold  1 | AUC 0.6889 | BAL 0.6167
2026-05-09 09:53:48 | INFO     | __main__ | Fold  2 | AUC 0.4273 | BAL 0.4000
2026-05-09 09:53:48 | INFO     | __main__ | Fold  3 | AUC 0.5648 | BAL 0.4583
2026-05-09 09:53:48 | INFO     | __main__ | Fold  4 | AUC 0.7444 | BAL 0.6333
2026-05-09 09:53:48 | INFO     | __main__ | Fold  5 | AUC 0.3778 | BAL 0.3500
2026-05-09 09:53:48 | INFO     | __main__ | Fold  6 | AUC 0.1818 | BAL 0.3500
2026-05-09 09:53:48 | INFO     | __main__ | Fold  7 | AUC 0.2981 | BAL 0.4423
2026-05-09 09:53:49 | INFO     | __main__ | Fold  8 | AUC 0.5364 | BAL 0.5273
2026-05-09 09:53:49 | INFO     | __main__ | Fold  9 | AUC 0.4808 | BAL 0.4519
2026-05-09 09:53:49 | INFO     | __main__ | Fold 10 | AUC 0.3333 | BAL 0.2778
2026-05-09 09:53:49 | INFO     | __main__ | Fold 11 | AUC 0.4815 | BAL 0.4306
2026-05-09 09:53:49 | INFO     | __main__ | Fold 12 | AUC 0.6122 | BAL 0.5357
2026-05-09 09:53:49 | INFO     | __main__ | Fold 13 | AUC 0.3778 | BAL 0.4833
2026-05-09 09:53:49 | INFO     | __main__ | Fold 14 | AUC 0.4796 | BAL 0.4643
2026-05-09 09:53:49 | INFO     | __main__ | Fold 15 | AUC 0.4760 | BAL 0.4087
2026-05-09 09:53:49 | INFO     | __main__ | Fold 16 | AUC 0.6204 | BAL 0.4861
2026-05-09 09:53:50 | INFO     | __main__ | Fold 17 | AUC 0.3545 | BAL 0.4818
2026-05-09 09:53:50 | INFO     | __main__ | Fold 18 | AUC 0.4556 | BAL 0.5000
2026-05-09 09:53:50 | INFO     | __main__ | Fold 19 | AUC 0.6000 | BAL 0.4955
2026-05-09 09:53:50 | INFO     | __main__ | Fold 20 | AUC 0.5278 | BAL 0.5833
2026-05-09 09:53:50 | INFO     | __main__ | Fold 21 | AUC 0.2636 | BAL 0.3773
2026-05-09 09:53:50 | INFO     | __main__ | Fold 22 | AUC 0.5741 | BAL 0.5139
2026-05-09 09:53:50 | INFO     | __main__ | Logging to MLflow
2026-05-09 09:53:51 | DEBUG    | git.cmd | Popen(['git', 'version'], cwd=C:\Users\vaibh\OneDrive\Desktop\Workstation\Internship, stdin=None, shell=False, universal_newlines=False)
2026-05-09 09:53:51 | DEBUG    | git.cmd | Popen(['git', 'version'], cwd=C:\Users\vaibh\OneDrive\Desktop\Workstation\Internship, stdin=None, shell=False, universal_newlines=False)
2026-05-09 09:53:51 | DEBUG    | git.cmd | Popen(['git', 'check-ignore', 'c:\\Users\\vaibh\\OneDrive\\Desktop\\Workstation\\Internship\\src'], cwd=c:\Users\vaibh\OneDrive\Desktop\Workstation\Internship, stdin=None, shell=False, universal_newlines=False)
2026-05-09 09:53:51 | DEBUG    | git.cmd | Popen(['git', 'cat-file', '--batch-check'], cwd=c:\Users\vaibh\OneDrive\Desktop\Workstation\Internship, stdin=<valid stream>, shell=False, universal_newlines=False)
2026-05-09 09:53:51 | DEBUG    | urllib3.connectionpool | Starting new HTTPS connection (1): config.mlflow-telemetry.io:443
2026-05-09 09:53:51 | DEBUG    | urllib3.connectionpool | https://config.mlflow-telemetry.io:443 "GET /3.12.0.json HTTP/1.1" 200 308
2026-05-09 09:53:51 | INFO     | __main__ | Mean AUC 0.4753 | Mean BAL 0.4667
2026-05-09 09:54:08 | INFO     | data_preprocessing | Final shape: (988, 13)
2026-05-09 09:54:08 | INFO     | __main__ | Baselines: {'majority': 0.5079365079365079, 'persistence': 0.584}
2026-05-09 09:54:08 | INFO     | __main__ | {'accuracy': 0.5396825396825397, 'balanced_accuracy': 0.5367943548387097, 'precision': 0.5348837209302325, 'recall': 0.71875, 'f1': 0.6133333333333333, 'auc': 0.5491431451612903, 'confusion_matrix': [[22, 40], [18, 46]], 'majority_baseline': 0.5079365079365079, 'persistence_baseline': 0.584, 'threshold': 0.55}
2026-05-09 09:54:09 | DEBUG    | git.cmd | Popen(['git', 'version'], cwd=C:\Users\vaibh\OneDrive\Desktop\Workstation\Internship, stdin=None, shell=False, universal_newlines=False)
2026-05-09 09:54:09 | DEBUG    | git.cmd | Popen(['git', 'version'], cwd=C:\Users\vaibh\OneDrive\Desktop\Workstation\Internship, stdin=None, shell=False, universal_newlines=False)
2026-05-09 09:54:09 | DEBUG    | git.cmd | Popen(['git', 'check-ignore', 'c:\\Users\\vaibh\\OneDrive\\Desktop\\Workstation\\Internship\\src'], cwd=c:\Users\vaibh\OneDrive\Desktop\Workstation\Internship, stdin=None, shell=False, universal_newlines=False)
2026-05-09 09:54:09 | DEBUG    | git.cmd | Popen(['git', 'cat-file', '--batch-check'], cwd=c:\Users\vaibh\OneDrive\Desktop\Workstation\Internship, stdin=<valid stream>, shell=False, universal_newlines=False)
2026-05-09 09:54:09 | DEBUG    | urllib3.connectionpool | Starting new HTTPS connection (1): config.mlflow-telemetry.io:443
2026-05-09 09:54:09 | DEBUG    | urllib3.connectionpool | https://config.mlflow-telemetry.io:443 "GET /3.12.0.json HTTP/1.1" 200 308
2026-05-09 09:54:16 | INFO     | __main__ | done
2026-05-09 09:54:22 | INFO     | data_preprocessing | Final shape: (988, 13)
2026-05-09 09:54:33 | INFO     | __main__ | Loading dataset
2026-05-09 09:54:33 | INFO     | data_preprocessing | Final shape: (988, 13)
2026-05-09 09:54:33 | INFO     | __main__ | Fold  1 | AUC 0.6889 | BAL 0.6167
2026-05-09 09:54:33 | INFO     | __main__ | Fold  2 | AUC 0.4273 | BAL 0.4000
2026-05-09 09:54:34 | INFO     | __main__ | Fold  3 | AUC 0.5648 | BAL 0.4583
2026-05-09 09:54:34 | INFO     | __main__ | Fold  4 | AUC 0.7444 | BAL 0.6333
2026-05-09 09:54:34 | INFO     | __main__ | Fold  5 | AUC 0.3778 | BAL 0.3500
2026-05-09 09:54:34 | INFO     | __main__ | Fold  6 | AUC 0.1818 | BAL 0.3500
2026-05-09 09:54:34 | INFO     | __main__ | Fold  7 | AUC 0.2981 | BAL 0.4423
2026-05-09 09:54:34 | INFO     | __main__ | Fold  8 | AUC 0.5364 | BAL 0.5273
2026-05-09 09:54:34 | INFO     | __main__ | Fold  9 | AUC 0.4808 | BAL 0.4519
2026-05-09 09:54:34 | INFO     | __main__ | Fold 10 | AUC 0.3333 | BAL 0.2778
2026-05-09 09:54:34 | INFO     | __main__ | Fold 11 | AUC 0.4815 | BAL 0.4306
2026-05-09 09:54:35 | INFO     | __main__ | Fold 12 | AUC 0.6122 | BAL 0.5357
2026-05-09 09:54:35 | INFO     | __main__ | Fold 13 | AUC 0.3778 | BAL 0.4833
2026-05-09 09:54:35 | INFO     | __main__ | Fold 14 | AUC 0.4796 | BAL 0.4643
2026-05-09 09:54:35 | INFO     | __main__ | Fold 15 | AUC 0.4760 | BAL 0.4087
2026-05-09 09:54:35 | INFO     | __main__ | Fold 16 | AUC 0.6204 | BAL 0.4861
2026-05-09 09:54:35 | INFO     | __main__ | Fold 17 | AUC 0.3545 | BAL 0.4818
2026-05-09 09:54:35 | INFO     | __main__ | Fold 18 | AUC 0.4556 | BAL 0.5000
2026-05-09 09:54:35 | INFO     | __main__ | Fold 19 | AUC 0.6000 | BAL 0.4955
2026-05-09 09:54:35 | INFO     | __main__ | Fold 20 | AUC 0.5278 | BAL 0.5833
2026-05-09 09:54:36 | INFO     | __main__ | Fold 21 | AUC 0.2636 | BAL 0.3773
2026-05-09 09:54:36 | INFO     | __main__ | Fold 22 | AUC 0.5741 | BAL 0.5139
2026-05-09 09:54:36 | INFO     | __main__ | Logging to MLflow
2026-05-09 09:54:36 | DEBUG    | git.cmd | Popen(['git', 'version'], cwd=C:\Users\vaibh\OneDrive\Desktop\Workstation\Internship, stdin=None, shell=False, universal_newlines=False)
2026-05-09 09:54:36 | DEBUG    | git.cmd | Popen(['git', 'version'], cwd=C:\Users\vaibh\OneDrive\Desktop\Workstation\Internship, stdin=None, shell=False, universal_newlines=False)
2026-05-09 09:54:36 | DEBUG    | git.cmd | Popen(['git', 'check-ignore', 'c:\\Users\\vaibh\\OneDrive\\Desktop\\Workstation\\Internship\\src'], cwd=c:\Users\vaibh\OneDrive\Desktop\Workstation\Internship, stdin=None, shell=False, universal_newlines=False)
2026-05-09 09:54:36 | DEBUG    | git.cmd | Popen(['git', 'cat-file', '--batch-check'], cwd=c:\Users\vaibh\OneDrive\Desktop\Workstation\Internship, stdin=<valid stream>, shell=False, universal_newlines=False)
2026-05-09 09:54:36 | DEBUG    | urllib3.connectionpool | Starting new HTTPS connection (1): config.mlflow-telemetry.io:443
2026-05-09 09:54:36 | DEBUG    | urllib3.connectionpool | https://config.mlflow-telemetry.io:443 "GET /3.12.0.json HTTP/1.1" 200 308
2026-05-09 09:54:36 | INFO     | __main__ | Mean AUC 0.4753 | Mean BAL 0.4667
2026-05-09 12:41:10 | INFO     | data_preprocessing | Final shape: (988, 13)
2026-05-09 12:42:55 | INFO     | data_preprocessing | Final shape: (988, 13)
2026-05-09 12:42:55 | INFO     | __main__ | Baselines: {'majority': 0.5079365079365079, 'persistence': 0.584}
2026-05-09 12:42:56 | INFO     | __main__ | {'accuracy': 0.5158730158730159, 'balanced_accuracy': 0.5128528225806451, 'precision': 0.5172413793103449, 'recall': 0.703125, 'f1': 0.5960264900662252, 'auc': 0.5480090725806452, 'confusion_matrix': [[20, 42], [19, 45]], 'majority_baseline': 0.5079365079365079, 'persistence_baseline': 0.584, 'threshold': 0.55}
2026-05-09 12:42:57 | DEBUG    | git.cmd | Popen(['git', 'version'], cwd=C:\Users\vaibh\OneDrive\Desktop\Workstation\Internship, stdin=None, shell=False, universal_newlines=False)
2026-05-09 12:42:57 | DEBUG    | git.cmd | Popen(['git', 'version'], cwd=C:\Users\vaibh\OneDrive\Desktop\Workstation\Internship, stdin=None, shell=False, universal_newlines=False)
2026-05-09 12:42:57 | DEBUG    | git.cmd | Popen(['git', 'check-ignore', 'c:\\Users\\vaibh\\OneDrive\\Desktop\\Workstation\\Internship\\src'], cwd=c:\Users\vaibh\OneDrive\Desktop\Workstation\Internship, stdin=None, shell=False, universal_newlines=False)
2026-05-09 12:42:57 | DEBUG    | git.cmd | Popen(['git', 'cat-file', '--batch-check'], cwd=c:\Users\vaibh\OneDrive\Desktop\Workstation\Internship, stdin=<valid stream>, shell=False, universal_newlines=False)
2026-05-09 12:42:57 | DEBUG    | urllib3.connectionpool | Starting new HTTPS connection (1): config.mlflow-telemetry.io:443
2026-05-09 12:43:23 | INFO     | __main__ | done
2026-05-09 12:43:39 | INFO     | data_preprocessing | Final shape: (988, 13)
2026-05-09 12:43:56 | INFO     | __main__ | Loading dataset
2026-05-09 12:43:56 | INFO     | data_preprocessing | Final shape: (988, 13)
2026-05-09 12:43:57 | INFO     | __main__ | Fold  1 | AUC 0.7000 | BAL 0.6167
2026-05-09 12:43:57 | INFO     | __main__ | Fold  2 | AUC 0.4091 | BAL 0.4000
2026-05-09 12:43:57 | INFO     | __main__ | Fold  3 | AUC 0.5463 | BAL 0.4583
2026-05-09 12:43:57 | INFO     | __main__ | Fold  4 | AUC 0.7444 | BAL 0.6333
2026-05-09 12:43:57 | INFO     | __main__ | Fold  5 | AUC 0.4333 | BAL 0.3833
2026-05-09 12:43:58 | INFO     | __main__ | Fold  6 | AUC 0.1636 | BAL 0.3500
2026-05-09 12:43:58 | INFO     | __main__ | Fold  7 | AUC 0.3558 | BAL 0.4038
2026-05-09 12:43:58 | INFO     | __main__ | Fold  8 | AUC 0.5364 | BAL 0.5727
2026-05-09 12:43:58 | INFO     | __main__ | Fold  9 | AUC 0.4615 | BAL 0.4135
2026-05-09 12:43:58 | INFO     | __main__ | Fold 10 | AUC 0.2963 | BAL 0.2917
2026-05-09 12:43:58 | INFO     | __main__ | Fold 11 | AUC 0.5093 | BAL 0.4861
2026-05-09 12:43:59 | INFO     | __main__ | Fold 12 | AUC 0.5714 | BAL 0.5357
2026-05-09 12:43:59 | INFO     | __main__ | Fold 13 | AUC 0.4222 | BAL 0.5167
2026-05-09 12:43:59 | INFO     | __main__ | Fold 14 | AUC 0.4898 | BAL 0.4643
2026-05-09 12:44:00 | INFO     | __main__ | Fold 15 | AUC 0.4663 | BAL 0.4471
2026-05-09 12:44:00 | INFO     | __main__ | Fold 16 | AUC 0.6620 | BAL 0.4861
2026-05-09 12:44:00 | INFO     | __main__ | Fold 17 | AUC 0.3636 | BAL 0.4818
2026-05-09 12:44:00 | INFO     | __main__ | Fold 18 | AUC 0.4444 | BAL 0.4500
2026-05-09 12:44:01 | INFO     | __main__ | Fold 19 | AUC 0.5818 | BAL 0.5409
2026-05-09 12:44:01 | INFO     | __main__ | Fold 20 | AUC 0.5556 | BAL 0.5833
2026-05-09 12:44:01 | INFO     | __main__ | Fold 21 | AUC 0.3091 | BAL 0.3773
2026-05-09 12:44:01 | INFO     | __main__ | Fold 22 | AUC 0.5741 | BAL 0.5139
2026-05-09 12:44:01 | INFO     | __main__ | Logging to MLflow
2026-05-09 12:44:02 | DEBUG    | git.cmd | Popen(['git', 'version'], cwd=C:\Users\vaibh\OneDrive\Desktop\Workstation\Internship, stdin=None, shell=False, universal_newlines=False)
2026-05-09 12:44:02 | DEBUG    | git.cmd | Popen(['git', 'version'], cwd=C:\Users\vaibh\OneDrive\Desktop\Workstation\Internship, stdin=None, shell=False, universal_newlines=False)
2026-05-09 12:44:02 | DEBUG    | git.cmd | Popen(['git', 'check-ignore', 'c:\\Users\\vaibh\\OneDrive\\Desktop\\Workstation\\Internship\\src'], cwd=c:\Users\vaibh\OneDrive\Desktop\Workstation\Internship, stdin=None, shell=False, universal_newlines=False)
2026-05-09 12:44:02 | DEBUG    | git.cmd | Popen(['git', 'cat-file', '--batch-check'], cwd=c:\Users\vaibh\OneDrive\Desktop\Workstation\Internship, stdin=<valid stream>, shell=False, universal_newlines=False)
2026-05-09 12:44:02 | DEBUG    | urllib3.connectionpool | Starting new HTTPS connection (1): config.mlflow-telemetry.io:443
2026-05-09 12:44:02 | INFO     | __main__ | Mean AUC 0.4817 | Mean BAL 0.4730
2026-05-09 14:29:41 | INFO     | data_preprocessing | Final shape: (988, 13)
2026-05-09 14:29:41 | INFO     | __main__ | Baselines: {'majority': 0.5079365079365079, 'persistence': 0.584}
2026-05-09 14:29:42 | INFO     | __main__ | {'accuracy': 0.5396825396825397, 'balanced_accuracy': 0.5365423387096774, 'precision': 0.5340909090909091, 'recall': 0.734375, 'f1': 0.618421052631579, 'auc': 0.517641129032258, 'confusion_matrix': [[21, 41], [17, 47]], 'majority_baseline': 0.5079365079365079, 'persistence_baseline': 0.584, 'threshold': 0.55}
2026-05-09 14:29:43 | DEBUG    | git.cmd | Popen(['git', 'version'], cwd=C:\Users\vaibh\OneDrive\Desktop\Workstation\Internship, stdin=None, shell=False, universal_newlines=False)
2026-05-09 14:29:43 | DEBUG    | git.cmd | Popen(['git', 'version'], cwd=C:\Users\vaibh\OneDrive\Desktop\Workstation\Internship, stdin=None, shell=False, universal_newlines=False)
2026-05-09 14:29:43 | DEBUG    | git.cmd | Popen(['git', 'check-ignore', 'c:\\Users\\vaibh\\OneDrive\\Desktop\\Workstation\\Internship\\src'], cwd=c:\Users\vaibh\OneDrive\Desktop\Workstation\Internship, stdin=None, shell=False, universal_newlines=False)
2026-05-09 14:29:43 | DEBUG    | git.cmd | Popen(['git', 'cat-file', '--batch-check'], cwd=c:\Users\vaibh\OneDrive\Desktop\Workstation\Internship, stdin=<valid stream>, shell=False, universal_newlines=False)
2026-05-09 14:29:43 | DEBUG    | urllib3.connectionpool | Starting new HTTPS connection (1): config.mlflow-telemetry.io:443
2026-05-09 14:29:54 | INFO     | __main__ | done
2026-05-09 14:30:02 | INFO     | data_preprocessing | Final shape: (988, 13)
2026-05-09 14:30:14 | INFO     | __main__ | Loading dataset
2026-05-09 14:30:14 | INFO     | data_preprocessing | Final shape: (988, 13)
2026-05-09 14:30:15 | INFO     | __main__ | Fold  1 | AUC 0.4778 | BAL 0.4667
2026-05-09 14:30:15 | INFO     | __main__ | Fold  2 | AUC 0.3000 | BAL 0.3455
2026-05-09 14:30:16 | INFO     | __main__ | Fold  3 | AUC 0.4630 | BAL 0.4722
2026-05-09 14:30:16 | INFO     | __main__ | Fold  4 | AUC 0.8111 | BAL 0.7167
2026-05-09 14:30:16 | INFO     | __main__ | Fold  5 | AUC 0.4778 | BAL 0.4167
2026-05-09 14:30:16 | INFO     | __main__ | Fold  6 | AUC 0.2909 | BAL 0.2864
2026-05-09 14:30:16 | INFO     | __main__ | Fold  7 | AUC 0.5481 | BAL 0.5962
2026-05-09 14:30:16 | INFO     | __main__ | Fold  8 | AUC 0.6182 | BAL 0.5727
2026-05-09 14:30:17 | INFO     | __main__ | Fold  9 | AUC 0.5000 | BAL 0.4663
2026-05-09 14:30:17 | INFO     | __main__ | Fold 10 | AUC 0.5278 | BAL 0.5972
2026-05-09 14:30:17 | INFO     | __main__ | Fold 11 | AUC 0.3796 | BAL 0.3472
2026-05-09 14:30:17 | INFO     | __main__ | Fold 12 | AUC 0.4592 | BAL 0.5357
2026-05-09 14:30:17 | INFO     | __main__ | Fold 13 | AUC 0.5222 | BAL 0.6167
2026-05-09 14:30:17 | INFO     | __main__ | Fold 14 | AUC 0.5918 | BAL 0.5357
2026-05-09 14:30:17 | INFO     | __main__ | Fold 15 | AUC 0.7308 | BAL 0.6827
2026-05-09 14:30:17 | INFO     | __main__ | Fold 16 | AUC 0.4537 | BAL 0.5278
2026-05-09 14:30:17 | INFO     | __main__ | Fold 17 | AUC 0.3273 | BAL 0.4364
2026-05-09 14:30:17 | INFO     | __main__ | Fold 18 | AUC 0.6333 | BAL 0.6000
2026-05-09 14:30:18 | INFO     | __main__ | Fold 19 | AUC 0.4455 | BAL 0.5591
2026-05-09 14:30:18 | INFO     | __main__ | Fold 20 | AUC 0.5463 | BAL 0.6111
2026-05-09 14:30:18 | INFO     | __main__ | Fold 21 | AUC 0.6000 | BAL 0.5182
2026-05-09 14:30:18 | INFO     | __main__ | Fold 22 | AUC 0.4167 | BAL 0.4306
2026-05-09 14:30:18 | INFO     | __main__ | Logging to MLflow
2026-05-09 14:30:19 | DEBUG    | git.cmd | Popen(['git', 'version'], cwd=C:\Users\vaibh\OneDrive\Desktop\Workstation\Internship, stdin=None, shell=False, universal_newlines=False)
2026-05-09 14:30:19 | DEBUG    | git.cmd | Popen(['git', 'version'], cwd=C:\Users\vaibh\OneDrive\Desktop\Workstation\Internship, stdin=None, shell=False, universal_newlines=False)
2026-05-09 14:30:19 | DEBUG    | git.cmd | Popen(['git', 'check-ignore', 'c:\\Users\\vaibh\\OneDrive\\Desktop\\Workstation\\Internship\\src'], cwd=c:\Users\vaibh\OneDrive\Desktop\Workstation\Internship, stdin=None, shell=False, universal_newlines=False)
2026-05-09 14:30:19 | DEBUG    | git.cmd | Popen(['git', 'cat-file', '--batch-check'], cwd=c:\Users\vaibh\OneDrive\Desktop\Workstation\Internship, stdin=<valid stream>, shell=False, universal_newlines=False)
2026-05-09 14:30:19 | DEBUG    | urllib3.connectionpool | Starting new HTTPS connection (1): config.mlflow-telemetry.io:443
2026-05-09 14:30:19 | INFO     | __main__ | Mean AUC 0.5055 | Mean BAL 0.5153
2026-05-09 14:32:16 | DEBUG    | urllib3.connectionpool | Starting new HTTPS connection (1): config.mlflow-telemetry.io:443
2026-05-09 14:32:16 | INFO     | data_preprocessing | Final shape: (988, 13)
2026-05-09 14:32:16 | INFO     | __main__ | Baselines: {'majority': 0.5079365079365079, 'persistence': 0.584}
2026-05-09 14:32:17 | INFO     | __main__ | {'accuracy': 0.5396825396825397, 'balanced_accuracy': 0.5365423387096774, 'precision': 0.5340909090909091, 'recall': 0.734375, 'f1': 0.618421052631579, 'auc': 0.517641129032258, 'confusion_matrix': [[21, 41], [17, 47]], 'majority_baseline': 0.5079365079365079, 'persistence_baseline': 0.584, 'threshold': 0.55}
2026-05-09 14:32:18 | DEBUG    | git.cmd | Popen(['git', 'version'], cwd=C:\Users\vaibh\OneDrive\Desktop\Workstation\Internship, stdin=None, shell=False, universal_newlines=False)
2026-05-09 14:32:18 | DEBUG    | git.cmd | Popen(['git', 'version'], cwd=C:\Users\vaibh\OneDrive\Desktop\Workstation\Internship, stdin=None, shell=False, universal_newlines=False)
2026-05-09 14:32:18 | DEBUG    | git.cmd | Popen(['git', 'check-ignore', 'c:\\Users\\vaibh\\OneDrive\\Desktop\\Workstation\\Internship\\src'], cwd=c:\Users\vaibh\OneDrive\Desktop\Workstation\Internship, stdin=None, shell=False, universal_newlines=False)
2026-05-09 14:32:18 | DEBUG    | git.cmd | Popen(['git', 'cat-file', '--batch-check'], cwd=c:\Users\vaibh\OneDrive\Desktop\Workstation\Internship, stdin=<valid stream>, shell=False, universal_newlines=False)
2026-05-09 14:32:27 | INFO     | __main__ | done
2026-05-09 14:32:54 | INFO     | data_preprocessing | Final shape: (988, 13)
2026-05-09 14:33:22 | INFO     | __main__ | Loading dataset
2026-05-09 14:33:22 | DEBUG    | urllib3.connectionpool | Starting new HTTPS connection (1): config.mlflow-telemetry.io:443
2026-05-09 14:33:22 | INFO     | data_preprocessing | Final shape: (988, 13)
2026-05-09 14:33:23 | INFO     | __main__ | Fold  1 | AUC 0.4778 | BAL 0.4667
2026-05-09 14:33:23 | INFO     | __main__ | Fold  2 | AUC 0.3000 | BAL 0.3455
2026-05-09 14:33:24 | INFO     | __main__ | Fold  3 | AUC 0.4630 | BAL 0.4722
2026-05-09 14:33:24 | INFO     | __main__ | Fold  4 | AUC 0.8111 | BAL 0.7167
2026-05-09 14:33:24 | INFO     | __main__ | Fold  5 | AUC 0.4778 | BAL 0.4167
2026-05-09 14:33:24 | INFO     | __main__ | Fold  6 | AUC 0.2909 | BAL 0.2864
2026-05-09 14:33:24 | INFO     | __main__ | Fold  7 | AUC 0.5481 | BAL 0.5962
2026-05-09 14:33:25 | INFO     | __main__ | Fold  8 | AUC 0.6182 | BAL 0.5727
2026-05-09 14:33:25 | INFO     | __main__ | Fold  9 | AUC 0.5000 | BAL 0.4663
2026-05-09 14:33:25 | INFO     | __main__ | Fold 10 | AUC 0.5278 | BAL 0.5972
2026-05-09 14:33:25 | INFO     | __main__ | Fold 11 | AUC 0.3796 | BAL 0.3472
2026-05-09 14:33:26 | INFO     | __main__ | Fold 12 | AUC 0.4592 | BAL 0.5357
2026-05-09 14:33:26 | INFO     | __main__ | Fold 13 | AUC 0.5222 | BAL 0.6167
2026-05-09 14:33:26 | INFO     | __main__ | Fold 14 | AUC 0.5918 | BAL 0.5357
2026-05-09 14:33:26 | INFO     | __main__ | Fold 15 | AUC 0.7308 | BAL 0.6827
2026-05-09 14:33:26 | INFO     | __main__ | Fold 16 | AUC 0.4537 | BAL 0.5278
2026-05-09 14:33:26 | INFO     | __main__ | Fold 17 | AUC 0.3273 | BAL 0.4364
2026-05-09 14:33:27 | INFO     | __main__ | Fold 18 | AUC 0.6333 | BAL 0.6000
2026-05-09 14:33:27 | INFO     | __main__ | Fold 19 | AUC 0.4455 | BAL 0.5591
2026-05-09 14:33:27 | INFO     | __main__ | Fold 20 | AUC 0.5463 | BAL 0.6111
2026-05-09 14:33:27 | INFO     | __main__ | Fold 21 | AUC 0.6000 | BAL 0.5182
2026-05-09 14:33:27 | INFO     | __main__ | Fold 22 | AUC 0.4167 | BAL 0.4306
2026-05-09 14:33:27 | INFO     | __main__ | Logging to MLflow
2026-05-09 14:33:28 | DEBUG    | git.cmd | Popen(['git', 'version'], cwd=C:\Users\vaibh\OneDrive\Desktop\Workstation\Internship, stdin=None, shell=False, universal_newlines=False)
2026-05-09 14:33:28 | DEBUG    | git.cmd | Popen(['git', 'version'], cwd=C:\Users\vaibh\OneDrive\Desktop\Workstation\Internship, stdin=None, shell=False, universal_newlines=False)
2026-05-09 14:33:28 | DEBUG    | git.cmd | Popen(['git', 'check-ignore', 'c:\\Users\\vaibh\\OneDrive\\Desktop\\Workstation\\Internship\\src'], cwd=c:\Users\vaibh\OneDrive\Desktop\Workstation\Internship, stdin=None, shell=False, universal_newlines=False)
2026-05-09 14:33:28 | DEBUG    | git.cmd | Popen(['git', 'cat-file', '--batch-check'], cwd=c:\Users\vaibh\OneDrive\Desktop\Workstation\Internship, stdin=<valid stream>, shell=False, universal_newlines=False)
2026-05-09 14:33:29 | INFO     | __main__ | Mean AUC 0.5055 | Mean BAL 0.5153
2026-05-09 14:41:16 | INFO     | data_preprocessing | Final shape: (988, 13)
2026-05-09 14:41:16 | INFO     | __main__ | Baselines: {'majority': 0.5079365079365079, 'persistence': 0.584}
2026-05-09 14:41:18 | INFO     | __main__ | {'accuracy': 0.5396825396825397, 'balanced_accuracy': 0.5365423387096774, 'precision': 0.5340909090909091, 'recall': 0.734375, 'f1': 0.618421052631579, 'auc': 0.517641129032258, 'confusion_matrix': [[21, 41], [17, 47]], 'majority_baseline': 0.5079365079365079, 'persistence_baseline': 0.584, 'threshold': 0.55}
2026-05-09 14:41:18 | DEBUG    | git.cmd | Popen(['git', 'version'], cwd=C:\Users\vaibh\OneDrive\Desktop\Workstation\Internship, stdin=None, shell=False, universal_newlines=False)
2026-05-09 14:41:18 | DEBUG    | git.cmd | Popen(['git', 'version'], cwd=C:\Users\vaibh\OneDrive\Desktop\Workstation\Internship, stdin=None, shell=False, universal_newlines=False)
2026-05-09 14:41:18 | DEBUG    | git.cmd | Popen(['git', 'check-ignore', 'c:\\Users\\vaibh\\OneDrive\\Desktop\\Workstation\\Internship\\src'], cwd=c:\Users\vaibh\OneDrive\Desktop\Workstation\Internship, stdin=None, shell=False, universal_newlines=False)
2026-05-09 14:41:18 | DEBUG    | git.cmd | Popen(['git', 'cat-file', '--batch-check'], cwd=c:\Users\vaibh\OneDrive\Desktop\Workstation\Internship, stdin=<valid stream>, shell=False, universal_newlines=False)
2026-05-09 14:41:19 | DEBUG    | urllib3.connectionpool | Starting new HTTPS connection (1): config.mlflow-telemetry.io:443
2026-05-09 14:41:28 | INFO     | __main__ | done
2026-05-09 14:43:06 | INFO     | data_preprocessing | Final shape: (988, 13)
2026-05-09 14:43:06 | INFO     | __main__ | Baselines: {'majority': 0.5079365079365079, 'persistence': 0.584}
2026-05-09 14:43:07 | INFO     | __main__ | {'accuracy': 0.5238095238095238, 'balanced_accuracy': 0.5199092741935484, 'precision': 0.5212765957446809, 'recall': 0.765625, 'f1': 0.620253164556962, 'auc': 0.517641129032258, 'confusion_matrix': [[17, 45], [15, 49]], 'majority_baseline': 0.5079365079365079, 'persistence_baseline': 0.584, 'threshold': 0.5}
2026-05-09 14:43:08 | DEBUG    | git.cmd | Popen(['git', 'version'], cwd=C:\Users\vaibh\OneDrive\Desktop\Workstation\Internship, stdin=None, shell=False, universal_newlines=False)
2026-05-09 14:43:08 | DEBUG    | git.cmd | Popen(['git', 'version'], cwd=C:\Users\vaibh\OneDrive\Desktop\Workstation\Internship, stdin=None, shell=False, universal_newlines=False)
2026-05-09 14:43:08 | DEBUG    | git.cmd | Popen(['git', 'check-ignore', 'c:\\Users\\vaibh\\OneDrive\\Desktop\\Workstation\\Internship\\src'], cwd=c:\Users\vaibh\OneDrive\Desktop\Workstation\Internship, stdin=None, shell=False, universal_newlines=False)
2026-05-09 14:43:08 | DEBUG    | git.cmd | Popen(['git', 'cat-file', '--batch-check'], cwd=c:\Users\vaibh\OneDrive\Desktop\Workstation\Internship, stdin=<valid stream>, shell=False, universal_newlines=False)
2026-05-09 14:43:08 | DEBUG    | urllib3.connectionpool | Starting new HTTPS connection (1): config.mlflow-telemetry.io:443
2026-05-09 14:43:18 | INFO     | __main__ | done
2026-05-09 14:45:37 | INFO     | data_preprocessing | Final shape: (988, 13)
2026-05-09 14:45:37 | INFO     | __main__ | Baselines: {'majority': 0.5079365079365079, 'persistence': 0.584}
2026-05-09 14:45:38 | INFO     | __main__ | {'accuracy': 0.5396825396825397, 'balanced_accuracy': 0.5367943548387097, 'precision': 0.5348837209302325, 'recall': 0.71875, 'f1': 0.6133333333333333, 'auc': 0.517641129032258, 'confusion_matrix': [[22, 40], [18, 46]], 'majority_baseline': 0.5079365079365079, 'persistence_baseline': 0.584, 'threshold': 0.6}
2026-05-09 14:45:39 | DEBUG    | git.cmd | Popen(['git', 'version'], cwd=C:\Users\vaibh\OneDrive\Desktop\Workstation\Internship, stdin=None, shell=False, universal_newlines=False)
2026-05-09 14:45:39 | DEBUG    | git.cmd | Popen(['git', 'version'], cwd=C:\Users\vaibh\OneDrive\Desktop\Workstation\Internship, stdin=None, shell=False, universal_newlines=False)
2026-05-09 14:45:39 | DEBUG    | git.cmd | Popen(['git', 'check-ignore', 'c:\\Users\\vaibh\\OneDrive\\Desktop\\Workstation\\Internship\\src'], cwd=c:\Users\vaibh\OneDrive\Desktop\Workstation\Internship, stdin=None, shell=False, universal_newlines=False)
2026-05-09 14:45:39 | DEBUG    | git.cmd | Popen(['git', 'cat-file', '--batch-check'], cwd=c:\Users\vaibh\OneDrive\Desktop\Workstation\Internship, stdin=<valid stream>, shell=False, universal_newlines=False)
2026-05-09 14:45:40 | DEBUG    | urllib3.connectionpool | Starting new HTTPS connection (1): config.mlflow-telemetry.io:443
2026-05-09 14:45:49 | INFO     | __main__ | done
2026-05-09 14:46:00 | INFO     | data_preprocessing | Final shape: (988, 13)
2026-05-09 14:46:00 | INFO     | __main__ | Baselines: {'majority': 0.5079365079365079, 'persistence': 0.584}
2026-05-09 14:46:02 | INFO     | __main__ | {'accuracy': 0.5079365079365079, 'balanced_accuracy': 0.508820564516129, 'precision': 0.5178571428571429, 'recall': 0.453125, 'f1': 0.48333333333333334, 'auc': 0.517641129032258, 'confusion_matrix': [[35, 27], [35, 29]], 'majority_baseline': 0.5079365079365079, 'persistence_baseline': 0.584, 'threshold': 0.8}
2026-05-09 14:46:02 | DEBUG    | git.cmd | Popen(['git', 'version'], cwd=C:\Users\vaibh\OneDrive\Desktop\Workstation\Internship, stdin=None, shell=False, universal_newlines=False)
2026-05-09 14:46:02 | DEBUG    | git.cmd | Popen(['git', 'version'], cwd=C:\Users\vaibh\OneDrive\Desktop\Workstation\Internship, stdin=None, shell=False, universal_newlines=False)
2026-05-09 14:46:02 | DEBUG    | git.cmd | Popen(['git', 'check-ignore', 'c:\\Users\\vaibh\\OneDrive\\Desktop\\Workstation\\Internship\\src'], cwd=c:\Users\vaibh\OneDrive\Desktop\Workstation\Internship, stdin=None, shell=False, universal_newlines=False)
2026-05-09 14:46:02 | DEBUG    | git.cmd | Popen(['git', 'cat-file', '--batch-check'], cwd=c:\Users\vaibh\OneDrive\Desktop\Workstation\Internship, stdin=<valid stream>, shell=False, universal_newlines=False)
2026-05-09 14:46:02 | DEBUG    | urllib3.connectionpool | Starting new HTTPS connection (1): config.mlflow-telemetry.io:443
2026-05-09 14:46:11 | INFO     | __main__ | done
2026-05-09 14:46:38 | INFO     | data_preprocessing | Final shape: (988, 13)
2026-05-09 14:46:38 | INFO     | __main__ | Baselines: {'majority': 0.5079365079365079, 'persistence': 0.584}
2026-05-09 14:46:39 | INFO     | __main__ | {'accuracy': 0.5396825396825397, 'balanced_accuracy': 0.5345262096774194, 'precision': 0.5288461538461539, 'recall': 0.859375, 'f1': 0.6547619047619048, 'auc': 0.517641129032258, 'confusion_matrix': [[13, 49], [9, 55]], 'majority_baseline': 0.5079365079365079, 'persistence_baseline': 0.584, 'threshold': 0.4}
2026-05-09 14:46:40 | DEBUG    | git.cmd | Popen(['git', 'version'], cwd=C:\Users\vaibh\OneDrive\Desktop\Workstation\Internship, stdin=None, shell=False, universal_newlines=False)
2026-05-09 14:46:40 | DEBUG    | git.cmd | Popen(['git', 'version'], cwd=C:\Users\vaibh\OneDrive\Desktop\Workstation\Internship, stdin=None, shell=False, universal_newlines=False)
2026-05-09 14:46:40 | DEBUG    | git.cmd | Popen(['git', 'check-ignore', 'c:\\Users\\vaibh\\OneDrive\\Desktop\\Workstation\\Internship\\src'], cwd=c:\Users\vaibh\OneDrive\Desktop\Workstation\Internship, stdin=None, shell=False, universal_newlines=False)
2026-05-09 14:46:40 | DEBUG    | git.cmd | Popen(['git', 'cat-file', '--batch-check'], cwd=c:\Users\vaibh\OneDrive\Desktop\Workstation\Internship, stdin=<valid stream>, shell=False, universal_newlines=False)
2026-05-09 14:46:41 | DEBUG    | urllib3.connectionpool | Starting new HTTPS connection (1): config.mlflow-telemetry.io:443
2026-05-09 14:46:51 | INFO     | __main__ | done
2026-05-09 14:46:58 | INFO     | data_preprocessing | Final shape: (988, 13)
2026-05-09 14:46:58 | INFO     | __main__ | Baselines: {'majority': 0.5079365079365079, 'persistence': 0.584}
2026-05-09 14:46:59 | INFO     | __main__ | {'accuracy': 0.5476190476190477, 'balanced_accuracy': 0.5415826612903226, 'precision': 0.5315315315315315, 'recall': 0.921875, 'f1': 0.6742857142857143, 'auc': 0.517641129032258, 'confusion_matrix': [[10, 52], [5, 59]], 'majority_baseline': 0.5079365079365079, 'persistence_baseline': 0.584, 'threshold': 0.3}
2026-05-09 14:47:00 | DEBUG    | git.cmd | Popen(['git', 'version'], cwd=C:\Users\vaibh\OneDrive\Desktop\Workstation\Internship, stdin=None, shell=False, universal_newlines=False)
2026-05-09 14:47:00 | DEBUG    | git.cmd | Popen(['git', 'version'], cwd=C:\Users\vaibh\OneDrive\Desktop\Workstation\Internship, stdin=None, shell=False, universal_newlines=False)
2026-05-09 14:47:00 | DEBUG    | git.cmd | Popen(['git', 'check-ignore', 'c:\\Users\\vaibh\\OneDrive\\Desktop\\Workstation\\Internship\\src'], cwd=c:\Users\vaibh\OneDrive\Desktop\Workstation\Internship, stdin=None, shell=False, universal_newlines=False)
2026-05-09 14:47:00 | DEBUG    | git.cmd | Popen(['git', 'cat-file', '--batch-check'], cwd=c:\Users\vaibh\OneDrive\Desktop\Workstation\Internship, stdin=<valid stream>, shell=False, universal_newlines=False)
2026-05-09 14:47:00 | DEBUG    | urllib3.connectionpool | Starting new HTTPS connection (1): config.mlflow-telemetry.io:443
2026-05-09 14:47:09 | INFO     | __main__ | done
2026-05-09 14:47:17 | INFO     | data_preprocessing | Final shape: (988, 13)
2026-05-09 14:47:17 | INFO     | __main__ | Baselines: {'majority': 0.5079365079365079, 'persistence': 0.584}
2026-05-09 14:47:18 | INFO     | __main__ | {'accuracy': 0.5079365079365079, 'balanced_accuracy': 0.5007560483870968, 'precision': 0.5083333333333333, 'recall': 0.953125, 'f1': 0.6630434782608695, 'auc': 0.517641129032258, 'confusion_matrix': [[3, 59], [3, 61]], 'majority_baseline': 0.5079365079365079, 'persistence_baseline': 0.584, 'threshold': 0.2}
2026-05-09 14:47:18 | DEBUG    | git.cmd | Popen(['git', 'version'], cwd=C:\Users\vaibh\OneDrive\Desktop\Workstation\Internship, stdin=None, shell=False, universal_newlines=False)
2026-05-09 14:47:18 | DEBUG    | git.cmd | Popen(['git', 'version'], cwd=C:\Users\vaibh\OneDrive\Desktop\Workstation\Internship, stdin=None, shell=False, universal_newlines=False)
2026-05-09 14:47:18 | DEBUG    | git.cmd | Popen(['git', 'check-ignore', 'c:\\Users\\vaibh\\OneDrive\\Desktop\\Workstation\\Internship\\src'], cwd=c:\Users\vaibh\OneDrive\Desktop\Workstation\Internship, stdin=None, shell=False, universal_newlines=False)
2026-05-09 14:47:18 | DEBUG    | git.cmd | Popen(['git', 'cat-file', '--batch-check'], cwd=c:\Users\vaibh\OneDrive\Desktop\Workstation\Internship, stdin=<valid stream>, shell=False, universal_newlines=False)
2026-05-09 14:47:18 | DEBUG    | urllib3.connectionpool | Starting new HTTPS connection (1): config.mlflow-telemetry.io:443
2026-05-09 14:47:28 | INFO     | __main__ | done
2026-05-09 14:47:42 | INFO     | data_preprocessing | Final shape: (988, 13)
2026-05-09 14:47:42 | INFO     | __main__ | Baselines: {'majority': 0.5079365079365079, 'persistence': 0.584}
2026-05-09 14:47:43 | INFO     | __main__ | {'accuracy': 0.5476190476190477, 'balanced_accuracy': 0.5415826612903226, 'precision': 0.5315315315315315, 'recall': 0.921875, 'f1': 0.6742857142857143, 'auc': 0.517641129032258, 'confusion_matrix': [[10, 52], [5, 59]], 'majority_baseline': 0.5079365079365079, 'persistence_baseline': 0.584, 'threshold': 0.3}
2026-05-09 14:47:44 | DEBUG    | git.cmd | Popen(['git', 'version'], cwd=C:\Users\vaibh\OneDrive\Desktop\Workstation\Internship, stdin=None, shell=False, universal_newlines=False)
2026-05-09 14:47:44 | DEBUG    | git.cmd | Popen(['git', 'version'], cwd=C:\Users\vaibh\OneDrive\Desktop\Workstation\Internship, stdin=None, shell=False, universal_newlines=False)
2026-05-09 14:47:44 | DEBUG    | git.cmd | Popen(['git', 'check-ignore', 'c:\\Users\\vaibh\\OneDrive\\Desktop\\Workstation\\Internship\\src'], cwd=c:\Users\vaibh\OneDrive\Desktop\Workstation\Internship, stdin=None, shell=False, universal_newlines=False)
2026-05-09 14:47:44 | DEBUG    | git.cmd | Popen(['git', 'cat-file', '--batch-check'], cwd=c:\Users\vaibh\OneDrive\Desktop\Workstation\Internship, stdin=<valid stream>, shell=False, universal_newlines=False)
2026-05-09 14:47:44 | DEBUG    | urllib3.connectionpool | Starting new HTTPS connection (1): config.mlflow-telemetry.io:443
2026-05-09 14:47:53 | INFO     | __main__ | done
2026-05-09 14:48:27 | INFO     | __main__ | Loading dataset
2026-05-09 14:48:27 | INFO     | data_preprocessing | Final shape: (988, 13)
2026-05-09 14:48:28 | INFO     | __main__ | Fold  1 | AUC 0.4778 | BAL 0.4500
2026-05-09 14:48:28 | INFO     | __main__ | Fold  2 | AUC 0.3000 | BAL 0.4955
2026-05-09 14:48:29 | INFO     | __main__ | Fold  3 | AUC 0.4630 | BAL 0.5417
2026-05-09 14:48:29 | INFO     | __main__ | Fold  4 | AUC 0.8111 | BAL 0.6333
2026-05-09 14:48:30 | INFO     | __main__ | Fold  5 | AUC 0.4778 | BAL 0.4333
2026-05-09 14:48:30 | INFO     | __main__ | Fold  6 | AUC 0.2909 | BAL 0.3273
2026-05-09 14:48:30 | INFO     | __main__ | Fold  7 | AUC 0.5481 | BAL 0.5865
2026-05-09 14:48:31 | INFO     | __main__ | Fold  8 | AUC 0.6182 | BAL 0.5636
2026-05-09 14:48:31 | INFO     | __main__ | Fold  9 | AUC 0.5000 | BAL 0.5577
2026-05-09 14:48:31 | INFO     | __main__ | Fold 10 | AUC 0.5278 | BAL 0.5278
2026-05-09 14:48:32 | INFO     | __main__ | Fold 11 | AUC 0.3796 | BAL 0.3333
2026-05-09 14:48:32 | INFO     | __main__ | Fold 12 | AUC 0.4592 | BAL 0.5714
2026-05-09 14:48:32 | INFO     | __main__ | Fold 13 | AUC 0.5222 | BAL 0.5333
2026-05-09 14:48:32 | INFO     | __main__ | Fold 14 | AUC 0.5918 | BAL 0.5000
2026-05-09 14:48:32 | INFO     | __main__ | Fold 15 | AUC 0.7308 | BAL 0.6923
2026-05-09 14:48:32 | INFO     | __main__ | Fold 16 | AUC 0.4537 | BAL 0.5139
2026-05-09 14:48:32 | INFO     | __main__ | Fold 17 | AUC 0.3273 | BAL 0.4773
2026-05-09 14:48:33 | INFO     | __main__ | Fold 18 | AUC 0.6333 | BAL 0.5500
2026-05-09 14:48:33 | INFO     | __main__ | Fold 19 | AUC 0.4455 | BAL 0.4091
2026-05-09 14:48:33 | INFO     | __main__ | Fold 20 | AUC 0.5463 | BAL 0.4861
2026-05-09 14:48:33 | INFO     | __main__ | Fold 21 | AUC 0.6000 | BAL 0.6727
2026-05-09 14:48:33 | INFO     | __main__ | Fold 22 | AUC 0.4167 | BAL 0.4583
2026-05-09 14:48:33 | INFO     | __main__ | Logging to MLflow
2026-05-09 14:48:33 | DEBUG    | git.cmd | Popen(['git', 'version'], cwd=C:\Users\vaibh\OneDrive\Desktop\Workstation\Internship, stdin=None, shell=False, universal_newlines=False)
2026-05-09 14:48:33 | DEBUG    | git.cmd | Popen(['git', 'version'], cwd=C:\Users\vaibh\OneDrive\Desktop\Workstation\Internship, stdin=None, shell=False, universal_newlines=False)
2026-05-09 14:48:34 | DEBUG    | git.cmd | Popen(['git', 'check-ignore', 'c:\\Users\\vaibh\\OneDrive\\Desktop\\Workstation\\Internship\\src'], cwd=c:\Users\vaibh\OneDrive\Desktop\Workstation\Internship, stdin=None, shell=False, universal_newlines=False)
2026-05-09 14:48:34 | DEBUG    | git.cmd | Popen(['git', 'cat-file', '--batch-check'], cwd=c:\Users\vaibh\OneDrive\Desktop\Workstation\Internship, stdin=<valid stream>, shell=False, universal_newlines=False)
2026-05-09 14:48:34 | DEBUG    | urllib3.connectionpool | Starting new HTTPS connection (1): config.mlflow-telemetry.io:443
2026-05-09 14:48:34 | INFO     | __main__ | Mean AUC 0.5055 | Mean BAL 0.5143
2026-05-10 20:49:37 | INFO     | data_preprocessing | Final shape: (988, 13)
2026-05-10 20:49:37 | INFO     | __main__ | Baselines: {'majority': 0.5079365079365079, 'persistence': 0.584}
2026-05-10 20:49:37 | INFO     | __main__ | {'accuracy': 0.5158730158730159, 'balanced_accuracy': 0.5128528225806451, 'precision': 0.5172413793103449, 'recall': 0.703125, 'f1': 0.5960264900662252, 'auc': 0.552671370967742, 'confusion_matrix': [[20, 42], [19, 45]], 'majority_baseline': 0.5079365079365079, 'persistence_baseline': 0.584, 'threshold': 0.55}
2026-05-10 20:49:38 | DEBUG    | git.cmd | Popen(['git', 'version'], cwd=C:\Users\vaibh\OneDrive\Desktop\Workstation\Internship, stdin=None, shell=False, universal_newlines=False)
2026-05-10 20:49:38 | DEBUG    | git.cmd | Popen(['git', 'version'], cwd=C:\Users\vaibh\OneDrive\Desktop\Workstation\Internship, stdin=None, shell=False, universal_newlines=False)
2026-05-10 20:49:38 | DEBUG    | git.cmd | Popen(['git', 'check-ignore', 'c:\\Users\\vaibh\\OneDrive\\Desktop\\Workstation\\Internship\\src'], cwd=c:\Users\vaibh\OneDrive\Desktop\Workstation\Internship, stdin=None, shell=False, universal_newlines=False)
2026-05-10 20:49:38 | DEBUG    | git.cmd | Popen(['git', 'cat-file', '--batch-check'], cwd=c:\Users\vaibh\OneDrive\Desktop\Workstation\Internship, stdin=<valid stream>, shell=False, universal_newlines=False)
2026-05-10 20:49:38 | DEBUG    | urllib3.connectionpool | Starting new HTTPS connection (1): config.mlflow-telemetry.io:443
2026-05-10 20:49:38 | DEBUG    | urllib3.connectionpool | https://config.mlflow-telemetry.io:443 "GET /3.12.0.json HTTP/1.1" 200 308
2026-05-10 20:49:42 | DEBUG    | urllib3.connectionpool | Starting new HTTPS connection (1): api.mlflow-telemetry.io:443
2026-05-10 20:49:43 | DEBUG    | urllib3.connectionpool | https://api.mlflow-telemetry.io:443 "POST /log HTTP/1.1" 200 30
2026-05-10 20:49:57 | INFO     | __main__ | done
2026-05-10 20:50:04 | INFO     | data_preprocessing | Final shape: (988, 13)
2026-05-10 20:50:14 | INFO     | __main__ | Loading dataset
2026-05-10 20:50:14 | INFO     | data_preprocessing | Final shape: (988, 13)
2026-05-10 20:50:14 | INFO     | __main__ | Fold  1 | AUC 0.6778 | BAL 0.6667
2026-05-10 20:50:14 | INFO     | __main__ | Fold  2 | AUC 0.4000 | BAL 0.3500
2026-05-10 20:50:14 | INFO     | __main__ | Fold  3 | AUC 0.6019 | BAL 0.5000
2026-05-10 20:50:14 | INFO     | __main__ | Fold  4 | AUC 0.8000 | BAL 0.6333
2026-05-10 20:50:15 | INFO     | __main__ | Fold  5 | AUC 0.4556 | BAL 0.3833
2026-05-10 20:50:15 | INFO     | __main__ | Fold  6 | AUC 0.1727 | BAL 0.4000
2026-05-10 20:50:15 | INFO     | __main__ | Fold  7 | AUC 0.3654 | BAL 0.4423
2026-05-10 20:50:15 | INFO     | __main__ | Fold  8 | AUC 0.5455 | BAL 0.4818
2026-05-10 20:50:15 | INFO     | __main__ | Fold  9 | AUC 0.4615 | BAL 0.4519
2026-05-10 20:50:15 | INFO     | __main__ | Fold 10 | AUC 0.2963 | BAL 0.2917
2026-05-10 20:50:15 | INFO     | __main__ | Fold 11 | AUC 0.5000 | BAL 0.4861
2026-05-10 20:50:16 | INFO     | __main__ | Fold 12 | AUC 0.5612 | BAL 0.5357
2026-05-10 20:50:16 | INFO     | __main__ | Fold 13 | AUC 0.3778 | BAL 0.4833
2026-05-10 20:50:16 | INFO     | __main__ | Fold 14 | AUC 0.5306 | BAL 0.4643
2026-05-10 20:50:16 | INFO     | __main__ | Fold 15 | AUC 0.5192 | BAL 0.5337
2026-05-10 20:50:16 | INFO     | __main__ | Fold 16 | AUC 0.6296 | BAL 0.5278
2026-05-10 20:50:16 | INFO     | __main__ | Fold 17 | AUC 0.4000 | BAL 0.4818
2026-05-10 20:50:16 | INFO     | __main__ | Fold 18 | AUC 0.4667 | BAL 0.5333
2026-05-10 20:50:16 | INFO     | __main__ | Fold 19 | AUC 0.6545 | BAL 0.5864
2026-05-10 20:50:17 | INFO     | __main__ | Fold 20 | AUC 0.5741 | BAL 0.5278
2026-05-10 20:50:17 | INFO     | __main__ | Fold 21 | AUC 0.3273 | BAL 0.3773
2026-05-10 20:50:17 | INFO     | __main__ | Fold 22 | AUC 0.5370 | BAL 0.5278
2026-05-10 20:50:17 | INFO     | __main__ | Logging to MLflow
2026-05-10 20:50:17 | DEBUG    | git.cmd | Popen(['git', 'version'], cwd=C:\Users\vaibh\OneDrive\Desktop\Workstation\Internship, stdin=None, shell=False, universal_newlines=False)
2026-05-10 20:50:17 | DEBUG    | git.cmd | Popen(['git', 'version'], cwd=C:\Users\vaibh\OneDrive\Desktop\Workstation\Internship, stdin=None, shell=False, universal_newlines=False)
2026-05-10 20:50:17 | DEBUG    | git.cmd | Popen(['git', 'check-ignore', 'c:\\Users\\vaibh\\OneDrive\\Desktop\\Workstation\\Internship\\src'], cwd=c:\Users\vaibh\OneDrive\Desktop\Workstation\Internship, stdin=None, shell=False, universal_newlines=False)
2026-05-10 20:50:17 | DEBUG    | git.cmd | Popen(['git', 'cat-file', '--batch-check'], cwd=c:\Users\vaibh\OneDrive\Desktop\Workstation\Internship, stdin=<valid stream>, shell=False, universal_newlines=False)
2026-05-10 20:50:17 | DEBUG    | urllib3.connectionpool | Starting new HTTPS connection (1): config.mlflow-telemetry.io:443
2026-05-10 20:50:18 | DEBUG    | urllib3.connectionpool | https://config.mlflow-telemetry.io:443 "GET /3.12.0.json HTTP/1.1" 200 308
2026-05-10 20:50:18 | INFO     | __main__ | Mean AUC 0.4934 | Mean BAL 0.4848
2026-05-10 20:53:38 | INFO     | data_preprocessing | Final shape: (988, 13)
2026-05-10 20:53:38 | INFO     | __main__ | Baselines: {'majority': 0.5079365079365079, 'persistence': 0.584}
2026-05-10 20:53:39 | INFO     | __main__ | {'accuracy': 0.5555555555555556, 'balanced_accuracy': 0.5493951612903226, 'precision': 0.5357142857142857, 'recall': 0.9375, 'f1': 0.6818181818181818, 'auc': 0.5297379032258065, 'confusion_matrix': [[10, 52], [4, 60]], 'majority_baseline': 0.5079365079365079, 'persistence_baseline': 0.584, 'threshold': 0.5}
2026-05-10 20:53:40 | DEBUG    | git.cmd | Popen(['git', 'version'], cwd=C:\Users\vaibh\OneDrive\Desktop\Workstation\Internship, stdin=None, shell=False, universal_newlines=False)
2026-05-10 20:53:40 | DEBUG    | git.cmd | Popen(['git', 'version'], cwd=C:\Users\vaibh\OneDrive\Desktop\Workstation\Internship, stdin=None, shell=False, universal_newlines=False)
2026-05-10 20:53:40 | DEBUG    | git.cmd | Popen(['git', 'check-ignore', 'c:\\Users\\vaibh\\OneDrive\\Desktop\\Workstation\\Internship\\src'], cwd=c:\Users\vaibh\OneDrive\Desktop\Workstation\Internship, stdin=None, shell=False, universal_newlines=False)
2026-05-10 20:53:40 | DEBUG    | git.cmd | Popen(['git', 'cat-file', '--batch-check'], cwd=c:\Users\vaibh\OneDrive\Desktop\Workstation\Internship, stdin=<valid stream>, shell=False, universal_newlines=False)
2026-05-10 20:53:40 | DEBUG    | urllib3.connectionpool | Starting new HTTPS connection (1): config.mlflow-telemetry.io:443
2026-05-10 20:53:40 | DEBUG    | urllib3.connectionpool | https://config.mlflow-telemetry.io:443 "GET /3.12.0.json HTTP/1.1" 200 308
2026-05-10 20:53:46 | DEBUG    | urllib3.connectionpool | Starting new HTTPS connection (1): api.mlflow-telemetry.io:443
2026-05-10 20:53:48 | DEBUG    | urllib3.connectionpool | https://api.mlflow-telemetry.io:443 "POST /log HTTP/1.1" 200 30
2026-05-10 20:53:52 | INFO     | __main__ | done
2026-05-10 20:54:05 | INFO     | __main__ | Loading dataset
2026-05-10 20:54:05 | INFO     | data_preprocessing | Final shape: (988, 13)
2026-05-10 20:54:06 | INFO     | __main__ | Fold  1 | AUC 0.6889 | BAL 0.5500
2026-05-10 20:54:06 | INFO     | __main__ | Fold  2 | AUC 0.4909 | BAL 0.4500
2026-05-10 20:54:06 | INFO     | __main__ | Fold  3 | AUC 0.6111 | BAL 0.5556
2026-05-10 20:54:06 | INFO     | __main__ | Fold  4 | AUC 0.8111 | BAL 0.5000
2026-05-10 20:54:07 | INFO     | __main__ | Fold  5 | AUC 0.4000 | BAL 0.4833
2026-05-10 20:54:07 | INFO     | __main__ | Fold  6 | AUC 0.1727 | BAL 0.2455
2026-05-10 20:54:07 | INFO     | __main__ | Fold  7 | AUC 0.3173 | BAL 0.3077
2026-05-10 20:54:07 | INFO     | __main__ | Fold  8 | AUC 0.5545 | BAL 0.5182
2026-05-10 20:54:07 | INFO     | __main__ | Fold  9 | AUC 0.5096 | BAL 0.5721
2026-05-10 20:54:08 | INFO     | __main__ | Fold 10 | AUC 0.3148 | BAL 0.4444
2026-05-10 20:54:08 | INFO     | __main__ | Fold 11 | AUC 0.5556 | BAL 0.4583
2026-05-10 20:54:08 | INFO     | __main__ | Fold 12 | AUC 0.5000 | BAL 0.5357
2026-05-10 20:54:08 | INFO     | __main__ | Fold 13 | AUC 0.3444 | BAL 0.5500
2026-05-10 20:54:08 | INFO     | __main__ | Fold 14 | AUC 0.4082 | BAL 0.6071
2026-05-10 20:54:09 | INFO     | __main__ | Fold 15 | AUC 0.4231 | BAL 0.5913
2026-05-10 20:54:09 | INFO     | __main__ | Fold 16 | AUC 0.6019 | BAL 0.5556
2026-05-10 20:54:09 | INFO     | __main__ | Fold 17 | AUC 0.5000 | BAL 0.3636
2026-05-10 20:54:09 | INFO     | __main__ | Fold 18 | AUC 0.5333 | BAL 0.5000
2026-05-10 20:54:09 | INFO     | __main__ | Fold 19 | AUC 0.5818 | BAL 0.5682
2026-05-10 20:54:10 | INFO     | __main__ | Fold 20 | AUC 0.5648 | BAL 0.5000
2026-05-10 20:54:10 | INFO     | __main__ | Fold 21 | AUC 0.2727 | BAL 0.3909
2026-05-10 20:54:10 | INFO     | __main__ | Fold 22 | AUC 0.5278 | BAL 0.4861
2026-05-10 20:54:10 | INFO     | __main__ | Logging to MLflow
2026-05-10 20:54:11 | DEBUG    | git.cmd | Popen(['git', 'version'], cwd=C:\Users\vaibh\OneDrive\Desktop\Workstation\Internship, stdin=None, shell=False, universal_newlines=False)
2026-05-10 20:54:11 | DEBUG    | git.cmd | Popen(['git', 'version'], cwd=C:\Users\vaibh\OneDrive\Desktop\Workstation\Internship, stdin=None, shell=False, universal_newlines=False)
2026-05-10 20:54:11 | DEBUG    | git.cmd | Popen(['git', 'check-ignore', 'c:\\Users\\vaibh\\OneDrive\\Desktop\\Workstation\\Internship\\src'], cwd=c:\Users\vaibh\OneDrive\Desktop\Workstation\Internship, stdin=None, shell=False, universal_newlines=False)
2026-05-10 20:54:11 | DEBUG    | git.cmd | Popen(['git', 'cat-file', '--batch-check'], cwd=c:\Users\vaibh\OneDrive\Desktop\Workstation\Internship, stdin=<valid stream>, shell=False, universal_newlines=False)
2026-05-10 20:54:11 | DEBUG    | urllib3.connectionpool | Starting new HTTPS connection (1): config.mlflow-telemetry.io:443
2026-05-10 20:54:11 | DEBUG    | urllib3.connectionpool | https://config.mlflow-telemetry.io:443 "GET /3.12.0.json HTTP/1.1" 200 308
2026-05-10 20:54:11 | INFO     | __main__ | Mean AUC 0.4857 | Mean BAL 0.4879
2026-05-10 20:55:15 | INFO     | data_preprocessing | Final shape: (988, 13)
2026-05-10 21:00:11 | INFO     | data_preprocessing | Final shape: (988, 13)
2026-05-10 21:21:35 | INFO     | data_preprocessing | Final shape: (988, 13)
2026-05-10 21:21:35 | INFO     | __main__ | Baselines: {'majority': 0.5079365079365079, 'persistence': 0.584}
2026-05-10 21:21:36 | INFO     | __main__ | {'accuracy': 0.5158730158730159, 'balanced_accuracy': 0.5128528225806451, 'precision': 0.5172413793103449, 'recall': 0.703125, 'f1': 0.5960264900662252, 'auc': 0.5480090725806452, 'confusion_matrix': [[20, 42], [19, 45]], 'majority_baseline': 0.5079365079365079, 'persistence_baseline': 0.584, 'threshold': 0.55}
2026-05-10 21:21:36 | DEBUG    | git.cmd | Popen(['git', 'version'], cwd=C:\Users\vaibh\OneDrive\Desktop\Workstation\Internship, stdin=None, shell=False, universal_newlines=False)
2026-05-10 21:21:36 | DEBUG    | git.cmd | Popen(['git', 'version'], cwd=C:\Users\vaibh\OneDrive\Desktop\Workstation\Internship, stdin=None, shell=False, universal_newlines=False)
2026-05-10 21:21:36 | DEBUG    | git.cmd | Popen(['git', 'check-ignore', 'c:\\Users\\vaibh\\OneDrive\\Desktop\\Workstation\\Internship\\src'], cwd=c:\Users\vaibh\OneDrive\Desktop\Workstation\Internship, stdin=None, shell=False, universal_newlines=False)
2026-05-10 21:21:36 | DEBUG    | git.cmd | Popen(['git', 'cat-file', '--batch-check'], cwd=c:\Users\vaibh\OneDrive\Desktop\Workstation\Internship, stdin=<valid stream>, shell=False, universal_newlines=False)
2026-05-10 21:21:37 | DEBUG    | urllib3.connectionpool | Starting new HTTPS connection (1): config.mlflow-telemetry.io:443
2026-05-10 21:21:37 | DEBUG    | urllib3.connectionpool | https://config.mlflow-telemetry.io:443 "GET /3.12.0.json HTTP/1.1" 200 308
2026-05-10 21:21:44 | INFO     | __main__ | done
2026-05-10 21:21:52 | INFO     | data_preprocessing | Final shape: (988, 13)
2026-05-10 21:22:03 | INFO     | __main__ | Loading dataset
2026-05-10 21:22:03 | INFO     | data_preprocessing | Final shape: (988, 13)
2026-05-10 21:22:03 | INFO     | __main__ | Fold  1 | AUC 0.7000 | BAL 0.6167
2026-05-10 21:22:03 | INFO     | __main__ | Fold  2 | AUC 0.4091 | BAL 0.4000
2026-05-10 21:22:04 | INFO     | __main__ | Fold  3 | AUC 0.5463 | BAL 0.4583
2026-05-10 21:22:04 | INFO     | __main__ | Fold  4 | AUC 0.7444 | BAL 0.6333
2026-05-10 21:22:04 | INFO     | __main__ | Fold  5 | AUC 0.4333 | BAL 0.3833
2026-05-10 21:22:04 | INFO     | __main__ | Fold  6 | AUC 0.1636 | BAL 0.3500
2026-05-10 21:22:04 | INFO     | __main__ | Fold  7 | AUC 0.3558 | BAL 0.4038
2026-05-10 21:22:04 | INFO     | __main__ | Fold  8 | AUC 0.5364 | BAL 0.5727
2026-05-10 21:22:04 | INFO     | __main__ | Fold  9 | AUC 0.4615 | BAL 0.4135
2026-05-10 21:22:04 | INFO     | __main__ | Fold 10 | AUC 0.2963 | BAL 0.2917
2026-05-10 21:22:05 | INFO     | __main__ | Fold 11 | AUC 0.5093 | BAL 0.4861
2026-05-10 21:22:05 | INFO     | __main__ | Fold 12 | AUC 0.5714 | BAL 0.5357
2026-05-10 21:22:05 | INFO     | __main__ | Fold 13 | AUC 0.4222 | BAL 0.5167
2026-05-10 21:22:05 | INFO     | __main__ | Fold 14 | AUC 0.4898 | BAL 0.4643
2026-05-10 21:22:05 | INFO     | __main__ | Fold 15 | AUC 0.4663 | BAL 0.4471
2026-05-10 21:22:05 | INFO     | __main__ | Fold 16 | AUC 0.6620 | BAL 0.4861
2026-05-10 21:22:05 | INFO     | __main__ | Fold 17 | AUC 0.3636 | BAL 0.4818
2026-05-10 21:22:06 | INFO     | __main__ | Fold 18 | AUC 0.4444 | BAL 0.4500
2026-05-10 21:22:06 | INFO     | __main__ | Fold 19 | AUC 0.5818 | BAL 0.5409
2026-05-10 21:22:06 | INFO     | __main__ | Fold 20 | AUC 0.5556 | BAL 0.5833
2026-05-10 21:22:06 | INFO     | __main__ | Fold 21 | AUC 0.3091 | BAL 0.3773
2026-05-10 21:22:06 | INFO     | __main__ | Fold 22 | AUC 0.5741 | BAL 0.5139
2026-05-10 21:22:06 | INFO     | __main__ | Logging to MLflow
2026-05-10 21:22:07 | DEBUG    | git.cmd | Popen(['git', 'version'], cwd=C:\Users\vaibh\OneDrive\Desktop\Workstation\Internship, stdin=None, shell=False, universal_newlines=False)
2026-05-10 21:22:07 | DEBUG    | git.cmd | Popen(['git', 'version'], cwd=C:\Users\vaibh\OneDrive\Desktop\Workstation\Internship, stdin=None, shell=False, universal_newlines=False)
2026-05-10 21:22:07 | DEBUG    | git.cmd | Popen(['git', 'check-ignore', 'c:\\Users\\vaibh\\OneDrive\\Desktop\\Workstation\\Internship\\src'], cwd=c:\Users\vaibh\OneDrive\Desktop\Workstation\Internship, stdin=None, shell=False, universal_newlines=False)
2026-05-10 21:22:07 | DEBUG    | git.cmd | Popen(['git', 'cat-file', '--batch-check'], cwd=c:\Users\vaibh\OneDrive\Desktop\Workstation\Internship, stdin=<valid stream>, shell=False, universal_newlines=False)
2026-05-10 21:22:07 | DEBUG    | urllib3.connectionpool | Starting new HTTPS connection (1): config.mlflow-telemetry.io:443
2026-05-10 21:22:07 | DEBUG    | urllib3.connectionpool | https://config.mlflow-telemetry.io:443 "GET /3.12.0.json HTTP/1.1" 200 308
2026-05-10 21:22:07 | INFO     | __main__ | Mean AUC 0.4817 | Mean BAL 0.4730
2026-05-10 21:22:30 | INFO     | data_preprocessing | Final shape: (988, 13)
2026-05-10 21:22:30 | INFO     | __main__ | Baselines: {'majority': 0.5079365079365079, 'persistence': 0.584}
2026-05-10 21:22:31 | INFO     | __main__ | {'accuracy': 0.5396825396825397, 'balanced_accuracy': 0.5325100806451613, 'precision': 0.525, 'recall': 0.984375, 'f1': 0.6847826086956522, 'auc': 0.5480090725806452, 'confusion_matrix': [[5, 57], [1, 63]], 'majority_baseline': 0.5079365079365079, 'persistence_baseline': 0.584, 'threshold': 0.5}
2026-05-10 21:22:31 | DEBUG    | git.cmd | Popen(['git', 'version'], cwd=C:\Users\vaibh\OneDrive\Desktop\Workstation\Internship, stdin=None, shell=False, universal_newlines=False)
2026-05-10 21:22:31 | DEBUG    | git.cmd | Popen(['git', 'version'], cwd=C:\Users\vaibh\OneDrive\Desktop\Workstation\Internship, stdin=None, shell=False, universal_newlines=False)
2026-05-10 21:22:31 | DEBUG    | git.cmd | Popen(['git', 'check-ignore', 'c:\\Users\\vaibh\\OneDrive\\Desktop\\Workstation\\Internship\\src'], cwd=c:\Users\vaibh\OneDrive\Desktop\Workstation\Internship, stdin=None, shell=False, universal_newlines=False)
2026-05-10 21:22:31 | DEBUG    | git.cmd | Popen(['git', 'cat-file', '--batch-check'], cwd=c:\Users\vaibh\OneDrive\Desktop\Workstation\Internship, stdin=<valid stream>, shell=False, universal_newlines=False)
2026-05-10 21:22:31 | DEBUG    | urllib3.connectionpool | Starting new HTTPS connection (1): config.mlflow-telemetry.io:443
2026-05-10 21:22:31 | DEBUG    | urllib3.connectionpool | https://config.mlflow-telemetry.io:443 "GET /3.12.0.json HTTP/1.1" 200 308
2026-05-10 21:22:39 | INFO     | __main__ | done
2026-05-10 21:22:45 | INFO     | data_preprocessing | Final shape: (988, 13)
2026-05-10 21:23:17 | INFO     | data_preprocessing | Final shape: (988, 13)
2026-05-10 21:23:17 | INFO     | __main__ | Baselines: {'majority': 0.5079365079365079, 'persistence': 0.584}
2026-05-10 21:23:17 | INFO     | __main__ | {'accuracy': 0.5396825396825397, 'balanced_accuracy': 0.5325100806451613, 'precision': 0.525, 'recall': 0.984375, 'f1': 0.6847826086956522, 'auc': 0.5480090725806452, 'confusion_matrix': [[5, 57], [1, 63]], 'majority_baseline': 0.5079365079365079, 'persistence_baseline': 0.584, 'threshold': 0.5}
2026-05-10 21:23:18 | DEBUG    | git.cmd | Popen(['git', 'version'], cwd=C:\Users\vaibh\OneDrive\Desktop\Workstation\Internship, stdin=None, shell=False, universal_newlines=False)
2026-05-10 21:23:18 | DEBUG    | git.cmd | Popen(['git', 'version'], cwd=C:\Users\vaibh\OneDrive\Desktop\Workstation\Internship, stdin=None, shell=False, universal_newlines=False)
2026-05-10 21:23:18 | DEBUG    | git.cmd | Popen(['git', 'check-ignore', 'c:\\Users\\vaibh\\OneDrive\\Desktop\\Workstation\\Internship\\src'], cwd=c:\Users\vaibh\OneDrive\Desktop\Workstation\Internship, stdin=None, shell=False, universal_newlines=False)
2026-05-10 21:23:18 | DEBUG    | git.cmd | Popen(['git', 'cat-file', '--batch-check'], cwd=c:\Users\vaibh\OneDrive\Desktop\Workstation\Internship, stdin=<valid stream>, shell=False, universal_newlines=False)
2026-05-10 21:23:18 | DEBUG    | urllib3.connectionpool | Starting new HTTPS connection (1): config.mlflow-telemetry.io:443
2026-05-10 21:23:18 | DEBUG    | urllib3.connectionpool | https://config.mlflow-telemetry.io:443 "GET /3.12.0.json HTTP/1.1" 200 308
2026-05-10 21:23:26 | INFO     | __main__ | done
2026-05-10 21:23:31 | INFO     | data_preprocessing | Final shape: (988, 13)
2026-05-10 21:23:42 | INFO     | __main__ | Loading dataset
2026-05-10 21:23:42 | INFO     | data_preprocessing | Final shape: (988, 13)
2026-05-10 21:23:42 | INFO     | __main__ | Fold  1 | AUC 0.7000 | BAL 0.4667
2026-05-10 21:23:42 | INFO     | __main__ | Fold  2 | AUC 0.4091 | BAL 0.4500
2026-05-10 21:23:42 | INFO     | __main__ | Fold  3 | AUC 0.5463 | BAL 0.5694
2026-05-10 21:23:42 | INFO     | __main__ | Fold  4 | AUC 0.7444 | BAL 0.5000
2026-05-10 21:23:43 | INFO     | __main__ | Fold  5 | AUC 0.4333 | BAL 0.5500
2026-05-10 21:23:43 | INFO     | __main__ | Fold  6 | AUC 0.1636 | BAL 0.2455
2026-05-10 21:23:43 | INFO     | __main__ | Fold  7 | AUC 0.3558 | BAL 0.4087
2026-05-10 21:23:43 | INFO     | __main__ | Fold  8 | AUC 0.5364 | BAL 0.5545
2026-05-10 21:23:43 | INFO     | __main__ | Fold  9 | AUC 0.4615 | BAL 0.6875
2026-05-10 21:23:43 | INFO     | __main__ | Fold 10 | AUC 0.2963 | BAL 0.5278
2026-05-10 21:23:43 | INFO     | __main__ | Fold 11 | AUC 0.5093 | BAL 0.4583
2026-05-10 21:23:44 | INFO     | __main__ | Fold 12 | AUC 0.5714 | BAL 0.6429
2026-05-10 21:23:44 | INFO     | __main__ | Fold 13 | AUC 0.4222 | BAL 0.5500
2026-05-10 21:23:44 | INFO     | __main__ | Fold 14 | AUC 0.4898 | BAL 0.6071
2026-05-10 21:23:44 | INFO     | __main__ | Fold 15 | AUC 0.4663 | BAL 0.4904
2026-05-10 21:23:44 | INFO     | __main__ | Fold 16 | AUC 0.6620 | BAL 0.6111
2026-05-10 21:23:44 | INFO     | __main__ | Fold 17 | AUC 0.3636 | BAL 0.3636
2026-05-10 21:23:45 | INFO     | __main__ | Fold 18 | AUC 0.4444 | BAL 0.4333
2026-05-10 21:23:45 | INFO     | __main__ | Fold 19 | AUC 0.5818 | BAL 0.5636
2026-05-10 21:23:45 | INFO     | __main__ | Fold 20 | AUC 0.5556 | BAL 0.5000
2026-05-10 21:23:45 | INFO     | __main__ | Fold 21 | AUC 0.3091 | BAL 0.3909
2026-05-10 21:23:45 | INFO     | __main__ | Fold 22 | AUC 0.5741 | BAL 0.4861
2026-05-10 21:23:45 | INFO     | __main__ | Logging to MLflow
2026-05-10 21:23:46 | DEBUG    | git.cmd | Popen(['git', 'version'], cwd=C:\Users\vaibh\OneDrive\Desktop\Workstation\Internship, stdin=None, shell=False, universal_newlines=False)
2026-05-10 21:23:46 | DEBUG    | git.cmd | Popen(['git', 'version'], cwd=C:\Users\vaibh\OneDrive\Desktop\Workstation\Internship, stdin=None, shell=False, universal_newlines=False)
2026-05-10 21:23:46 | DEBUG    | git.cmd | Popen(['git', 'check-ignore', 'c:\\Users\\vaibh\\OneDrive\\Desktop\\Workstation\\Internship\\src'], cwd=c:\Users\vaibh\OneDrive\Desktop\Workstation\Internship, stdin=None, shell=False, universal_newlines=False)
2026-05-10 21:23:46 | DEBUG    | git.cmd | Popen(['git', 'cat-file', '--batch-check'], cwd=c:\Users\vaibh\OneDrive\Desktop\Workstation\Internship, stdin=<valid stream>, shell=False, universal_newlines=False)
2026-05-10 21:23:46 | DEBUG    | urllib3.connectionpool | Starting new HTTPS connection (1): config.mlflow-telemetry.io:443
2026-05-10 21:23:46 | DEBUG    | urllib3.connectionpool | https://config.mlflow-telemetry.io:443 "GET /3.12.0.json HTTP/1.1" 200 308
2026-05-10 21:23:46 | INFO     | __main__ | Mean AUC 0.4817 | Mean BAL 0.5026
2026-05-10 21:24:10 | INFO     | data_preprocessing | Final shape: (988, 13)
2026-05-10 21:24:10 | INFO     | __main__ | Baselines: {'majority': 0.5079365079365079, 'persistence': 0.584}
2026-05-10 21:24:11 | INFO     | __main__ | {'accuracy': 0.5158730158730159, 'balanced_accuracy': 0.5128528225806451, 'precision': 0.5172413793103449, 'recall': 0.703125, 'f1': 0.5960264900662252, 'auc': 0.5480090725806452, 'confusion_matrix': [[20, 42], [19, 45]], 'majority_baseline': 0.5079365079365079, 'persistence_baseline': 0.584, 'threshold': 0.55}
2026-05-10 21:24:11 | DEBUG    | git.cmd | Popen(['git', 'version'], cwd=C:\Users\vaibh\OneDrive\Desktop\Workstation\Internship, stdin=None, shell=False, universal_newlines=False)
2026-05-10 21:24:11 | DEBUG    | git.cmd | Popen(['git', 'version'], cwd=C:\Users\vaibh\OneDrive\Desktop\Workstation\Internship, stdin=None, shell=False, universal_newlines=False)
2026-05-10 21:24:11 | DEBUG    | git.cmd | Popen(['git', 'check-ignore', 'c:\\Users\\vaibh\\OneDrive\\Desktop\\Workstation\\Internship\\src'], cwd=c:\Users\vaibh\OneDrive\Desktop\Workstation\Internship, stdin=None, shell=False, universal_newlines=False)
2026-05-10 21:24:11 | DEBUG    | git.cmd | Popen(['git', 'cat-file', '--batch-check'], cwd=c:\Users\vaibh\OneDrive\Desktop\Workstation\Internship, stdin=<valid stream>, shell=False, universal_newlines=False)
2026-05-10 21:24:11 | DEBUG    | urllib3.connectionpool | Starting new HTTPS connection (1): config.mlflow-telemetry.io:443
2026-05-10 21:24:11 | DEBUG    | urllib3.connectionpool | https://config.mlflow-telemetry.io:443 "GET /3.12.0.json HTTP/1.1" 200 308
2026-05-10 21:24:19 | INFO     | __main__ | done
2026-05-10 21:24:38 | INFO     | data_preprocessing | Final shape: (988, 13)
2026-05-10 21:24:48 | INFO     | __main__ | Loading dataset
2026-05-10 21:24:48 | INFO     | data_preprocessing | Final shape: (988, 13)
2026-05-10 21:24:49 | INFO     | __main__ | Fold  1 | AUC 0.7000 | BAL 0.6167
2026-05-10 21:24:49 | INFO     | __main__ | Fold  2 | AUC 0.4091 | BAL 0.4000
2026-05-10 21:24:49 | INFO     | __main__ | Fold  3 | AUC 0.5463 | BAL 0.4583
2026-05-10 21:24:49 | INFO     | __main__ | Fold  4 | AUC 0.7444 | BAL 0.6333
2026-05-10 21:24:49 | INFO     | __main__ | Fold  5 | AUC 0.4333 | BAL 0.3833
2026-05-10 21:24:49 | INFO     | __main__ | Fold  6 | AUC 0.1636 | BAL 0.3500
2026-05-10 21:24:50 | INFO     | __main__ | Fold  7 | AUC 0.3558 | BAL 0.4038
2026-05-10 21:24:50 | INFO     | __main__ | Fold  8 | AUC 0.5364 | BAL 0.5727
2026-05-10 21:24:50 | INFO     | __main__ | Fold  9 | AUC 0.4615 | BAL 0.4135
2026-05-10 21:24:50 | INFO     | __main__ | Fold 10 | AUC 0.2963 | BAL 0.2917
2026-05-10 21:24:50 | INFO     | __main__ | Fold 11 | AUC 0.5093 | BAL 0.4861
2026-05-10 21:24:50 | INFO     | __main__ | Fold 12 | AUC 0.5714 | BAL 0.5357
2026-05-10 21:24:51 | INFO     | __main__ | Fold 13 | AUC 0.4222 | BAL 0.5167
2026-05-10 21:24:51 | INFO     | __main__ | Fold 14 | AUC 0.4898 | BAL 0.4643
2026-05-10 21:24:51 | INFO     | __main__ | Fold 15 | AUC 0.4663 | BAL 0.4471
2026-05-10 21:24:51 | INFO     | __main__ | Fold 16 | AUC 0.6620 | BAL 0.4861
2026-05-10 21:24:51 | INFO     | __main__ | Fold 17 | AUC 0.3636 | BAL 0.4818
2026-05-10 21:24:51 | INFO     | __main__ | Fold 18 | AUC 0.4444 | BAL 0.4500
2026-05-10 21:24:51 | INFO     | __main__ | Fold 19 | AUC 0.5818 | BAL 0.5409
2026-05-10 21:24:52 | INFO     | __main__ | Fold 20 | AUC 0.5556 | BAL 0.5833
2026-05-10 21:24:52 | INFO     | __main__ | Fold 21 | AUC 0.3091 | BAL 0.3773
2026-05-10 21:24:52 | INFO     | __main__ | Fold 22 | AUC 0.5741 | BAL 0.5139
2026-05-10 21:24:52 | INFO     | __main__ | Logging to MLflow
2026-05-10 21:24:52 | DEBUG    | git.cmd | Popen(['git', 'version'], cwd=C:\Users\vaibh\OneDrive\Desktop\Workstation\Internship, stdin=None, shell=False, universal_newlines=False)
2026-05-10 21:24:52 | DEBUG    | git.cmd | Popen(['git', 'version'], cwd=C:\Users\vaibh\OneDrive\Desktop\Workstation\Internship, stdin=None, shell=False, universal_newlines=False)
2026-05-10 21:24:52 | DEBUG    | git.cmd | Popen(['git', 'check-ignore', 'c:\\Users\\vaibh\\OneDrive\\Desktop\\Workstation\\Internship\\src'], cwd=c:\Users\vaibh\OneDrive\Desktop\Workstation\Internship, stdin=None, shell=False, universal_newlines=False)
2026-05-10 21:24:53 | DEBUG    | git.cmd | Popen(['git', 'cat-file', '--batch-check'], cwd=c:\Users\vaibh\OneDrive\Desktop\Workstation\Internship, stdin=<valid stream>, shell=False, universal_newlines=False)
2026-05-10 21:24:53 | DEBUG    | urllib3.connectionpool | Starting new HTTPS connection (1): config.mlflow-telemetry.io:443
2026-05-10 21:24:53 | DEBUG    | urllib3.connectionpool | https://config.mlflow-telemetry.io:443 "GET /3.12.0.json HTTP/1.1" 200 308
2026-05-10 21:24:53 | INFO     | __main__ | Mean AUC 0.4817 | Mean BAL 0.4730
2026-05-10 21:28:05 | INFO     | __main__ | Loading dataset
2026-05-10 21:28:05 | INFO     | data_preprocessing | Final shape: (988, 13)
2026-05-10 21:28:05 | INFO     | __main__ | Fold  1 | AUC 0.6546 | BAL 0.5571
2026-05-10 21:28:05 | INFO     | __main__ | Fold  2 | AUC 0.5016 | BAL 0.5192
2026-05-10 21:28:05 | INFO     | __main__ | Fold  3 | AUC 0.4087 | BAL 0.4643
2026-05-10 21:28:05 | INFO     | __main__ | Fold  4 | AUC 0.4462 | BAL 0.4424
2026-05-10 21:28:05 | INFO     | __main__ | Fold  5 | AUC 0.5051 | BAL 0.5595
2026-05-10 21:28:06 | INFO     | __main__ | Fold  6 | AUC 0.5156 | BAL 0.4896
2026-05-10 21:28:06 | INFO     | __main__ | Fold  7 | AUC 0.5872 | BAL 0.5157
2026-05-10 21:28:06 | INFO     | __main__ | Fold  8 | AUC 0.5827 | BAL 0.5056
2026-05-10 21:28:06 | INFO     | __main__ | Fold  9 | AUC 0.6517 | BAL 0.5208
2026-05-10 21:28:06 | INFO     | __main__ | Fold 10 | AUC 0.5333 | BAL 0.5305
2026-05-10 21:28:06 | INFO     | __main__ | Fold 11 | AUC 0.3558 | BAL 0.4038
2026-05-10 21:28:06 | INFO     | __main__ | Fold 12 | AUC 0.3398 | BAL 0.4071
2026-05-10 21:28:07 | INFO     | __main__ | Fold 13 | AUC 0.4574 | BAL 0.4678
2026-05-10 21:28:07 | INFO     | __main__ | Fold 14 | AUC 0.3951 | BAL 0.3889
2026-05-10 21:28:07 | INFO     | __main__ | Fold 15 | AUC 0.4012 | BAL 0.3659
2026-05-10 21:28:07 | INFO     | __main__ | Fold 16 | AUC 0.4484 | BAL 0.4105
2026-05-10 21:28:07 | INFO     | __main__ | Fold 17 | AUC 0.4634 | BAL 0.4534
2026-05-10 21:28:07 | INFO     | __main__ | Fold 18 | AUC 0.5329 | BAL 0.5046
2026-05-10 21:28:08 | INFO     | __main__ | Fold 19 | AUC 0.6040 | BAL 0.5894
2026-05-10 21:28:08 | INFO     | __main__ | Fold 20 | AUC 0.5171 | BAL 0.4439
2026-05-10 21:28:08 | INFO     | __main__ | Fold 21 | AUC 0.5077 | BAL 0.4857
2026-05-10 21:28:08 | INFO     | __main__ | Fold 22 | AUC 0.4802 | BAL 0.4548
2026-05-10 21:28:08 | INFO     | __main__ | Fold 23 | AUC 0.4949 | BAL 0.5214
2026-05-10 21:28:08 | INFO     | __main__ | Fold 24 | AUC 0.5477 | BAL 0.5573
2026-05-10 21:28:08 | INFO     | __main__ | Fold 25 | AUC 0.4813 | BAL 0.5076
2026-05-10 21:28:09 | INFO     | __main__ | Fold 26 | AUC 0.4554 | BAL 0.4868
2026-05-10 21:28:09 | INFO     | __main__ | Logging to MLflow
2026-05-10 21:28:09 | DEBUG    | git.cmd | Popen(['git', 'version'], cwd=C:\Users\vaibh\OneDrive\Desktop\Workstation\Internship, stdin=None, shell=False, universal_newlines=False)
2026-05-10 21:28:09 | DEBUG    | git.cmd | Popen(['git', 'version'], cwd=C:\Users\vaibh\OneDrive\Desktop\Workstation\Internship, stdin=None, shell=False, universal_newlines=False)
2026-05-10 21:28:09 | DEBUG    | git.cmd | Popen(['git', 'check-ignore', 'c:\\Users\\vaibh\\OneDrive\\Desktop\\Workstation\\Internship\\src'], cwd=c:\Users\vaibh\OneDrive\Desktop\Workstation\Internship, stdin=None, shell=False, universal_newlines=False)
2026-05-10 21:28:09 | DEBUG    | git.cmd | Popen(['git', 'cat-file', '--batch-check'], cwd=c:\Users\vaibh\OneDrive\Desktop\Workstation\Internship, stdin=<valid stream>, shell=False, universal_newlines=False)
2026-05-10 21:28:09 | DEBUG    | urllib3.connectionpool | Starting new HTTPS connection (1): config.mlflow-telemetry.io:443
2026-05-10 21:28:10 | DEBUG    | urllib3.connectionpool | https://config.mlflow-telemetry.io:443 "GET /3.12.0.json HTTP/1.1" 200 308
2026-05-10 21:28:10 | INFO     | __main__ | Mean AUC 0.4950 | Mean BAL 0.4828
2026-05-10 21:29:33 | INFO     | data_preprocessing | Final shape: (988, 13)
2026-05-10 21:29:33 | INFO     | __main__ | Baselines: {'majority': 0.5079365079365079, 'persistence': 0.584}
2026-05-10 21:29:33 | INFO     | __main__ | {'accuracy': 0.5158730158730159, 'balanced_accuracy': 0.5128528225806451, 'precision': 0.5172413793103449, 'recall': 0.703125, 'f1': 0.5960264900662252, 'auc': 0.5480090725806452, 'confusion_matrix': [[20, 42], [19, 45]], 'majority_baseline': 0.5079365079365079, 'persistence_baseline': 0.584, 'threshold': 0.55}
2026-05-10 21:29:34 | DEBUG    | git.cmd | Popen(['git', 'version'], cwd=C:\Users\vaibh\OneDrive\Desktop\Workstation\Internship, stdin=None, shell=False, universal_newlines=False)
2026-05-10 21:29:34 | DEBUG    | git.cmd | Popen(['git', 'version'], cwd=C:\Users\vaibh\OneDrive\Desktop\Workstation\Internship, stdin=None, shell=False, universal_newlines=False)
2026-05-10 21:29:34 | DEBUG    | git.cmd | Popen(['git', 'check-ignore', 'c:\\Users\\vaibh\\OneDrive\\Desktop\\Workstation\\Internship\\src'], cwd=c:\Users\vaibh\OneDrive\Desktop\Workstation\Internship, stdin=None, shell=False, universal_newlines=False)
2026-05-10 21:29:34 | DEBUG    | git.cmd | Popen(['git', 'cat-file', '--batch-check'], cwd=c:\Users\vaibh\OneDrive\Desktop\Workstation\Internship, stdin=<valid stream>, shell=False, universal_newlines=False)
2026-05-10 21:29:34 | DEBUG    | urllib3.connectionpool | Starting new HTTPS connection (1): config.mlflow-telemetry.io:443
2026-05-10 21:29:34 | DEBUG    | urllib3.connectionpool | https://config.mlflow-telemetry.io:443 "GET /3.12.0.json HTTP/1.1" 200 308
2026-05-10 21:29:41 | DEBUG    | urllib3.connectionpool | Starting new HTTPS connection (1): api.mlflow-telemetry.io:443
2026-05-10 21:29:42 | DEBUG    | urllib3.connectionpool | https://api.mlflow-telemetry.io:443 "POST /log HTTP/1.1" 200 30
2026-05-10 21:29:45 | INFO     | __main__ | done
2026-05-10 21:29:53 | INFO     | data_preprocessing | Final shape: (988, 13)
2026-05-10 21:30:03 | INFO     | __main__ | Loading dataset
2026-05-10 21:30:03 | INFO     | data_preprocessing | Final shape: (988, 13)
2026-05-10 21:30:03 | INFO     | __main__ | Fold  1 | AUC 0.6546 | BAL 0.5571
2026-05-10 21:30:03 | INFO     | __main__ | Fold  2 | AUC 0.5016 | BAL 0.5192
2026-05-10 21:30:03 | INFO     | __main__ | Fold  3 | AUC 0.4087 | BAL 0.4643
2026-05-10 21:30:03 | INFO     | __main__ | Fold  4 | AUC 0.4462 | BAL 0.4424
2026-05-10 21:30:04 | INFO     | __main__ | Fold  5 | AUC 0.5051 | BAL 0.5595
2026-05-10 21:30:04 | INFO     | __main__ | Fold  6 | AUC 0.5156 | BAL 0.4896
2026-05-10 21:30:04 | INFO     | __main__ | Fold  7 | AUC 0.5872 | BAL 0.5157
2026-05-10 21:30:04 | INFO     | __main__ | Fold  8 | AUC 0.5827 | BAL 0.5056
2026-05-10 21:30:04 | INFO     | __main__ | Fold  9 | AUC 0.6517 | BAL 0.5208
2026-05-10 21:30:04 | INFO     | __main__ | Fold 10 | AUC 0.5333 | BAL 0.5305
2026-05-10 21:30:04 | INFO     | __main__ | Fold 11 | AUC 0.3558 | BAL 0.4038
2026-05-10 21:30:05 | INFO     | __main__ | Fold 12 | AUC 0.3398 | BAL 0.4071
2026-05-10 21:30:05 | INFO     | __main__ | Fold 13 | AUC 0.4574 | BAL 0.4678
2026-05-10 21:30:05 | INFO     | __main__ | Fold 14 | AUC 0.3951 | BAL 0.3889
2026-05-10 21:30:05 | INFO     | __main__ | Fold 15 | AUC 0.4012 | BAL 0.3659
2026-05-10 21:30:05 | INFO     | __main__ | Fold 16 | AUC 0.4484 | BAL 0.4105
2026-05-10 21:30:05 | INFO     | __main__ | Fold 17 | AUC 0.4634 | BAL 0.4534
2026-05-10 21:30:05 | INFO     | __main__ | Fold 18 | AUC 0.5329 | BAL 0.5046
2026-05-10 21:30:06 | INFO     | __main__ | Fold 19 | AUC 0.6040 | BAL 0.5894
2026-05-10 21:30:06 | INFO     | __main__ | Fold 20 | AUC 0.5171 | BAL 0.4439
2026-05-10 21:30:06 | INFO     | __main__ | Fold 21 | AUC 0.5077 | BAL 0.4857
2026-05-10 21:30:06 | INFO     | __main__ | Fold 22 | AUC 0.4802 | BAL 0.4548
2026-05-10 21:30:06 | INFO     | __main__ | Fold 23 | AUC 0.4949 | BAL 0.5214
2026-05-10 21:30:06 | INFO     | __main__ | Fold 24 | AUC 0.5477 | BAL 0.5573
2026-05-10 21:30:06 | INFO     | __main__ | Fold 25 | AUC 0.4813 | BAL 0.5076
2026-05-10 21:30:06 | INFO     | __main__ | Fold 26 | AUC 0.4554 | BAL 0.4868
2026-05-10 21:30:06 | INFO     | __main__ | Logging to MLflow
2026-05-10 21:30:07 | DEBUG    | git.cmd | Popen(['git', 'version'], cwd=C:\Users\vaibh\OneDrive\Desktop\Workstation\Internship, stdin=None, shell=False, universal_newlines=False)
2026-05-10 21:30:07 | DEBUG    | git.cmd | Popen(['git', 'version'], cwd=C:\Users\vaibh\OneDrive\Desktop\Workstation\Internship, stdin=None, shell=False, universal_newlines=False)
2026-05-10 21:30:07 | DEBUG    | git.cmd | Popen(['git', 'check-ignore', 'c:\\Users\\vaibh\\OneDrive\\Desktop\\Workstation\\Internship\\src'], cwd=c:\Users\vaibh\OneDrive\Desktop\Workstation\Internship, stdin=None, shell=False, universal_newlines=False)
2026-05-10 21:30:07 | DEBUG    | git.cmd | Popen(['git', 'cat-file', '--batch-check'], cwd=c:\Users\vaibh\OneDrive\Desktop\Workstation\Internship, stdin=<valid stream>, shell=False, universal_newlines=False)
2026-05-10 21:30:07 | DEBUG    | urllib3.connectionpool | Starting new HTTPS connection (1): config.mlflow-telemetry.io:443
2026-05-10 21:30:07 | DEBUG    | urllib3.connectionpool | https://config.mlflow-telemetry.io:443 "GET /3.12.0.json HTTP/1.1" 200 308
2026-05-10 21:30:07 | INFO     | __main__ | Mean AUC 0.4950 | Mean BAL 0.4828
