date,adj close,close,high,low,open,volume,ret_1d,ret_5d,ret_overnight,high_low_range,close_vs_ma5,ma5_smooth_signal,momentum_5_20,vol_20d,vol_50d,rsi_14,volume_normalized,dow,ret_zscore,vix_level,vix_change,ema50,target
2022-03-16,16975.349609375,16975.349609375,16987.900390625,16837.849609375,16876.650390625,260000,0.018745100484606647,0.038543072803940426,0.012821844243233512,0.008911516893846975,0.013635254635158536,0.007561663565984517,0.06027485283229106,0.01709976608398588,0.014626250900437477,52.409374547015695,0.7058312520360517,2,1.1618498205341719,24.1200008392334,-0.09764305079313018,16995.001012693498,1
2022-03-17,17287.05078125,17287.05078125,17344.599609375,17175.75,17202.900390625,448300,0.018361988356508263,0.041708619776712696,0.013404777308641126,0.009830697895288416,0.02378504434099664,0.008154770376484474,0.04373771764449119,0.017633100850994465,0.01479216859880206,57.16299848225792,1.184255712587505,3,1.0467572767664255,22.61000061035156,-0.06260365573560367,17008.08851584712,0
2022-03-21,17117.599609375,17117.599609375,17353.349609375,17096.400390625,17329.5,285500,-0.009802202470463706,0.029292677799452438,0.002455550069653383,0.015029433850350214,0.007933849297782312,0.005636015035640288,0.04009905322686713,0.017767359982625307,0.014810680878338783,54.004888108153956,0.7489113897487015,0,-0.5334618383408178,24.6200008392334,0.08889872510492536,17012.968676579585,1
2022-03-22,17315.5,17315.5,17334.400390625,17006.30078125,17120.400390625,338300,0.011561223252155806,0.0263286882564302,0.00016361997674405602,0.01929282644093538,0.014280944487075058,0.0051899708941284045,0.024059729221372006,0.017966346341424383,0.01485296936321511,56.99326605665426,0.8704377918719687,1,0.6333911763710589,24.06999969482422,-0.022339607053657007,17026.378719421944,0
2022-03-23,17245.650390625,17245.650390625,17442.400390625,17199.599609375,17405.05078125,292100,-0.0040339354552280104,0.034966716115045315,0.005171712122087147,0.014116653106137213,0.0033406762790007,0.006729813064884105,0.0327001506235276,0.017966375403525348,0.014848397626462437,55.61968472472605,0.7442038216560509,2,-0.2411073760991322,24.75,0.028250947810439797,17036.048765846368,0
2022-03-24,17222.75,17222.75,17291.75,17091.150390625,17094.94921875,290300,-0.0013278937068936791,0.014574096929842684,-0.008738503243514868,0.011737045476180165,-0.0008678737555275033,0.002869133781808307,0.006936063954730454,0.017899735241297263,0.014758873614731499,55.15039284795994,0.7405423331037474,3,-0.1046970564195289,23.93000030517578,-0.03313130080097848,17044.242404884026,0
2022-03-25,17153.0,17153.0,17294.900390625,17076.55078125,17289.0,237100,-0.004049875890900112,-0.007754404319526564,0.003846656312145273,0.012786517146937378,-0.0033641471393129614,-0.001556671045564606,-0.01301424637775117,0.0179219409154104,0.01475519644117665,53.665165318404206,0.6019981973061151,4,-0.25096531306930453,23.43000030517578,-0.020894274702196958,17048.993191297828,1
2022-03-28,17222.0,17222.0,17235.099609375,17003.900390625,17181.849609375,253200,0.004022619949862971,0.006099008798396088,0.00168189875677724,0.013596834457902983,-0.0005675605236754451,0.0012172843307292761,-0.053850079731461165,0.013675996183484166,0.014707840565856176,54.957446283882156,0.660036755601319,0,0.07431359268632808,22.61000061035156,-0.03499785250293319,17056.516927865036,1
2022-03-29,17325.30078125,17325.30078125,17343.650390625,17235.69921875,17297.19921875,235100,0.005998187274997013,0.0005660120267967361,0.004366462591452793,0.006263231360962972,0.005312865671049761,0.00011381699279986484,-0.03946786727654361,0.012689479797406414,0.014733563080877836,56.89569359233413,0.6205130912162162,1,0.3116788265651266,21.299999237060547,-0.05793902423387165,17068.156098373478,1
2022-03-30,17498.25,17498.25,17522.5,17387.19921875,17468.150390625,505000,0.009982465582194733,0.014647148913114805,0.008245144553541977,0.00778163173653031,0.012380619234814202,0.00291596218229428,-0.02729365060289246,0.012742618636500919,0.014814853333685126,59.99921258034936,1.3153782037924568,2,0.6156389930632159,20.61000061035156,-0.032394302883750226,17086.70467642163,0
2022-03-31,17464.75,17464.75,17559.80078125,17435.19921875,17519.19921875,281100,-0.001914477162001882,0.014051182302477816,0.0011972179360793221,0.00714655226686496,0.0076208638812069246,0.0027659908848028493,-0.03766527003258746,0.012395644905108166,0.014805836861801371,59.11141091168853,0.7554623881319036,3,-0.3637781307515913,20.559999465942383,-0.00242606224786146,17102.945047222773,1
2022-04-01,17670.44921875,17670.44921875,17703.69921875,17422.69921875,17436.900390625,291800,0.011777965258592316,0.030166689136011282,-0.0015946182667945434,0.016128384957572635,0.013437554663730153,0.005925641291744883,-0.040896156593159816,0.012366068451554428,0.01484343346177138,62.755622957179085,0.8003840087773435,4,0.6682500311531224,18.43000030517578,-0.10359918366218557,17127.233427455973,1
2022-04-04,18053.400390625,18053.400390625,18114.650390625,17791.400390625,17809.099609375,345500,0.021671841339984343,0.04827548430060391,0.007846455339566521,0.01816889018867415,0.025619775820637066,0.009410065135670595,-0.06302102976189405,0.01215200988717962,0.015100535958015054,68.40185305516569,0.9622749237560752,0,1.3401585598980585,17.90999984741211,-0.028214891435332068,17166.730556100756,0
2022-04-05,17957.400390625,17957.400390625,18095.44921875,17921.55078125,18080.599609375,283500,-0.005317557796472028,0.03648419253183066,0.0015065981012709583,0.009703314161960646,0.012891439130287721,0.0070025545957895525,-0.0955356111282093,0.010400726716381606,0.015048699145095988,65.71243728424449,0.8242477104230266,1,-1.108244366446706,18.489999771118164,0.03238413895295822,17200.33403797662,0
2022-04-06,17807.650390625,17807.650390625,17901.0,17779.849609375,17842.75,328800,-0.008339180323571727,0.01768179050047869,-0.006384576170883587,0.006813915375365129,0.00095107465661588,0.0034459374285215902,-0.09436153391924584,0.010861461128863142,0.015053995477916648,61.641067821154515,0.9867651030881426,2,-1.2565977609115728,19.020000457763672,0.028664180270752793,17226.060499424417,0
2022-04-07,17639.55078125,17639.55078125,17787.5,17623.69921875,17723.30078125,308800,-0.00943974110495216,0.010008776607165926,-0.004736706276500499,0.009294347300011281,-0.010442201714357745,0.00196320993972368,-0.06916977893334697,0.010721746074383878,0.014607664924185306,57.345902468561135,0.9485777477422129,3,-1.236111159732503,19.0,-0.001051548753013165,17243.521397841385,1
2022-04-08,17784.349609375,17784.349609375,17842.75,17600.55078125,17698.150390625,274400,0.008208759390795572,0.006445811830530168,0.003322057919824613,0.013760888608555174,-0.0035925041195320334,0.0012914205360158527,-0.06522977469013114,0.010443183198831158,0.014614659732627388,59.935613222672465,0.8712770686479965,4,0.44713679626564706,17.690000534057617,-0.06894734031275696,17266.29094113435,0
2022-04-11,17674.94921875,17674.94921875,17779.05078125,17650.94921875,17740.900390625,251700,-0.006151497975913078,-0.02096287478737391,-0.002443115419137723,0.007257488586728361,-0.005504533277571604,-0.00425600238622731,-0.08376935621557113,0.01066156763857927,0.014571606700796477,57.11416030334832,0.8110459496036605,0,-0.8644796932192068,18.270000457763672,0.03278687994324314,17283.44646177256,0
2022-04-12,17530.30078125,17530.30078125,17595.30078125,17442.349609375,17584.849609375,266000,-0.008183810641252287,-0.023784044465477105,-0.005097588019060345,0.008768954601895553,-0.00887975218531988,-0.004832824174928013,-0.06284445886650447,0.010594443494984309,0.014624836406365319,53.52630688407888,0.8639028271707182,1,-0.9545367603256845,18.15999984741211,-0.006020832380703056,17293.780865277564,0
2022-04-13,17475.650390625,17475.650390625,17663.650390625,17457.400390625,17599.900390625,245100,-0.0031174816283502382,-0.018643672394578426,0.003970246160832683,0.011814473826856872,-0.008246415878391235,-0.003787727365808882,-0.06741342517769078,0.010125655822609153,0.014505683405936502,52.1922896138488,0.8140693503387804,2,-0.5454653341082957,17.790000915527344,-0.020374390693483013,17301.374607032634,0
2022-04-18,17173.650390625,17173.650390625,17237.75,17067.849609375,17183.44921875,376100,-0.017281188010147552,-0.026412259382491143,-0.01672047479456069,0.009954411042600083,-0.02020390978900752,-0.005331994863835569,-0.03809394994045667,0.010294755185970925,0.014582885330208677,45.4510948157408,1.2255405119181453,0,-1.735202723411056,19.34000015258789,0.08712755240544623,17296.055138429732,0
2022-04-19,16958.650390625,16958.650390625,17275.650390625,16824.69921875,17258.94921875,401400,-0.012519178806467801,-0.0464284180690383,0.0049668431687397195,0.026802926222445934,-0.02326776563337251,-0.009615884799899513,-0.02743151716439174,0.00981312112015509,0.014577770139788603,41.35581730747797,1.3180534576738687,1,-1.1808279941013116,19.770000457763672,0.022233728117020846,17282.03697563494,1
2022-04-20,17136.55078125,17136.55078125,17186.900390625,16978.94921875,17045.25,286100,0.010490244596548015,-0.03046110236791255,0.005106515399531651,0.012247587833371792,-0.0068623608441948205,-0.006349543449490944,-0.031568218570386386,0.009893776924207152,0.014568651025852876,45.714413607920896,0.9393571264405556,2,1.0482542493328062,18.670000076293945,-0.05563987637834156,17276.00651641103,1
2022-04-21,17392.599609375,17392.599609375,17414.69921875,17215.5,17234.599609375,285200,0.014941678252146096,-0.007855037605645765,0.005721619792489418,0.011570922642386221,0.009588162004449933,-0.0016071048793048907,-0.012307673069536507,0.01012228956629764,0.014725138468871543,51.32210461254951,0.9446367355050262,3,1.4465358766332557,17.850000381469727,-0.043920711916086486,17280.82856951595,0
2022-04-22,17171.94921875,17171.94921875,17315.30078125,17149.19921875,17242.75,262700,-0.012686452605167986,-0.017378533278390784,-0.008615710862120216,0.00968567455431934,0.00030693999078574126,-0.003492303378401217,-0.013104923979488037,0.010496860151006197,0.014627813771066782,46.83244925380599,0.8743696849672985,4,-1.1913488229057667,18.350000381469727,0.028011203883169467,17276.335167215937,0
2022-04-25,16953.94921875,16953.94921875,17054.30078125,16888.69921875,17009.05078125,275700,-0.012695122564301942,-0.012792922114854166,-0.009486310227503566,0.009805465794319287,-0.009857687878240583,-0.0025588378940125723,0.002814386895030996,0.010866444835653206,0.014730115205162259,42.84457998426254,0.9198738801861769,0,-1.0996987243732337,21.26000022888184,0.15858309465490272,17263.05771288823,1
2022-04-26,17200.80078125,17200.80078125,17223.849609375,17064.44921875,17121.30078125,261100,0.014560121616207233,0.014278871552117378,0.009870948670467864,0.00934108031156697,0.0017256168047846368,0.002856566189984687,0.011492141461171279,0.011350819148825745,0.014786992737063973,48.22120839650565,0.8676868883239452,1,1.2633532337879714,19.190000534057617,-0.0973659300347568,17260.498702682125,0
2022-04-27,17038.400390625,17038.400390625,17110.69921875,16958.44921875,17073.349609375,265100,-0.009441443610115341,-0.005727546451902765,-0.007409606883763815,0.008977825627573644,-0.006596460385230578,-0.001141230479594726,0.00493321358612997,0.011508572230916912,0.014792169022357827,45.208165214308174,0.8792411528639182,2,-0.7781464459861301,20.61000061035156,0.07399687528792853,17251.386775434104,1
2022-04-28,17245.05078125,17245.05078125,17322.5,17071.05078125,17189.5,312900,0.012128508890934642,-0.0084834257925116,0.008868180457722967,0.01472956890422817,0.0071849367489530205,-0.0017319563426410082,-0.0038514715763487972,0.011766894009198375,0.014786021999664636,49.52969068784276,1.024557956777996,3,1.0432221939011277,19.3799991607666,-0.05967983567002799,17251.12730133117,0
2022-04-29,17102.55078125,17102.55078125,17377.650390625,17053.25,17329.25,336200,-0.008263240381694681,-0.004041383806575927,0.004882514978822049,0.019022789827452244,-0.0003273065320999574,-0.0008048504858618146,0.0185722614865248,0.01164347643977257,0.01415014543165881,46.789189032589086,1.1321390086206897,4,-0.6159697217063483,19.420000076293945,0.002064030818346163,17245.05328654348,0
2022-05-02,17069.099609375,17069.099609375,17092.25,16917.25,16924.44921875,278200,-0.0019559171203674675,0.006791950898239696,-0.010413742650321944,0.010344470880314472,-0.0036238518115109517,0.0013465873260408172,0.029446176731704243,0.01164362515326704,0.01349644215369635,46.14374520891647,0.9372841669053114,0,-0.07504026191907619,20.280000686645508,0.04428427430344706,17237.872017369584,0
2022-05-04,16677.599609375,16677.599609375,17132.849609375,16623.94921875,17096.599609375,310600,-0.022936183451936376,-0.03041725664570938,0.0016110984544782873,0.03061248467067115,-0.020493924202846604,-0.006130389813738567,0.02576974783188446,0.01221786994772576,0.013878151911250244,39.30916475199585,1.043139493879196,2,-1.6465166233256983,21.8799991607666,0.07889538559901044,17215.04186734435,1
2022-05-05,16682.650390625,16682.650390625,16945.69921875,16651.849609375,16854.75,265800,0.00030284821366977077,-0.020879307437554062,0.01062205561796904,0.017646664861155275,-0.016085730849004845,-0.00426620147182345,0.05504821703655116,0.010838725643380523,0.013878905411236674,39.43379998293341,0.9047894611430711,3,0.3870343673437444,20.290000915527344,-0.07266902679275744,17193.381015754145,0
2022-05-06,16411.25,16411.25,16484.19921875,16340.900390625,16415.55078125,300500,-0.0162684216398562,-0.04835014937483195,-0.016010622000752324,0.008769334901962472,-0.02247831278483599,-0.00999602295470478,0.03775086508114667,0.011190082397780559,0.014054523152421583,35.2453259114171,1.0199579118864979,4,-1.0598563178850475,21.25,0.04731390050051676,17161.605992008626,0
2022-05-09,16301.849609375,16301.849609375,16403.69921875,16142.099609375,16227.7001953125,288400,-0.006666182687180999,-0.0468176462164247,-0.011184389043339172,0.016206046035242425,-0.019643409440321048,-0.009757954718561829,0.03774155997973594,0.011165702506668162,0.01407109161075275,33.69184786346642,0.9856459330143541,0,-0.20797662062198213,22.030000686645508,0.03670591466567097,17126.726541833763,0
2022-05-10,16240.0498046875,16240.0498046875,16404.55078125,16197.2998046875,16248.900390625,283100,-0.003790968888092272,-0.04857021305518394,-0.003248049762374788,0.012795402879591173,-0.013523319393304327,-0.010171236081220308,0.03076859743482596,0.011102101817678185,0.014053629040772493,32.8120362590719,0.9718002849149546,1,0.02484760039997865,22.299999237060547,0.012255948343147915,17090.80357477287,0
2022-05-11,16167.099609375,16167.099609375,16318.75,15992.599609375,16270.0498046875,284300,-0.0044919933245182175,-0.030609920609500185,0.0018472849751569637,0.020393832059286212,-0.011826003407175082,-0.006286926532117443,0.06032677572869305,0.010717619593960847,0.014061973443740125,31.757796816595643,0.9742640759398239,2,0.019568350671334618,22.799999237060547,0.022421525430774247,17053.42901055339,0
2022-05-12,15808.0,15808.0,16041.9501953125,15735.75,16021.099609375,314900,-0.022211752141785834,-0.05242874304412204,-0.009030685993629762,0.01945888790254675,-0.02333238450384178,-0.010820127441013704,0.0531981074573491,0.011425632992385304,0.01264894486485984,27.13587072536687,1.067566193172187,3,-1.4668128032850576,24.270000457763672,0.06447373990757388,17003.099635297924,0
2022-05-13,15782.150390625,15782.150390625,16083.599609375,15740.849609375,15977.0,369100,-0.0016352232651188903,-0.03833343647650245,0.01069078947368421,0.02177455528168337,-0.01729031342260219,-0.007959256191485301,0.06138820620602248,0.011440479505298628,0.01210224488601744,26.8331321689014,1.2298209079550186,4,0.3105793237808456,23.489999771118164,-0.03213847020740357,16953.818438696657,1
2022-05-16,15842.2998046875,15842.2998046875,15977.9501953125,15739.650390625,15845.099609375,217600,0.0038112305721171857,-0.028190040743795053,0.0039886338168082245,0.015140095159257056,-0.00786703075930439,-0.005823665258702489,0.06527432535577671,0.011611907320798259,0.01205085910230315,28.823006784089117,0.7283682008368201,0,0.7466967668781064,24.530000686645508,0.04427419862328241,16909.005607019884,1
2022-05-17,16259.2998046875,16259.2998046875,16284.25,15900.7998046875,15912.599609375,295700,0.026321935902047233,0.0011853411923923307,0.004437474707220181,0.024115151440335738,0.018002380714156014,0.00024302027151772536,0.05442682248146291,0.01310846347517398,0.012554743154685907,40.83615822796282,1.0032911478302176,1,2.210049893929223,22.739999771118164,-0.07297190645827611,16882.840383018287,0
2022-05-18,16240.2998046875,16240.2998046875,16399.80078125,16211.2001953125,16318.150390625,290400,-0.0011685620062508173,0.004527725880407951,0.0036195030932718013,0.011633968100155486,0.015881604711149935,0.000900410179919291,0.04688667363810306,0.012903396199550419,0.012524483505147932,40.500743185128854,1.004218825644927,2,0.07084682368793913,22.299999237060547,-0.019349188148034102,16856.99103575602,0
2022-05-19,15809.400390625,15809.400390625,15984.75,15775.2001953125,15917.400390625,313900,-0.026532725334179386,8.85874636260553e-05,-0.01988260179589174,0.013283495746048686,-0.011089828351228629,1.7245871589025012e-05,0.07753418357956698,0.013662204114271197,0.012905706096750506,33.733574441135204,1.0802904635716006,3,-1.6568469614833115,24.559999465942383,0.1013453052108595,16814.889262719724,1
2022-05-20,16266.150390625,16266.150390625,16283.0498046875,16003.849609375,16043.7998046875,252400,0.028891038794289337,0.03066755720991665,0.01482658470725425,0.017445814733784145,0.011357009648954678,0.006122939365708243,0.09543356367526523,0.014935677319146221,0.013099230294054002,44.34832082619905,0.8735679922472571,4,2.149075403808515,23.100000381469727,-0.05944621808714823,16792.85736341541,0
2022-05-23,16214.7001953125,16214.7001953125,16414.69921875,16185.75,16290.9501953125,293800,-0.0031630222318707046,0.02350671273843785,0.0015246265460445623,0.01414511028219267,0.003510965654321573,0.004578838651825465,0.07925163786273781,0.014770363196101102,0.013045038275713816,43.50298688189748,1.0114119489818751,0,-0.02724476084035814,23.399999618530277,0.01298697974486629,16769.66598716634,0
2022-05-24,16125.150390625,16125.150390625,16262.7998046875,16078.599609375,16225.5498046875,249800,-0.005522754266735541,-0.008250626759697566,0.000669121799620847,0.011456233738484154,-0.00037132178277363495,-0.0016546641312712624,0.040634669369914556,0.014602525848303757,0.012735734011968636,42.00231196831641,0.8637919706767178,1,-0.2135457152449016,25.63999938964844,0.09572648750576573,16743.835969886863,0
2022-05-25,16025.7998046875,16025.7998046875,16223.349609375,16006.9501953125,16196.349609375,243300,-0.006161219184365629,-0.013207884249654578,0.0044154142457731435,0.0135190908587865,-0.00388112240853331,-0.0026604403035485028,0.05510294566492291,0.014059964058718455,0.012564677334838901,40.3397008046835,0.8439125910509886,2,-0.1935077691345613,25.280000686645508,-0.014040511371785525,16715.084249302443,1
2022-05-26,16170.150390625,16170.150390625,16204.4501953125,15903.7001953125,16105.0,314300,0.009007387318995308,0.022818702233256438,0.004942043222662383,0.01891069350569397,0.000603955480557604,0.004502115393884802,0.07377712439110962,0.014253217379246348,0.012633056128791504,43.81936203380889,1.0809602421240887,3,0.8078381391912458,22.71999931335449,-0.10126587435748657,16693.28193843586,1
2022-05-27,16352.4501953125,16352.4501953125,16370.599609375,16221.9501953125,16296.599609375,274100,0.011273847198922216,0.005305484248887771,0.007819916061096853,0.00916347370524253,0.010805030266425705,0.0010673964385333073,0.057065296223926754,0.014208635196728766,0.012564355427200595,47.9483038132356,0.9490340004154837,4,0.9727998681199377,21.479999542236328,-0.05457745636415168,16679.656379275966,1
2022-05-30,16661.400390625,16661.400390625,16695.5,16506.150390625,16527.900390625,251400,0.018893205092962884,0.027549087552148244,0.010729290914629635,0.011471457904718044,0.02424604370982791,0.005463403832173663,0.053343508294850905,0.014910930959045176,0.012738169940107987,54.104458762606825,0.8834071262913767,0,1.3463582033649721,19.979999542236328,-0.06983240372284627,16678.92710821049,0
2022-05-31,16584.55078125,16584.55078125,16690.75,16521.900390625,16578.44921875,651600,-0.004612433983534836,0.02848968099498106,-0.004978643447142341,0.010219745028290457,0.013795602290309478,0.005514547155153786,0.05687716710812485,0.014928956397412775,0.012467433832601993,52.44296109813364,2.148722176422094,1,-0.21946111494691864,20.479999542236328,0.025025025598375716,16675.159816681662,0
2022-06-01,16522.75,16522.75,16649.19921875,16438.849609375,16594.400390625,249600,-0.0037264067061659745,0.03100938495232808,0.0005939026932303572,0.01279588379803892,0.003918375761468379,0.005992929225123758,0.04029427084729553,0.01404365650160462,0.012179964624859672,51.084361042180035,0.8314457028647568,2,-0.23831229872743429,20.850000381469727,0.01806644763200982,16669.08022658093,1
2022-06-02,16628.0,16628.0,16646.400390625,16443.05078125,16481.650390625,236000,0.006370004993115463,0.028314492958608994,-0.0024874557428394184,0.012366902716549378,0.0047232947571651685,0.00554205092221318,0.03159037474869386,0.014125941529966737,0.012152572312582807,53.30309554743148,0.7900639416156138,3,0.4549346196875006,20.31999969482422,-0.025419696736146857,16667.442650284098,0
2022-06-03,16584.30078125,16584.30078125,16793.849609375,16567.900390625,16761.650390625,245500,-0.002628050201467391,0.014178339219401037,0.008037670833834496,0.013637770231758158,-0.0007170080557548115,0.0027886767613363003,0.0036336956821934052,0.01361932002164268,0.012029698934521368,52.243533482698496,0.8295039870252737,4,-0.237393247357236,19.979999542236328,-0.016732291225107332,16664.13051922648,0
2022-06-06,16569.55078125,16569.55078125,16610.94921875,16444.55078125,16530.69921875,233600,-0.0008893953501298846,-0.005512718452326593,-0.003232066470996549,0.01011875846981036,-0.0004994433689985038,-0.0011076693625678526,-0.02193423983116738,0.01351903841007363,0.012020954446871054,51.86874799509329,0.7966714412386604,0,-0.13217755227852085,20.200000762939453,0.011011072359539131,16660.365076527945,0
2022-06-07,16416.349609375,16416.349609375,16487.25,16347.099609375,16469.599609375,233800,-0.009245946006475991,-0.010142039666528824,-0.006032219774364922,0.008573410205723851,-0.0077272216523706,-0.002030244200287246,-0.02099790567727311,0.013672519870868934,0.012080665580492339,48.01583288792653,0.8041134288318343,1,-0.7205757311211264,20.43000030517578,0.011386115522248108,16650.656037731416,0
2022-06-08,16356.25,16356.25,16514.30078125,16293.349609375,16474.94921875,243500,-0.0036609606157923524,-0.010077015024738567,0.0035695882927307488,0.013560819424623855,-0.009365953754149899,-0.0020284655719674982,-0.02177672586930568,0.013657589476265625,0.012078747647601551,46.55485742757381,0.8433922726564259,2,-0.31641761902410104,19.84000015258789,-0.028879106401110466,16638.9487351632,1
2022-06-09,16478.099609375,16478.099609375,16492.80078125,16243.849609375,16263.849609375,205000,0.00744972774168895,-0.009014938093877767,-0.005649240542606037,0.015325872737169392,-0.00017053347469005926,-0.0018329432556363136,-0.05140484253308575,0.012597390572181854,0.012116890726375536,49.88428492138389,0.7238189393404421,3,0.418779295895499,19.13999938964844,-0.03528229624777213,16632.555952008344,0
2022-06-10,16201.7998046875,16201.7998046875,16324.7001953125,16172.599609375,16283.9501953125,189700,-0.016767698414100085,-0.02306403999829465,-0.011782269719503408,0.00940483222309725,-0.012350956647173532,-0.004642537496798204,-0.04965416895257091,0.013278794107928617,0.012283558679656394,43.29760820909494,0.6917046490428441,4,-1.3637153310038086,19.57999992370605,0.022988534382899495,16615.445031197105,0
2022-06-13,15774.400390625,15774.400390625,15886.150390625,15684.0,15877.5498046875,225500,-0.026379749115209128,-0.04798865105774541,-0.0200132086502012,0.012888956301007396,-0.028991596108244477,-0.009815580987427717,-0.04370269416388528,0.014660986321727494,0.012684733722402631,35.49105190888734,0.8210599137067851,0,-1.790057027269869,22.3700008392334,0.14249238643506912,16582.053165645157,0
2022-06-14,15732.099609375,15732.099609375,15858.0,15659.4501953125,15674.25,225400,-0.00268160945598539,-0.04168100803660035,-0.006348919017202145,0.012679232170420255,-0.023368381607507444,-0.008675448613649536,-0.009256475513956919,0.013303575726795197,0.012685004417734838,34.82186601246541,0.831335521705455,1,-0.08417363868675383,21.88999938964844,-0.021457372891247828,16548.324022256842,0
2022-06-15,15692.150390625,15692.150390625,15783.650390625,15678.900390625,15729.25,183000,-0.0025393443813560568,-0.04060219239587315,-0.00018113344345352823,0.006680953216759635,-0.017749419024621547,-0.008442606211052096,-0.0068497727573954,0.013304518258128376,0.012527760461603846,34.16666422569027,0.688591210114389,2,-0.06830709837037964,22.149999618530277,0.011877580453692804,16514.363931877615,0
2022-06-16,15360.599609375,15360.599609375,15863.150390625,15335.099609375,15832.25,264700,-0.021128447854290244,-0.06781728636742879,0.008928005779163323,0.03443412789618791,-0.024860660982403075,-0.01424278983035532,-0.039429063527798514,0.01280125404287974,0.012327800538069545,29.248014745656292,1.0053171287504747,3,-1.5435181895780228,22.8700008392334,0.03250569901142497,16468.62047071114,0
2022-06-17,15293.5,15293.5,15400.400390625,15183.400390625,15272.650390625,342600,-0.00436829362663993,-0.05606166078071839,-0.005725637083615027,0.014291923707286727,-0.017793205763444404,-0.01182635870715806,0.003734318431768635,0.010694114363964356,0.012325220345292124,28.358245734911122,1.2792651506665174,4,-0.12622723953334034,22.76000022888184,-0.004809821001967474,16422.05039230179,1
2022-06-20,15350.150390625,15350.150390625,15382.5,15191.099609375,15334.5,260000,0.0037042135956451006,-0.026894841610089926,0.0026808774969758393,0.012599508629834775,-0.008753211632344726,-0.005548108673619417,0.026424047686267937,0.010800891641045236,0.012340249911813601,30.286504621925133,0.9770028558545018,0,0.5936799453251124,22.40999984741211,-0.01537787249341016,16379.588540322082,1
2022-06-21,15638.7998046875,15638.7998046875,15707.25,15419.849609375,15455.9501953125,262800,0.018804337854487096,-0.005930537372894618,0.006892427891267861,0.01863833940703712,0.011104889183141394,-0.0012156207244000145,0.024230457976349373,0.011778974932164319,0.012673377095158637,39.257565048655565,0.9851182666716647,1,1.7255200691336037,21.13999938964844,-0.056671149772913876,16350.254881314133,0
2022-06-22,15413.2998046875,15413.2998046875,15565.400390625,15385.9501953125,15545.650390625,220900,-0.014419265085317434,-0.017770068409750595,-0.0059563019685551465,0.011663250760240437,0.00013171418207518306,-0.003566137931555551,0.020449552917407465,0.012095809761834194,0.012693090515265645,35.42254822808776,0.8315452663278751,2,-1.039870864763208,21.299999237060547,0.00756858335059607,16313.167626547443,1
2022-06-23,15556.650390625,15556.650390625,15628.4501953125,15367.5,15451.5498046875,259200,0.009300447519609234,0.012763224498758774,0.002481623045336949,0.01698065367252318,0.0068716513637862775,0.002543917055196361,0.05070350242936417,0.01210976890149037,0.012798102753916235,39.47061602762941,0.985944959014055,3,0.9244581634641283,20.8799991607666,-0.01971831414731573,16283.233584569301,1
2022-06-24,15699.25,15699.25,15749.25,15619.4501953125,15657.400390625,219600,0.009166472588529428,0.026530879131657192,0.0064763298955870085,0.008310139157552023,0.010792165473415398,0.005216418570986436,0.06647597527998506,0.01199907105239192,0.01287621992178254,43.279604605942524,0.8440634969443056,4,0.9307207598311877,20.549999237060547,-0.015804594682461648,16260.134535660765,1
2022-06-27,15832.0498046875,15832.0498046875,15927.4501953125,15815.5,15926.2001953125,210900,0.008458990377725017,0.031393791057370724,0.01445611703186458,0.007078511290348076,0.013056034918073518,0.006139139309998885,0.08117055450422705,0.01125995947265286,0.012962695179247984,46.64679528920299,0.8169827035193399,0,0.9767415873471145,21.01000022888184,0.022384477318700524,16243.207684596651,1
2022-06-28,15850.2001953125,15850.2001953125,15892.099609375,15710.150390625,15757.4501953125,251900,0.0011464333961117568,0.013517686348388125,-0.004711936249272839,0.011581634435439766,0.011480971686007377,0.002670537210695395,0.05779688303110653,0.011278012419444382,0.012775509174697967,47.10894629643015,1.0576923076923077,1,0.2982524359907111,21.450000762939453,0.020942433568028163,16227.672870844044,0
2022-06-29,15799.099609375,15799.099609375,15861.599609375,15687.7998046875,15701.7001953125,444900,-0.0032239710103227903,0.02503031859343774,-0.00936896683765023,0.011078660287057512,0.0032798713045603745,0.004868074849951727,0.0688275309597206,0.011275119362960996,0.012679309041676535,45.903375815025704,1.7944943027125138,2,-0.09332401042719486,21.899999618530277,0.02097896688042611,16210.737501746515,0
2022-06-30,15780.25,15780.25,15890.0,15728.849609375,15774.5,306000,-0.001193081241402827,0.014373248981011333,-0.001557026032065959,0.010245529369735227,-0.0007547994945576644,0.0028305361052640616,0.06535653019342413,0.01109744798352467,0.012563594426856093,45.44141807375624,1.2170627423684997,3,0.12327581675226477,21.84000015258789,-0.002739701688926899,16193.731591993508,0
2022-07-01,15752.0498046875,15752.0498046875,15793.9501953125,15511.0498046875,15703.7001953125,364100,-0.0017870563085186086,0.003363205547239456,-0.004850988082413143,0.01823863595225556,-0.0032070457763200434,0.0006691884436241735,0.05354626647576721,0.011098988027005739,0.012336479932813628,44.71638346040404,1.4147772532105458,4,0.06568728055405991,21.25,-0.02701465881253573,16176.288491274556,1
2022-07-04,15835.349609375,15835.349609375,15852.349609375,15661.7998046875,15710.5,304300,0.005288188249805481,0.00020842561312073293,-0.002637739545181961,0.012166533033481208,0.002022336089977577,4.1896829027452495e-05,0.044518689757747865,0.011233000360653056,0.01227827281791866,47.3867948656678,1.1663919659626663,0,0.6701012443706579,20.96999931335449,-0.013176502900965281,16162.827701414304,0
2022-07-05,15810.849609375,15810.849609375,16025.75,15785.4501953125,15909.150390625,254200,-0.0015471713984448465,-0.002482655452461624,0.004660508487056562,0.01522286673577781,0.0009705209501097496,-0.0004969967434656861,0.0344013056234046,0.011110981827974566,0.012172297405321775,46.672707242689505,0.9705624069336795,1,0.024574381646442173,20.790000915527344,-0.00858361486509518,16148.934760008808,1
2022-07-06,15989.7998046875,15989.7998046875,16011.349609375,15800.900390625,15818.2001953125,288400,0.011318189707300252,0.012070320463030804,0.0004649077133174102,0.013318811811184118,0.009861272843659405,0.0024122700553602973,0.03447461211377589,0.011479467464701127,0.01209541186924517,52.323964536320595,1.0917832333289168,2,1.0841242382480982,20.270000457763672,-0.025012045929026505,16142.655141321851,1
2022-07-07,16132.900390625,16132.900390625,16150.5,16045.9501953125,16113.75,264600,0.00894949203151052,0.02234757945057897,0.0077518290927046695,0.006515650579424216,0.014380521681516389,0.004410941912126032,0.04329654971615515,0.01154246162140263,0.012126034310403367,56.311096480234326,0.9905104160817564,3,0.8654527771404801,19.200000762939453,-0.052787354250620866,16142.270303851139,1
2022-07-08,16220.599609375,16220.599609375,16275.5,16157.900390625,16273.650390625,281100,0.005436047866567373,0.02974532270384711,0.008724407675745107,0.0072781491735914305,0.013920565037058612,0.005808624529285252,0.028584969847119446,0.010995529088512408,0.012015022452098605,58.59636850933098,1.0345779429896396,4,0.4860937710138275,18.399999618530277,-0.04166672461562437,16145.359767894382,0
2022-07-11,16216.0,16216.0,16248.5498046875,16115.5,16136.150390625,255900,-0.00028356592763323363,0.024038016211504587,-0.0052062945133785924,0.008256014686947349,0.008832266595404613,0.004693419476367474,-0.003956683963435292,0.009015951250040349,0.011972123892950522,58.423758426845794,0.9365907219324733,0,-0.18919064760183202,18.3700008392334,-0.0016303684738486757,16148.145329149982,0
2022-07-12,16058.2998046875,16058.2998046875,16158.75,16031.150390625,16126.2001953125,208600,-0.0097249750439381,0.015650657708221827,-0.005537728458775284,0.007959479280390265,-0.004045029714573388,0.0030519264345400055,-0.005084031456733085,0.009318373559025482,0.012034869000376704,52.69261622079752,0.7658277805312333,1,-1.1597371642927252,18.549999237060547,0.009798496984426919,16144.603214246177,0
2022-07-13,15966.650390625,15966.650390625,16140.0,15950.150390625,16128.2001953125,233300,-0.005707292501522909,-0.0014477613444362492,0.0043529135384927685,0.011902684597042273,-0.009444797257662467,-0.0002883171237809692,-0.01894058375353047,0.009409198891218707,0.011630363439126172,49.64467551443627,0.8486722444525282,2,-0.7041044063277141,18.520000457763672,-0.0016171849342689892,16137.588977773305,0
2022-07-14,15938.650390625,15938.650390625,16070.849609375,15858.2001953125,16018.849609375,228600,-0.0017536552323109689,-0.012040612369545234,0.003269265467267284,0.013409429282230698,-0.00879286669025877,-0.002433196634831535,-0.049672657729102565,0.007867261927280215,0.01162976515293853,48.71751505497991,0.8370713487980374,3,-0.46074536979588776,18.34000015258789,-0.009719238700144017,16129.749133329486,1
2022-07-15,16049.2001953125,16049.2001953125,16066.9501953125,15927.2998046875,16010.7998046875,205800,0.0069359576863876615,-0.010566774237090293,0.004526695315742528,0.008767989071436959,0.0002143892859547513,-0.002150739364523788,-0.05997993638522514,0.007801866815987116,0.01146221734765534,52.49019614064227,0.7729432311130308,4,0.5747746071571825,17.600000381469727,-0.04034895119745929,16126.5754428867,1
2022-07-18,16278.5,16278.5,16287.9501953125,16142.2001953125,16151.400390625,227700,0.014287304158276504,0.0038542180562406436,0.006367930742265254,0.009029128510147214,0.013715050173992889,0.0007788550113326446,-0.056623991326123724,0.008233441429527014,0.01160942886976135,59.1955135179515,0.8604141475211609,0,1.37113582158052,17.15999984741211,-0.025000029802321744,16132.560280198008,1
2022-07-19,16340.5498046875,16340.5498046875,16359.5,16187.0498046875,16187.0498046875,222600,0.003811764271124396,0.017576580549181875,-0.005617851479712504,0.010653590209042373,0.014014502665436405,0.003467764228890801,-0.0272957887351708,0.0073680448077152365,0.011608838303754929,60.80749675636849,0.8475802459734227,1,0.2155103232497037,17.200000762939453,0.0023310557041396063,16140.752255295998,1
2022-07-20,16520.849609375,16520.849609375,16588.0,16490.94921875,16562.80078125,284400,0.01103388850696918,0.03470979856084311,0.013601193302488782,0.005885093693676195,0.018199667153039542,0.006783115933969623,-0.03714696272467166,0.006474683435022478,0.011689023435844634,65.119462433736,1.0699572995240871,2,1.1610474971806566,16.81999969482422,-0.022093084375555128,16155.720395405333,1
2022-07-21,16605.25,16605.25,16626.94921875,16483.900390625,16523.55078125,243600,0.005108719746296009,0.041822839013213375,0.00016350078469736692,0.008678093456956165,0.01506094732103353,0.008069798165788466,-0.025582391743076194,0.006344446515733043,0.011228062678665654,66.9523937190294,0.9191585699462315,3,0.28650767350465606,16.860000610351562,0.0023781757582108654,16173.419856523404,1
2022-07-22,16719.44921875,16719.44921875,16752.25,16610.900390625,16661.25,190900,0.006877295960614926,0.04176214485960861,0.003372427394950392,0.008509448979344678,0.013734953904047963,0.008072736314569187,-0.023221801427634414,0.006253661348375564,0.01125179733212128,69.30291159819205,0.7242308130050458,4,0.5909955125295155,16.649999618530273,-0.012455574390214053,16194.915443071555,0
2022-07-25,16631.0,16631.0,16706.05078125,16564.25,16662.55078125,211400,-0.005290199311757782,0.02165432933009792,-0.0034031287009258257,0.008560652082044162,0.0040800918260328715,0.004216646079521441,-0.02880977387629491,0.006395907107135296,0.011281707212602571,65.42175392903502,0.8019270527094436,0,-1.2124253550298,17.68000030517578,0.061861904519156186,16212.0802238785,0
2022-07-26,16483.849609375,16483.849609375,16636.099609375,16463.30078125,16632.900390625,208200,-0.00884795806776506,0.008769582810878918,0.0001142679709578498,0.010496001404639344,-0.006522996523849804,0.0017232854871926358,-0.031207793263518857,0.006879713642304628,0.010770295296918664,59.45609664294586,0.7963890907699958,1,-1.5714252445248116,18.170000076293945,0.02771491870250231,16222.775818306534,1
2022-07-27,16641.80078125,16641.80078125,16653.44921875,16438.75,16475.349609375,185200,0.0095821774414373,0.0073211229891205765,-0.0005156562454419459,0.013060556231465287,0.0015364976312397629,0.0014675112275496114,-0.04601743380907508,0.006964604249176065,0.010847153932169952,63.32229705301824,0.7454366157499648,2,0.997013018544974,18.1299991607666,-0.0022014813076161044,16239.264411952146,1
2022-07-28,16929.599609375,16929.599609375,16947.650390625,16746.25,16774.849609375,376300,0.017293731123692924,0.019532955503530403,0.007994857640340436,0.01202659643950138,0.014894651561721204,0.0038980109621362872,-0.05330173402135041,0.007615933099295103,0.0103553447512959,69.10350814203275,1.4934910303222735,3,1.7992570433474082,17.010000228881836,-0.06177600572141495,16266.425392714387,1
2022-07-29,17158.25,17158.25,17172.80078125,17018.150390625,17079.5,436100,0.013505953826479233,0.026244930410620704,0.00885433761481226,0.009087379478688483,0.023218577247165795,0.005183829403821445,-0.06302600338835962,0.007814876437883691,0.009751943182482629,72.77507171530179,1.7064485835028955,4,1.17254018258589,16.549999237060547,-0.027042973876051923,16301.509375377382,1
2022-08-01,17340.05078125,17340.05078125,17356.25,17154.80078125,17243.19921875,381500,0.010595531668439406,0.04263428424328053,0.004950925575160637,0.01174302291928576,0.025388680962125147,0.008264837978814728,-0.05238737356616707,0.007938022654596151,0.009822855582893178,75.28946133847751,1.4705882352941178,0,0.7555356014144925,17.489999771118164,0.05679761796923022,16342.36007142176,1
2022-08-02,17345.44921875,17345.44921875,17390.150390625,17215.849609375,17310.150390625,333600,0.000311327663805816,0.0522693199581834,-0.001724354271057363,0.010124436795444787,0.015361393114973773,0.009937682654386054,-0.04479058809793157,0.007873598789140698,0.009773954138813832,75.36222663494988,1.2665628915296707,1,-0.5520859686135131,18.530000686645508,0.059462603152501625,16381.811569583213,1
2022-08-03,17388.150390625,17388.150390625,17407.5,17225.849609375,17349.25,285400,0.002461808358865669,0.04484788750841773,0.0002191226760441263,0.010545220975697973,0.009044085271554043,0.00860571092696991,-0.042604776253361454,0.007728510451369223,0.009712318217241512,75.96511992379102,1.0841817352985867,2,-0.22795173209772226,18.450000762939453,-0.004317318982276719,16421.38635339853,0
2022-08-04,17382.0,17382.0,17490.69921875,17161.25,17463.099609375,325000,-0.0003537116074355806,0.02672245068185064,0.004310361773176843,0.019197274018500982,0.003418615349725618,0.005203548168860141,-0.05070315656363045,0.007708446016114148,0.00965795182947384,75.67787292510835,1.2206114324344626,3,-0.5324063716234123,19.26000022888184,0.0439024082627375,16459.158823390728,1
2022-08-05,17397.5,17397.5,17474.400390625,17348.75,17423.650390625,355300,0.0008917270739845495,0.013943729692713402,0.0023961794169255553,0.007242619244902371,0.0015468593686096786,0.00275284777355877,-0.058612181862170765,0.007722634299643926,0.009554718474957044,75.9249441999505,1.3160721561654998,4,-0.3413340325001821,18.920000076293945,-0.017653174898619062,16496.051621137074,1
2022-08-08,17525.099609375,17525.099609375,17548.80078125,17359.75,17401.5,257000,0.007334364671648164,0.010671758143009358,0.00022991809167983906,0.010890178790017137,0.006747598564728648,0.0021273036715045266,-0.07005712748692394,0.007713315766991893,0.009260498638453633,77.91397115230569,0.9517637255809647,0,0.44150262187026207,19.299999237060547,0.020084522158259732,16536.50664196663,1
2022-08-10,17534.75,17534.75,17566.099609375,17442.80078125,17566.099609375,312700,0.0005506610997998429,0.010913570404701423,0.002339501681238215,0.007068751725785867,0.005115932475423462,0.002160339004849225,-0.08102955017905522,0.007070089706063832,0.00922509963649559,78.06159571786128,1.136140682338408,2,-0.5465868476649653,19.59000015258789,0.015025954766385352,16575.746817863153,1
2022-08-11,17659.0,17659.0,17719.30078125,17631.94921875,17711.650390625,311200,0.007085929368824795,0.01557667740906088,0.01008856075079485,0.00495416368413252,0.009104747623029943,0.0030892896605312307,-0.09041609928308003,0.006673632752641906,0.009235638473585897,79.92235406785514,1.1149126735333632,3,0.300545488475802,18.36000061035156,-0.06278711243776303,16618.32468151655,1
2022-08-12,17698.150390625,17698.150390625,17724.650390625,17597.849609375,17659.650390625,303900,0.0022170219505635025,0.018188378243297665,3.68305467467014e-05,0.007205470217363871,0.007700914463158051,0.00358061487768285,-0.09220365350833193,0.006518205406292158,0.009208245130629952,80.48404716480188,1.0742691505532185,4,-0.46619204168321793,17.610000610351562,-0.04084967184462607,16660.764012635842,1
2022-08-16,17825.25,17825.25,17839.099609375,17764.05078125,17797.19921875,0,0.007181519343531395,0.024586865929012713,0.005596563818186774,0.004224758702233289,0.01001787692403578,0.004833838458357576,-0.08607595733156526,0.006521733082635097,0.0092281118461883,82.22281678382676,0.0,1,0.28994282739826566,17.68000030517578,0.003974996729021685,16706.52671282206,1
2022-08-17,17944.25,17944.25,17965.94921875,17833.349609375,17868.150390625,262800,0.006675923198833145,0.023917147403874184,0.002406720277415464,0.007435485328302672,0.01195390107426122,0.004702883725333446,-0.07841107694112082,0.006187306623125138,0.009250828183863503,83.68817023887529,0.9578830347542417,2,0.2856073444539388,17.68000030517578,0.0,16755.163504359494,1
2022-08-18,17956.5,17956.5,17968.44921875,17852.05078125,17898.650390625,263900,0.0006826699360520383,0.024052239125165853,-0.002541182238042827,0.006520171767730642,0.007850526236537345,0.004700670131100411,-0.07483979416792108,0.006254653914773681,0.00911795240273842,83.83587869401654,0.9547066058895883,3,-0.6467359892976641,17.350000381469727,-0.018665153733591677,16802.366702335607,0
2022-08-19,17758.44921875,17758.44921875,17992.19921875,17710.75,17966.55078125,295600,-0.011029475746944017,0.005631644982728279,0.00055972941553198,0.0158914342277995,-0.004377014320447755,0.0011076681842229427,-0.06927973298131462,0.006994774637353924,0.009267887274166596,72.41825134907276,1.067225070402195,4,-2.0919093401355093,18.290000915527344,0.05417870394179136,16839.930447379902,0
2022-08-22,17490.69921875,17490.69921875,17690.05078125,17467.349609375,17682.900390625,287600,-0.0150773300473388,-0.011721630074117306,-0.004254246933073011,0.012749568586837743,-0.01710199275271642,-0.0023363658540179926,-0.06504508011250876,0.008144813279870858,0.009528347182067543,60.4350597719019,1.0301597535640088,0,-2.172637444494768,19.040000915527344,0.04100601216281441,16865.496770521768,1
2022-08-23,17577.5,17577.5,17625.55078125,17345.19921875,17357.349609375,285600,0.00496268217550444,-0.013898823298410967,-0.0076240296461132576,0.016163063852097044,-0.009466055043771229,-0.002832934200073703,-0.06521934050107947,0.008103479063880507,0.009175765305774743,62.595899339079786,1.0059348748745223,1,0.29913459998387354,19.049999237060547,0.0005251219040147692,16893.46679521448,1
2022-08-24,17604.94921875,17604.94921875,17623.650390625,17499.25,17525.44921875,262000,0.001561611079505143,-0.018908607562311053,-0.002961216398805291,0.0071088984170750175,-0.004110865287689556,-0.0038606261555966847,-0.07747088395879964,0.007898198740404663,0.008212760479003135,63.27889630303848,0.9146607551187838,2,-0.1667124161707675,18.43000030517578,-0.0325458769929291,16921.41446375907,0
2022-08-25,17522.44921875,17522.44921875,17726.5,17487.44921875,17679.0,230200,-0.004686182219266755,-0.024172348801269727,0.004206247932321943,0.013669848487319142,-0.003886129102572958,-0.004931008614187958,-0.08717945175277375,0.0076213124329959255,0.008242040817156116,59.7476421881121,0.8005703455111374,3,-1.0189486178236535,19.56999969482422,0.061855635961562516,16945.022109198973,1
2022-08-26,17558.900390625,17558.900390625,17685.849609375,17519.349609375,17619.30078125,266600,0.002080255529346653,-0.011236838626331735,0.005527284530313458,0.009503777463913506,0.0004558616041383443,-0.0022776362554554177,-0.06634503403318215,0.007468415191700814,0.008214145116327789,60.78881372464279,0.9142190902388423,4,-0.08454587647296538,18.21999931335449,-0.06898315802359323,16969.132716455464,0
2022-08-29,17312.900390625,17312.900390625,17380.150390625,17166.19921875,17188.650390625,244900,-0.014009988924553851,-0.01016533563932076,-0.0210861723549433,0.01246351444187535,-0.011557837582993656,-0.0020251704169348354,-0.03280620075687146,0.007552166928579895,0.007844854675224682,51.16938175782912,0.8591625883632409,0,-2.010509390024173,19.81999969482422,0.08781561151305839,16982.633680377552,1
2022-08-30,17759.30078125,17759.30078125,17777.650390625,17401.5,17414.94921875,324700,0.02578426378902554,0.010342812188877781,0.005894380827158216,0.02161597509553774,0.011827958616544225,0.002100177060435806,-0.024687029505350955,0.008937101371618841,0.008432047344417078,62.70316693234728,1.1618212720279095,1,2.6800789559303126,18.700000762939453,-0.056508524174056385,17013.134361458153,0
2022-09-01,17542.80078125,17542.80078125,17695.599609375,17468.44921875,17485.69921875,308500,-0.012190795272107646,-0.0035301685183964926,-0.01540609992871253,0.013003466294030555,0.00020128937447774867,-0.0006998973469227502,-0.015222752499709613,0.009203659764210967,0.008702568064911232,55.81718916965078,1.1184627934378681,3,-1.388753104139881,19.8700008392334,0.06256684644701771,17033.933863690287,0
2022-09-02,17539.44921875,17539.44921875,17643.849609375,17476.44921875,17598.400390625,256300,-0.0001910505934481499,0.0009701840072566803,0.0031693690231280325,0.009578627130126681,-0.00018361479139828333,0.0001938116975957332,-0.010214305800611223,0.009205120629261775,0.008399954132520478,55.71518361748898,0.9424180026474481,4,-0.08535868727823888,19.549999237060547,-0.0161047603752994,17053.783916856606,1
2022-09-05,17665.80078125,17665.80078125,17683.150390625,17540.349609375,17546.44921875,230300,0.007203850071011875,0.006088102799539641,0.0003991003316407946,0.00814127337425906,0.005793105141585616,0.0012189708957421083,-0.009879690461249035,0.009316275008696567,0.008067300239765752,58.773945039474135,0.8554818818372616,0,0.6821613132135663,19.65999984741211,0.005626629905081337,17077.814728697085,0
2022-09-06,17655.599609375,17655.599609375,17764.650390625,17587.650390625,17695.69921875,251200,-0.0005774531254664206,0.019794442930866296,0.0016924473376680091,0.010063879828675062,0.0013049344817838693,0.0038798039556034968,0.004054044278524849,0.009317858384309121,0.008024635413731374,58.42308864174511,0.9460859085174096,1,-0.1498918516273021,19.520000457763672,-0.007121026995677515,17100.500305808266,0
2022-09-07,17624.400390625,17624.400390625,17650.75,17484.30078125,17519.400390625,354100,-0.0017671004916441913,-0.007596041774765472,-0.007714222216371466,0.009519924235603324,0.0010672867459994694,-0.0015281315119239328,-0.020638167978242916,0.009335166849632232,0.007989772859075851,57.29653658164283,1.333936072027274,2,-0.26252942950454133,19.3700008392334,-0.007684406506794583,17121.069229783425,1
2022-09-08,17798.75,17798.75,17807.650390625,17691.94921875,17748.150390625,279800,0.009892512965589573,0.014589986054197368,0.007021515470439874,0.006539763959551694,0.008039395586969368,0.002904487109656684,-0.0010247834321119864,0.009446956450725776,0.008014429349267037,61.736811437203926,1.049532061741593,3,0.958282587046821,18.309999465942383,-0.05472386821708408,17147.674551747983,1
2022-09-09,17833.349609375,17833.349609375,17925.94921875,17786.0,17923.349609375,270300,0.0019439347917691308,0.016756534766828146,0.007000469660790786,0.00786850437141572,0.006647794242731035,0.0033024834960320654,-0.00027248528620948953,0.009450342077517566,0.008012795126744118,62.56860895841156,1.02202476604594,4,0.11155670950223773,17.719999313354492,-0.032222838328604175,17174.59254846942,1
2022-09-12,17936.349609375,17936.349609375,17980.55078125,17889.150390625,17890.849609375,228200,0.005775695663245095,0.015314835227404622,0.003224296122685344,0.005109263918587176,0.009378878702467588,0.0030341896957234,-0.00039101501185023757,0.009409664629580398,0.007985674242647359,65.00734119156002,0.8765965619898204,0,0.5252135464096065,17.940000534057617,0.012415419256665672,17204.496091339435,1
2022-09-13,18070.05078125,18070.05078125,18088.30078125,18015.44921875,18044.44921875,259900,0.007454201929980142,0.02347420541044265,0.006026845580580026,0.0040438382421337585,0.012181471931413975,0.004621354744985359,0.0024606880418704957,0.009522999632553803,0.00799652002410069,67.92834544609471,1.0068765133171913,1,0.6674203785337116,17.469999313354492,-0.02619850650566402,17238.472944904704,0
2022-09-14,18003.75,18003.75,18091.55078125,17771.150390625,17771.150390625,365900,-0.0036690976717561608,0.021524114350964796,-0.016541203687991158,0.018029243103700486,0.004200028446407764,0.004198655709021334,0.01151022955271519,0.009464692207417755,0.008022598110120054,65.02944430250267,1.3237102959264886,2,-0.4436944057559558,18.280000686645508,0.04636527791227962,17268.512293601772,0
2022-09-15,17877.400390625,17877.400390625,18096.150390625,17861.5,18046.349609375,289600,-0.007017960667916379,0.0044188715850832505,0.002366152016940915,0.013137216394199815,-0.003721523480552164,0.0008737112059986291,0.008144277181583504,0.009491332938206502,0.008129457920113627,59.792599038787905,1.042626728110599,3,-0.7223349735561811,18.38999938964844,0.006017434292729051,17292.412031594762,0
2022-09-16,17530.849609375,17530.849609375,17820.05078125,17497.25,17796.80078125,468500,-0.019384853148544656,-0.01696260134108374,-0.004508463625240885,0.018448658003400533,-0.019729187013447783,-0.0033841609338081677,0.006741928529715113,0.010428367182559748,0.008689741653618304,48.30285910182971,1.6267925969651724,4,-1.747206606372653,19.81999969482422,0.07775967116022375,17301.770716538784,1
2022-09-19,17622.25,17622.25,17667.19921875,17429.69921875,17540.650390625,258300,0.0052136885924867205,-0.017511902712401772,0.0005590591139837752,0.013626167440945244,-0.011144813129592156,-0.0035833928916601684,-0.009842358087627012,0.010249813692382441,0.008600806351410022,50.978426336162904,0.9027522935779817,0,0.5408444614236156,19.940000534057617,0.006054532849702143,17314.349109737224,1
2022-09-20,17816.25,17816.25,17919.30078125,17744.400390625,17770.400390625,263100,0.011008809885230342,-0.014045382844930954,0.00840700765367646,0.009856652621376043,0.002597059104901011,-0.0028804582984580393,-0.03265817683209238,0.009923776834164743,0.008639253811098504,56.16423293112914,0.9234819234819235,1,1.0100509716518102,18.799999237060547,-0.057171578057379824,17334.04741380345,0
2022-09-21,17718.349609375,17718.349609375,17838.69921875,17663.599609375,17766.349609375,245500,-0.005495005437451739,-0.015852274699715285,-0.002800835788956711,0.009913019613627646,0.00030089095611638,-0.0032038211253771136,-0.02386533738638852,0.009975814895794334,0.008688695273284926,53.11086047989574,0.8678131462203291,2,-0.5945425848931624,19.32999992370605,0.02819152702946459,17349.129796788082,0
2022-09-22,17629.80078125,17629.80078125,17722.75,17532.44921875,17609.650390625,284100,-0.004997577656902563,-0.01384986653343867,-0.006134838805330147,0.010854204046202721,-0.0019078449203159056,-0.002794838287240756,-0.015261490173541614,0.010043517285415436,0.008737030449702768,50.43984286144648,1.0003521126760564,3,-0.5084450012954178,18.81999969482422,-0.02638387123097574,17360.144717752024,0
2022-09-23,17327.349609375,17327.349609375,17642.150390625,17291.650390625,17593.849609375,390800,-0.017155677232420508,-0.011608108251135452,-0.002039227346983723,0.020269898597419615,-0.016765235412363487,-0.002308591033160557,-0.00047384231950797773,0.010730642789386935,0.008999368806054621,42.56559225735027,1.3382186761634078,4,-1.5504690780500452,20.59000015258789,0.09404891001408733,17358.85771277773,0
2022-09-26,17016.30078125,17016.30078125,17196.400390625,16978.30078125,17156.30078125,492000,-0.017951321762256445,-0.03438546262537412,-0.00987160944870955,0.01284578546375256,-0.027729412932140526,-0.006994136234454952,-0.0034837775936221727,0.011398532795389235,0.009366072031577069,36.29091482133114,1.62215628090999,0,-1.442628300928623,21.88999938964844,0.06313740784004596,17345.414851984846,0
2022-09-27,17007.400390625,17007.400390625,17176.44921875,16942.349609375,17110.900390625,359900,-0.0005230508522044985,-0.04539954307865013,0.005559352211218425,0.013817422894252026,-0.019172024612485197,-0.00950676201335451,-0.027753741791337827,0.01101011236786665,0.009359560174413344,36.126807675264146,1.1645364827697784,1,0.028071335964802286,21.56999969482422,-0.014618533748134599,17332.15060840121,0
2022-09-28,16858.599609375,16858.599609375,17037.599609375,16820.400390625,16870.55078125,323900,-0.00874917846539458,-0.048523142332912106,-0.008046474254256735,0.012912844742450835,-0.018015645532303882,-0.01011030469387792,0.002194010496998078,0.0092131653575316,0.009430456595363975,33.40694390643168,1.0481861428432737,2,-0.6747767200015157,22.100000381469727,0.024571195834216075,17313.568170468563,0
2022-09-29,16818.099609375,16818.099609375,17026.05078125,16788.599609375,16993.599609375,340000,-0.0024023347691036756,-0.04604142621613039,0.008007782563679075,0.014143596094959807,-0.01102289491518941,-0.0096295207274942,-0.004730966107071244,0.008928264348967667,0.009246539891149319,32.685655000586564,1.0947083729091875,3,-0.037446478376097055,21.299999237060547,-0.036199146181009056,17294.12615855693,1
2022-09-30,17094.349609375,17094.349609375,17187.099609375,16747.69921875,16798.05078125,376100,0.01642575596626905,-0.013446949778974537,-0.001192098310193387,0.026236462984304515,0.007983961823992598,-0.0027708243548529147,0.01193010760884694,0.009829927720550635,0.009498639415833366,41.90029510797972,1.1880281134012478,4,1.8017592936687898,19.96999931335449,-0.0624413132086854,17286.28718493175,0
2022-10-03,16887.349609375,16887.349609375,17114.650390625,16855.55078125,17102.099609375,278400,-0.012109264448790458,-0.007578096645840304,0.0004533661810537496,0.015371767599740535,-0.002705351918015793,-0.0015086993634934912,0.03648733698574613,0.009905654564264248,0.009561876655834732,37.73221725702813,0.872781992601417,0,-1.0025830914637754,21.3700008392334,0.07010523655565137,17270.633750365803,1
2022-10-04,17274.30078125,17274.30078125,17287.30078125,17117.30078125,17147.44921875,226000,0.02291367093271912,0.01569319146341286,0.015402038531292435,0.009931472384139859,0.01694052703769906,0.003160950614498166,0.0372896728382246,0.01136696441366516,0.0100465792070273,48.12132240394959,0.7113181417600403,1,2.1063139559274924,19.56999969482422,-0.08423027953768436,17270.77763342402,1
2022-10-06,17331.80078125,17331.80078125,17428.80078125,17315.650390625,17379.25,265500,0.0033286441360573793,0.028068830320393534,0.006075453940452094,0.006534573525823877,0.01467232954507392,0.0054786723684771615,0.04467079140218122,0.011407950306930556,0.010015449612910884,49.470460610841364,0.847457627118644,3,0.35973864361988517,19.31999969482422,-0.012774655283521508,17273.17194392493,0
2022-10-07,17314.650390625,17314.650390625,17337.349609375,17216.94921875,17287.19921875,216300,-0.0009895331040011834,0.029524785367141204,-0.002573394597764541,0.006993131541207009,0.007808866593432253,0.005729938712279558,0.05672330264363534,0.01112786187701262,0.009981020634061614,49.0606420475194,0.6974831917192009,4,0.029610186917088048,18.809999465942383,-0.026397527791807596,17274.799363297145,0
2022-10-10,17241.0,17241.0,17280.150390625,17064.69921875,17094.349609375,234000,-0.00425364584114718,0.008578880973896474,-0.01272337449962499,0.012625547577086562,0.0018117381200867782,0.0016939457316955554,0.04179471660488765,0.01111689410708077,0.00991054290598711,47.25039905509729,0.7590009730781706,0,-0.23607600671318443,19.6200008392334,0.04306227518813133,17273.47326109149,0
2022-10-11,16983.55078125,16983.55078125,17261.80078125,16950.30078125,17256.05078125,282600,-0.014932383199930399,0.005696641219625986,0.0008729645177193899,0.01837725501275904,-0.014249747683980974,0.0011159581448291862,0.05881775275432699,0.01135408465649183,0.010081507094074052,41.48772011437994,0.9086232396630441,1,-1.0804981986254054,20.489999771118164,0.044342451308414965,17262.098502604702,1
2022-10-12,17123.599609375,17123.599609375,17142.349609375,16960.05078125,17025.55078125,256000,0.008246145339619648,-0.008724009948846922,0.0024729810945287364,0.010748719474739928,-0.0043793855519091065,-0.0017746721379534225,0.043652775447742265,0.011392371374400608,0.00985541481433933,45.38954121326965,0.8236145741172686,2,0.9542068612774477,20.18000030517578,-0.015129305485856781,17256.66476411788,0
2022-10-13,17014.349609375,17014.349609375,17112.349609375,16956.94921875,17087.349609375,266400,-0.006380083772817624,-0.01831611013083112,-0.0021169614349166098,0.00916440738368004,-0.00706608869447457,-0.003707762142501845,0.03663912922902446,0.011421037251198493,0.009711657367084832,42.981685681837334,0.8710152035311427,3,-0.3169246253752617,20.290000915527344,0.005450971689200168,17247.158159069175,1
2022-10-14,17185.69921875,17185.69921875,17348.55078125,17169.75,17322.30078125,227000,0.010070888003887335,-0.0074475180824222775,0.018099497127137744,0.010413709066818096,0.004445410639533979,-0.001515793137387321,0.031243855202349735,0.011722810716083913,0.009700243329325875,47.67054498693675,0.7498678646934461,4,1.0217543370987345,18.26000022888184,-0.10004931468938494,17244.747017645033,1
2022-10-17,17311.80078125,17311.80078125,17328.55078125,17098.55078125,17144.80078125,212200,0.007337586960815656,0.0041065356562843824,-0.0023797947921361763,0.013451432401640399,0.01097891713579934,0.000823949963848485,0.016601584841342665,0.011124343618207572,0.009757797206006356,50.87239132256325,0.7319639192149152,0,0.7102773812731502,18.420000076293945,0.008762313549100398,17247.377611503227,1
2022-10-18,17486.94921875,17486.94921875,17527.80078125,17434.05078125,17438.75,239500,0.010117285874136073,0.02964035283220956,0.0073331030292062786,0.005377407762332916,0.015238168932352589,0.0058156680967033645,0.03731819086367549,0.011310209684738576,0.009856352816792143,54.99163942555327,0.8288200993199869,1,0.9224877651518049,17.450000762939453,-0.05266011451340091,17256.776127588888,1
2022-10-19,17512.25,17512.25,17607.599609375,17472.849609375,17568.150390625,210500,0.0014468379208691928,0.022696769341197243,0.0046435299181822876,0.007711964734573137,0.012139503405645602,0.004445033673549934,0.03975984378166597,0.011004481846184829,0.009857897897264909,55.57116103837103,0.7351528803674018,2,0.20425251557731913,17.489999771118164,0.0022922066722004253,17266.798349074354,1
2022-10-20,17563.94921875,17563.94921875,17584.150390625,17421.0,17423.099609375,249600,0.0029521745492440132,0.032302122737161154,-0.005090744514554098,0.009365156456288387,0.008719182200841809,0.0062767446715870315,0.04101627467732294,0.010978882152172879,0.009865344323947273,56.79533138026369,0.8710825713687443,3,0.3033451046005546,17.229999542236328,-0.014865650788125406,17278.455390129508,1
2022-10-21,17576.30078125,17576.30078125,17670.150390625,17520.75,17622.849609375,277700,0.0007032337856462956,0.02272829039588009,0.0033534821748472266,0.008527054528202275,0.004919928603078858,0.004447764652872241,0.02576292480064879,0.010927855645209941,0.00981217718206893,57.099463449388814,0.9702326881419887,4,0.07302869174960679,17.280000686645508,0.0029019817607429665,17290.13951695422,1
2022-10-24,17730.75,17730.75,17777.55078125,17707.400390625,17736.349609375,45000,0.008787356376761757,0.024200210252173893,0.009105944994736121,0.003961642538005771,0.008917139009772496,0.004767205841139556,0.0009190737991562337,0.010311003226614967,0.009888771910811897,60.81404949352428,0.16732978842077864,0,0.7346841126801074,17.420000076293945,0.008101816208643697,17307.423924375555,0
2022-10-25,17656.349609375,17656.349609375,17811.5,17637.0,17808.30078125,251400,-0.004196122026705051,0.009687246672127614,0.004373801517138305,0.009893972897885128,0.002750449099886803,0.001910809081680091,-0.027926617607367143,0.009369277384162114,0.009858072582102697,58.19982107403723,0.9785908913974309,1,-0.6475447742245463,16.8799991607666,-0.03099890431471386,17321.11151865803,1
2022-10-27,17736.94921875,17736.94921875,17783.900390625,17654.5,17771.400390625,324600,0.004564907874966551,0.012830973675570068,0.006516113681217064,0.0073295981548613665,0.004763503151412718,0.00254525112745484,-0.030064989926671615,0.009370490647282638,0.009874355614957121,60.19604054873204,1.2722676230231054,3,0.2575764485153577,16.600000381469727,-0.01658760623327893,17337.42372754263,1
2022-10-28,17786.80078125,17786.80078125,17838.900390625,17723.69921875,17756.400390625,250000,0.002810605244745412,0.012688009952915413,0.001096646984501589,0.006499837898012174,0.005049925482427451,0.002512851108176148,-0.04237001345247049,0.009013295951017339,0.009829480638321517,61.42316130968891,0.9942729875914731,4,0.009789828584224013,15.920000076293944,-0.04096387286441605,17355.051390704928,1
2022-10-31,18012.19921875,18012.19921875,18022.80078125,17899.900390625,17910.19921875,227200,0.012672230395564199,0.02480035150314497,0.006937640951715205,0.006865981817941768,0.012796988864208759,0.0049013697613289,-0.0462005128697458,0.009190127687729277,0.009947233168598081,66.45821402233202,0.9243287225386493,0,0.9975662908828493,15.800000190734863,-0.0075376812175880215,17380.82896593026,1
2022-11-01,18145.400390625,18145.400390625,18175.80078125,18060.150390625,18130.69921875,349900,0.007395053222392978,0.023385947612199143,0.0065788746038654795,0.006403622789599469,0.015551136267492017,0.00460410620146124,-0.03809932707023611,0.008738270340354593,0.010000346666331176,69.03068680559228,1.4311423780113706,1,0.4988912286584956,16.1299991607666,0.020886010509370223,17410.82006454174,0
2022-11-02,18082.849609375,18082.849609375,18178.75,18048.650390625,18177.900390625,270900,-0.003447197631545107,0.024155615936237496,0.001791087509801737,0.007208273558369636,0.007241738173822169,0.004700915833418058,-0.046637020424906916,0.008138221860867156,0.009881848437794022,66.45323754007165,1.1097228765131188,2,-0.845375776354145,16.65999984741211,0.03285807279734043,17437.18084040021,0
2022-11-03,18052.69921875,18052.69921875,18106.30078125,17959.19921875,17968.349609375,213000,-0.0016673473084335422,0.017801821277484198,-0.006331966613306224,0.008190875367450744,0.0020375996722008334,0.0034922593155484478,-0.02725924645296174,0.00682373690201923,0.009629280216090727,65.18974665697283,0.8748690776908385,3,-0.5708225901991096,15.9399995803833,-0.043217303338730195,17461.324690841568,1
2022-11-04,18117.150390625,18117.150390625,18135.099609375,18017.150390625,18053.400390625,267900,0.003570168155688336,0.018572739046093023,3.884027903548876e-05,0.006546496876186004,0.0019406320659723709,0.0036598361870659145,-0.026739898647308857,0.006826026813033718,0.009618581804457094,66.64950450075435,1.0998214175749739,4,0.19478131946642488,15.65999984741211,-0.017565855730371283,17487.04935973907,1
2022-11-07,18202.80078125,18202.80078125,18255.5,18064.75,18211.75,314800,0.004727586225111935,0.010581804042095522,0.005221550151946193,0.010559238295575637,0.004559596139154413,0.0021041009031820598,-0.04071293021981526,0.00680420122229354,0.00963532195142966,68.53770146162935,1.266749828980725,0,0.3235224911486826,15.59000015258789,-0.004469967784564655,17515.12434901483,0
2022-11-09,18157.0,18157.0,18296.400390625,18117.5,18288.25,307200,-0.002516139235956394,0.0006392589375427971,0.004694289619321546,0.009874452359597075,0.0019037108566698855,0.0001274486219390544,-0.052489909904171794,0.006723678314936422,0.00961547559131809,66.37364352551384,1.2182258000555182,2,-0.7628623599989689,15.920000076293944,0.021167409908669832,17540.30137655242,0
2022-11-10,18028.19921875,18028.19921875,18103.099609375,17969.400390625,18044.349609375,256500,-0.007093725904609771,-0.003022222260625762,-0.006204240272346753,0.007440382864402842,-0.004603173743889922,-0.0006019759941068758,-0.0645316469360182,0.005799759144299112,0.009676573913093086,60.58064356832417,1.0224622805094374,3,-1.7369550109451728,15.56999969482422,-0.02198494847942245,17559.438593254577,1
2022-11-11,18349.69921875,18349.69921875,18362.30078125,18259.349609375,18272.349609375,378500,0.017833173247033374,0.016451833401817773,0.013542694290346786,0.005638271574697338,0.009835980007860706,0.0032948382297783574,-0.05515107938199448,0.006582024255949507,0.009739257782872093,68.0715289534781,1.4728199540838165,4,2.170861193104924,14.40999984741211,-0.07450223957279323,17590.43538098021,0
2022-11-14,18329.150390625,18329.150390625,18399.44921875,18311.400390625,18376.400390625,301400,-0.0011198455015547504,0.011701619483696746,0.0014551285858525865,0.0048084158637085395,0.006356894371916435,0.0023106645779063504,-0.06557437468804261,0.006264008054141792,0.009089893365339613,67.19263583068613,1.1648759372342892,0,-0.773367782226203,14.90999984741211,0.03469812666859906,17619.41014283338,1
2022-11-15,18403.400390625,18403.400390625,18427.94921875,18282.0,18362.75,250900,0.004050924260950772,0.011020260661295023,0.0018331242124668004,0.007983219491849908,0.008212706072002333,0.0021888587861399883,-0.05983523124365231,0.006087780808886592,0.008908440882855717,68.76208302788037,0.9652413103275819,1,0.09882493363923642,14.640000343322754,-0.01810861883651993,17650.16051326492,1
2022-11-16,18409.650390625,18409.650390625,18442.150390625,18344.150390625,18398.25,219300,0.0003396111515991951,0.01391476513878942,-0.0002798608146146565,0.005342302473167909,0.00577088908342824,0.0027456924835878678,-0.049501491970872724,0.006052931827266413,0.008907360277978067,68.89696267270585,0.8425218026047869,2,-0.453255541126292,15.100000381469728,0.03142076689614148,17679.949693271697,0
2022-11-17,18343.900390625,18343.900390625,18417.599609375,18312.94921875,18358.69921875,200500,-0.00357149639481924,0.017511520038377304,-0.0027676338656027148,0.0057145569167991826,-0.0012663778955009078,0.00342973565685719,-0.03149366440832724,0.005991992921749417,0.008884185472995881,65.6838682244189,0.7761090036386158,3,-0.9938267560131742,14.880000114440918,-0.014569553739799068,17705.991396215653,0
2022-11-18,18307.650390625,18307.650390625,18394.599609375,18209.80078125,18382.94921875,198800,-0.00197613371355454,-0.002291526832332691,0.0021287091236581643,0.010148316851180544,-0.0027834138442283662,-0.0004584502448181318,-0.04771118396519691,0.006068870533151963,0.008890672502273777,63.91409747403061,0.7712750480107079,4,-0.6915741934373552,14.390000343322754,-0.03293009189177509,17729.58971540932,0
2022-11-21,18159.94921875,18159.94921875,18262.30078125,18133.349609375,18246.400390625,213800,-0.008067729540576885,-0.009231261038784577,-0.0033455958953293626,0.007111271477848297,-0.009002005253692198,-0.001848420395460877,-0.04316440401119492,0.0064876062175710835,0.008971646102741083,57.1566083484132,0.8352704471314437,0,-1.497992482315349,14.800000190734863,0.028491997055605234,17746.469203717545,1
2022-11-22,18244.19921875,18244.19921875,18261.849609375,18137.69921875,18179.150390625,177700,0.00463933015368867,-0.0086506389306239,0.0010573362096836121,0.00684488088195103,-0.002671541919082782,-0.0017533217737263143,-0.04665058248032128,0.006516178537468889,0.008891928754762178,59.7694625757888,0.7080668619130157,1,0.420762484885241,13.84000015258789,-0.06486486660641766,17765.990966960446,1
2022-11-23,18267.25,18267.25,18325.400390625,18246.0,18325.19921875,178800,0.0012634580983039712,-0.0077350947792858005,0.004439767348996845,0.0043516601241367974,0.0001456455509133858,-0.0015610484068674167,-0.03799326208749321,0.0063117241413102885,0.008890190342893055,60.479617173155304,0.6939512138324504,2,-0.038992625831483906,14.039999961853027,0.014450853111279693,17785.651027811644,1
2022-11-24,18484.099609375,18484.099609375,18529.69921875,18294.25,18326.099609375,204000,0.011870949889830174,0.007642824904438017,0.003221591064610163,0.012870121417931864,0.010467052859318387,0.0015349789240307506,-0.0392383265403935,0.006561369596530768,0.009003736625538591,66.47507745294791,0.7991068805452729,3,1.4504145453928692,13.479999542236328,-0.03988606988164045,17813.044975461624,1
2022-11-25,18512.75,18512.75,18534.900390625,18445.099609375,18528.44921875,205900,0.0015500019600884762,0.011202945489937166,0.002399338367150229,0.004868544120214856,0.009768943687754177,0.0022192004339877903,-0.03253630028914478,0.006541181634711049,0.00895102655631836,67.1834327152427,0.8257469420493283,4,-0.09333727176278847,13.329999923706056,-0.011127568518105924,17840.48805264354,1
2022-11-28,18562.75,18562.75,18614.25,18365.599609375,18430.55078125,206500,0.0027008413120686026,0.022180721784954782,-0.004440140916395457,0.013538920368168792,0.00806660922546288,0.004351603962134284,-0.021444280164129248,0.006540640667576358,0.008935943942309323,68.43682818576376,0.8354404773945585,0,0.08268596531570377,13.56999969482422,0.018004484057899228,17868.815684811983,1
2022-11-29,18618.05078125,18618.05078125,18678.099609375,18552.150390625,18552.44921875,195300,0.00297912654375021,0.020491530377271028,-0.0005549167687977267,0.006788928296616558,0.006980953117998482,0.004027976054194596,-0.013144093742927021,0.006067766999291694,0.008872905109480269,69.81023938831139,0.7952602003420474,1,0.2143736315164467,13.619999885559082,0.0036846125172671496,17898.201075394878,1
2022-11-30,18758.349609375,18758.349609375,18816.05078125,18616.55078125,18625.69921875,345600,0.007535634625419174,0.026884156584871866,0.00041080763984716615,0.010716270825040806,0.009207928540877553,0.00527552121481564,-0.006895710795000731,0.006074758874193901,0.008417936202300807,73.01799731862553,1.4085138467181546,2,0.9599867745391091,13.8100004196167,0.013950112749932408,17931.936385657264,1
2022-12-01,18812.5,18812.5,18887.599609375,18778.19921875,18871.94921875,325000,0.002886735334004964,0.017766642550359313,0.006055949043524888,0.0058259255507186174,0.008557387449361967,0.003501378292479053,-0.02258376716862176,0.005958102181462174,0.008402690279471922,74.15924359564472,1.3101140807030274,3,0.1487580203445901,13.359999656677246,-0.03258513752832626,17966.472221718555,0
2022-12-02,18696.099609375,18696.099609375,18781.94921875,18639.19921875,18752.400390625,254400,-0.006187396179402005,0.009903963991033216,-0.0031946636212624585,0.0076585908184511175,0.00035044232605925383,0.001949231727574751,-0.0257361573464312,0.006186314256252417,0.008351057879027996,67.54561392056418,1.0170304629407532,4,-1.2816075058786578,13.449999809265137,0.006736538540471404,17995.08818879433,1
2022-12-05,18701.05078125,18701.05078125,18728.599609375,18591.349609375,18719.55078125,288400,0.00026482378562620035,0.007450446795329357,0.0012543349877768414,0.007382465656543266,-0.00086334314062309,0.0014794613223032922,-0.024778705032385773,0.006179411774694497,0.00829946453820903,67.67765700623647,1.1482491589194355,0,-0.21612866717065116,13.729999542236328,0.02081782430794621,18022.77590450717,0
2022-12-06,18642.75,18642.75,18654.900390625,18577.900390625,18600.650390625,217800,-0.0031175136590962937,0.0013266275315391152,-0.005368703170715048,0.004144709487131099,-0.004240965914705386,0.0002641479245088707,-0.022842687072132994,0.006218879675359378,0.008275455976828846,64.35725379277147,0.8842336033128312,1,-0.6936769238228911,14.039999961853027,0.022578327017642952,18047.09106791137,0
2022-12-07,18560.5,18560.5,18668.30078125,18528.400390625,18638.849609375,200500,-0.004411902750398933,-0.010547282330004126,-0.00020921755776374194,0.007550591938621253,-0.006534433553315301,-0.002122536743506267,-0.03277011649864425,0.006292774636463905,0.007881353732930228,59.89281903298797,0.8320192547099344,2,-0.8755073076772679,14.079999923706056,0.0028490001397230014,18067.226703834393,1
2022-12-08,18609.349609375,18609.349609375,18625.0,18536.94921875,18570.849609375,202800,0.002631912360927746,-0.010798691860465115,0.0005576147935131058,0.004750014698262065,-0.001748765050061862,-0.0021890616160663385,-0.04303432358238346,0.005993130638058069,0.007363451615076975,61.5967305875915,0.8510459724291319,3,0.17066935650385737,13.399999618530272,-0.04829547648156518,18088.48840627034,0
2022-12-09,18496.599609375,18496.599609375,18664.69921875,18410.099609375,18662.400390625,215800,-0.006058782405979346,-0.010670674855624007,0.0028507595570816794,0.01382934447814448,-0.005668751058351057,-0.0021440835299209315,-0.018676276956986815,0.004888634650325737,0.007440545434634579,55.713382116315245,0.9376086200903719,4,-1.3218118089572053,13.479999542236328,0.005970143730110955,18104.494199736415,1
2022-12-12,18497.150390625,18497.150390625,18521.55078125,18345.69921875,18402.150390625,193900,2.977743269738653e-05,-0.010903151539989109,-0.005106301738949273,0.009585438003925903,-0.003454479759191035,-0.002204733788167818,-0.020068879160726416,0.004876573005894432,0.007290393269171189,55.735623845015176,0.8626020419511978,0,-0.08968656427723637,13.31999969482422,-0.01186942528527446,18119.893805985565,1
2022-12-13,18608.0,18608.0,18617.25,18490.19921875,18524.400390625,187600,0.0059927938646799905,-0.001863995386946704,0.0014731998942827025,0.006871249992869956,0.0028931309986582315,-0.0003757335510187338,-0.012981484819998834,0.004969615715296618,0.007286777960945106,60.08089175307054,0.8464939987365762,1,1.091023690465008,12.880000114440918,-0.033033002287100155,18139.03680696155,1
2022-12-14,18660.30078125,18660.30078125,18696.099609375,18632.900390625,18671.25,208000,0.002810661073194387,0.005377052409687222,0.0033990756663800515,0.0033918079002772,0.004631172931773877,0.0010726653186800986,-0.00823811057855961,0.004994601405332633,0.0069914169545803075,61.9774331842808,0.9409422994277442,2,0.4244842600254208,12.890000343322754,0.0007764152789582202,18159.480154244702,0
2022-12-15,18414.900390625,18414.900390625,18652.900390625,18387.69921875,18614.400390625,183100,-0.013150934355333654,-0.010449006699946195,-0.0024597883583484907,0.014422749073716273,-0.00650052910817846,-0.0020840952247177095,-0.014319503076839157,0.00582562675538705,0.007035785493294249,49.97908275841756,0.8315734495992007,3,-2.2952005711588126,13.729999542236328,0.06516673208226154,18169.497398092408,0
2022-12-16,18269.0,18269.0,18440.94921875,18255.150390625,18319.099609375,277700,-0.00792295301794177,-0.012304943296693405,-0.0052023513143069754,0.010177885372032743,-0.011945476564574974,-0.00247190703774734,-0.010193782672564766,0.006090133426920007,0.006488481838550538,44.467271625606756,1.2390130727702673,4,-1.287708343695799,14.06999969482422,0.024763304000264608,18173.399746863048,1
2022-12-19,18420.44921875,18420.44921875,18431.650390625,18244.55078125,18288.099609375,154800,0.008289956688926514,-0.004146648010921461,0.0010454655085116865,0.01025509543196224,-0.002927319891023147,-0.0008396865934095214,-0.01849140177989328,0.006058164788332668,0.006559774306082598,50.562098079283835,0.6998824486843295,0,1.2486557670140672,13.550000190734863,-0.03695803236446715,18183.088643574047,0
2022-12-20,18385.30078125,18385.30078125,18404.900390625,18202.650390625,18340.30078125,169000,-0.0019081205394395617,-0.01196792878063202,-0.00435105770484781,0.011111019310911218,-0.0024248223985299097,-0.0024179564364078614,-0.019701979522359636,0.006011939432861177,0.006567380312808259,49.212176393523144,0.7655892545697525,1,-0.38452265909354344,13.779999732971191,0.016974135719466377,18191.01906775642,0
2022-12-21,18199.099609375,18199.099609375,18473.349609375,18162.75,18435.150390625,187600,-0.01012771964355863,-0.02471563439847757,0.002711383945692009,0.017100913098236775,-0.007560927083475345,-0.0050170642010420605,-0.02098489273648685,0.006452331751862722,0.006719362274143879,42.70720089522966,0.8481587811108349,2,-1.5450165060398207,15.5600004196167,0.12917276641062103,18191.335972336918,0
2022-12-22,18127.349609375,18127.349609375,18318.75,18068.599609375,18288.80078125,195700,-0.003942502735851727,-0.015615114670747388,0.0049288796589031115,0.013844481367289139,-0.008363688643137497,-0.003160055029336343,0.0036852574079152545,0.005844775870109878,0.006348922314116003,40.486415465715545,0.8864429043801241,3,-0.5116658332735817,15.1899995803833,-0.023778973602528564,18188.826546510496,0
2022-12-23,17806.80078125,17806.80078125,18050.44921875,17779.5,17977.650390625,221500,-0.01768316025411787,-0.025299645232360835,-0.008258196701440535,0.01523941723614275,-0.020948065117826195,-0.005099468247812392,0.01283349105209175,0.0069144928074402895,0.006821861484049861,32.384321655152604,0.9997743173098623,4,-2.288529149833856,16.15999984741211,0.06385782052828293,18173.844245130316,1
2022-12-27,18132.30078125,18132.30078125,18149.25,17967.44921875,18089.80078125,214300,0.006533654614990558,-0.013760993252719511,0.004174457024060888,0.010118341175567709,0.0042241125427345035,-0.002808832896495004,0.012329278264274768,0.007643106777462899,0.0068349483942805695,44.80030804804362,0.9696393828333559,1,1.0266000602136565,15.289999961853027,-0.05383662708996906,18166.214677044132,0
2022-12-28,18122.5,18122.5,18173.099609375,18068.349609375,18084.75,193900,-0.0005405150382313817,-0.004208977972489425,-0.0026224350579475636,0.005797430438563635,0.0045336266167806906,-0.000844896743100758,0.02968790648781605,0.0073604245992316625,0.006778658088139337,44.522542934582354,0.908515872086213,2,0.1575592805236977,15.399999618530272,0.007194222168193765,18164.500284765152,1
2022-12-29,18191.0,18191.0,18229.69921875,17992.80078125,18045.69921875,281100,0.00377983170092433,0.003511290508353193,-0.004237869016416058,0.013166290250202066,0.007619587393824029,0.0007024460270382924,0.03654783535885153,0.00739236870542477,0.006662703545905535,46.996084486693235,1.3307768782843346,3,0.7368275498974003,14.8100004196167,-0.03831163724209752,18165.539542411923,0
2022-12-30,18105.30078125,18105.30078125,18265.25,18080.30078125,18259.099609375,192000,-0.00471107793689185,0.016763258244249624,0.00374358800368314,0.010229322011158122,-0.0004328047496769109,0.0032818426694519666,0.04836336952247311,0.007351866875512456,0.0067072545883778995,44.33290851547747,0.9225890154245351,4,-0.4272342816177151,14.869999885559082,0.004051280502525234,18163.177122019675,1
2023-01-02,18197.44921875,18197.44921875,18215.150390625,18086.5,18131.69921875,256100,0.005089583355357918,0.010150079010351254,0.0014580502041335011,0.0071130617103917285,0.002630293381493004,0.002019846138809797,0.03707913066582935,0.0074936634241418425,0.006728756865973197,47.76082545207709,1.240223734230853,0,0.8599286304859693,14.6899995803833,-0.012104929829258926,18164.521189239567,1
2023-01-03,18232.55078125,18232.55078125,18251.94921875,18149.80078125,18163.19921875,208700,0.00192892762485819,0.0055288074695774014,-0.0018821319179563928,0.005628074860497995,0.003455776216088513,0.0011018027724094689,0.027531957152429953,0.007516362675066371,0.006730962272900117,49.04793845077427,1.0129101145408659,1,0.4020931426044043,14.390000343322754,-0.020422004467662402,18167.189137340458,0
2023-01-04,18042.94921875,18042.94921875,18243.0,18020.599609375,18230.650390625,235200,-0.010399069487028845,-0.004389614084701288,-0.00010423065032427194,0.0123414534169717,-0.006108940045775334,-0.000872623717925508,0.023494913877907475,0.00777277311722942,0.0068116045532268625,42.89940196023223,1.1319937432318614,2,-1.1630644922160691,15.199999809265137,0.05628905118951155,18162.316771423135,0
2023-01-05,17992.150390625,17992.150390625,18120.30078125,17892.599609375,18101.94921875,269900,-0.0028154392892826285,-0.010931208255456015,0.0032699753950805317,0.012725997163413515,-0.006731210581720086,-0.002204180779585089,0.02223487394008017,0.007718922199079522,0.006795499085680017,41.4018988877034,1.2783593046937907,3,-0.15052010789519618,14.979999542236328,-0.014473701959832108,18155.643300713746,0
2023-01-06,17859.44921875,17859.44921875,18047.400390625,17795.55078125,18008.05078125,238200,-0.007375503705446151,-0.013578982501887271,0.0008837404245623173,0.014152391936098845,-0.011373461010359662,-0.0027328758059747688,0.02086791066122473,0.007764168481737408,0.006855612140593399,37.6996970483165,1.12226148409894,4,-0.7300764146354257,15.029999732971191,0.003337796546247329,18144.02737942179,1
2023-01-09,18101.19921875,18101.19921875,18141.400390625,17936.150390625,17952.55078125,257200,0.013536251708490266,-0.0052892028351329,0.005213014206633874,0.01144336970475457,0.0030777180688508323,-0.0010778607875426588,0.016116860451008796,0.008473400606449471,0.007100850390932656,46.99808753372111,1.1939744214655432,0,1.7239032844910513,14.649999618530272,-0.025282775861087736,18142.347778818,0
2023-01-10,17914.150390625,17914.150390625,18127.599609375,17856.0,18121.30078125,283300,-0.010333504750958511,-0.017463293778533506,0.0011105099864973554,0.01521055160030242,-0.0037720705981082914,-0.0035180032745587165,0.019824410938523718,0.008545778525225138,0.007035692435293429,41.79974975348354,1.2865576748410537,1,-0.992732485697585,15.510000228881836,0.058703114863141614,18133.39852943971,0
2023-01-11,17895.69921875,17895.69921875,17976.349609375,17824.349609375,17924.25,259900,-0.0010299775022909463,-0.008161082659756125,0.000563778306800719,0.008527660382068201,-0.003165596700813062,-0.0016439518122730943,0.03281368894029635,0.008477346360271339,0.006953313657385609,41.314306551374486,1.1665432348122713,2,0.12117674613154458,15.4399995803833,-0.0045132590242122905,18124.076655387682,0
2023-01-12,17858.19921875,17858.19921875,17945.80078125,17761.650390625,17920.849609375,227800,-0.00209547554088918,-0.00744497844708969,0.0014053874239598856,0.010367864842233284,-0.0037677795413468963,-0.0014970208231333108,0.02278603883055008,0.008062249890722191,0.006943313467227037,40.290174663120034,1.0123094698484647,3,-0.073595372130348,15.279999732971191,-0.01036268469951196,18113.64973196109,1
2023-01-13,17956.599609375,17956.599609375,17999.349609375,17774.25,17867.5,256700,0.005510095918388247,0.005439719301254087,0.0005208129406594791,0.012664366112494198,0.0006369445607685136,0.0010880200118162982,0.0225397461568565,0.008059515786335148,0.0069872133008865986,44.19901157881009,1.1460844718278418,4,0.7878469812596757,14.460000038146973,-0.053664902431563744,18107.490700858158,0
2023-01-16,17894.849609375,17894.849609375,18049.650390625,17853.650390625,18033.150390625,206200,-0.003438847072569362,-0.011399775610516083,0.004263100081043932,0.010978147085422942,-0.0005054764714643747,-0.002298314980162251,0.0171337092754007,0.007782715054001696,0.006982373316017003,42.326440462506945,0.9101743544471419,0,-0.2600661444853608,15.020000457763672,0.038727553121670866,18099.151570752772,1
2023-01-17,18053.30078125,18053.30078125,18072.05078125,17886.94921875,17922.80078125,219100,0.008854568511824201,0.0077676243411366475,0.0015619674087876412,0.010348414379460933,0.0067796635276487875,0.0015552004477545312,0.02582552853047604,0.008111740113899061,0.007065410825386345,48.37097500059236,0.9565388225535352,1,1.201481355510147,14.59000015258789,-0.02862851478499917,18097.353445930636,1
2023-01-18,18165.349609375,18165.349609375,18183.75,18032.44921875,18074.30078125,255800,0.006206556323560042,0.015067887950557246,0.0011632221860398192,0.008390473163938187,0.009990728507687542,0.0029872696842792035,0.01692237530017393,0.00795150461281358,0.007113330649722518,52.18714188976467,1.1003807024713397,2,0.7893812277014107,14.369999885559082,-0.015078839254829335,18100.020040004758,0
2023-01-19,18107.849609375,18107.849609375,18155.19921875,18063.75,18119.80078125,237800,-0.003165367099256078,0.013979594894589553,-0.0025074567296790476,0.005062582174243997,0.004006509698380654,0.002748643940176632,0.015055317513737121,0.007933483232829257,0.007054251630116563,50.139025950451376,1.0137698767958392,3,-0.39644374476483235,13.960000038146973,-0.028531652795914964,18100.327090554685,0
2023-01-20,18027.650390625,18027.650390625,18145.44921875,18016.19921875,18115.599609375,237200,-0.004428975305189153,0.003956806009802971,0.0004279911843307768,0.007174099177671483,-0.0012271387702356411,0.0007847511745758166,-0.008445736821335315,0.006843023478143385,0.006608189457019589,47.347904319854806,1.0078392216014107,4,-0.739710777864631,13.789999961853027,-0.012177655861705161,18097.476947069867,1
2023-01-23,18118.55078125,18118.55078125,18162.599609375,18063.44921875,18118.44921875,202500,0.005042276095628795,0.012500869063342357,0.00503664238863976,0.005489006524959869,0.001326949818232288,0.002481756269151218,0.0067304842571820345,0.006433231664335889,0.006650734325543359,50.69793131996503,0.8557121426609479,0,0.7355566552130932,13.619999885559082,-0.012327779315751464,18098.303393341623,0
2023-01-24,18118.30078125,18118.30078125,18201.25,18078.650390625,18183.94921875,216900,-1.3798013043020418e-05,0.003600449623456514,0.0036094739744680702,0.006781458058317018,0.0005942577918216145,0.0007174966782361569,0.00437255241222545,0.006264172158539337,0.006622215626648605,50.68837919506443,0.9160595502058917,1,0.0009851422350366337,13.65999984741211,0.0029368547862793637,18099.087624144446,0
2023-01-25,17891.94921875,17891.94921875,18100.599609375,17846.150390625,18093.349609375,257200,-0.01249297962501228,-0.015050653937532799,-0.0013771253814718156,0.014257933121737454,-0.00891332099774187,-0.003017947366321739,-0.0023288561033487643,0.006863884554095495,0.0068442850236767215,42.82154100671395,1.071934650329249,2,-1.7306022910247663,14.65999984741211,0.07320644298465706,18090.964355235592,0
2023-01-27,17604.349609375,17604.349609375,17884.75,17493.55078125,17877.19921875,476300,-0.016074246906178757,-0.027805620814263965,-0.0008243931289801912,0.022362482245130964,-0.01937430057707627,-0.005628229700902092,0.004443864679936516,0.007601854398035555,0.007182131211911661,35.320690977254884,1.907488986784141,4,-1.905693191438593,17.31999969482422,0.18144610334915323,18071.880985725435,1
2023-01-30,17648.94921875,17648.94921875,17709.150390625,17405.55078125,17541.94921875,432400,0.0025334426073457816,-0.021006684935044984,-0.0035446007384316754,0.01744268901286654,-0.012724622945707875,-0.004302359135986789,0.004198726895097149,0.007619997160789569,0.007195620987426398,37.1590008447381,1.6521473330276633,0,0.49711397706806265,17.709999084472656,0.022517286173219908,18055.29506023546,1
2023-01-31,17662.150390625,17662.150390625,17735.69921875,17537.55078125,17731.44921875,398300,0.0007479862801675896,-0.025189674170701726,0.004674499256440329,0.011298523948500684,-0.006915293003345141,-0.005171983725128861,0.004226472108384893,0.007490418449391892,0.007119126195230037,37.72321714645093,1.4816054755793624,1,0.2959768722791036,16.8799991607666,-0.04686617541577187,18039.8772953306,0
2023-02-01,17616.30078125,17616.30078125,17972.19921875,17353.400390625,17811.599609375,512900,-0.0025959245256645946,-0.027706792489034182,0.008461552837265334,0.03565864984359491,-0.0038699502002676415,-0.0056844720365018375,0.006092647172131538,0.00744991969604477,0.007085005170083782,36.49754575882388,1.8057315871004085,2,-0.12161461297435334,16.780000686645508,-0.005924080514975172,18023.266113269023,0
2023-02-02,17610.400390625,17610.400390625,17653.900390625,17445.94921875,17517.099609375,490100,-0.0003349392530399564,-0.01573606233075764,-0.005631214697502513,0.01191973960645861,-0.001022761948743891,-0.0031964580035404766,0.008237226230931594,0.00716362560692678,0.007079571526497479,36.33393660961491,1.6513637818622908,3,0.11929396051957618,15.729999542236328,-0.06257455908478182,18007.07498373465,1
2023-02-03,17854.05078125,17854.05078125,17870.30078125,17584.19921875,17721.75,424100,0.013835596307890219,0.014184061178950103,0.006322945924289014,0.01627037768060148,0.009937594113286609,0.0028358375316433295,0.021859608924869267,0.007888580337206753,0.007154570680469702,46.916167351262544,1.392797911295752,4,1.799836537436092,14.399999618530272,-0.08455180943488894,18001.073921774772,0
2023-02-06,17764.599609375,17764.599609375,17823.69921875,17698.349609375,17818.55078125,282500,-0.005010133160870178,0.006552820181619401,-0.0019883442942417,0.007082559229624496,0.0035646254474236447,0.0012955087004283678,0.01186371237170003,0.007794534990565939,0.007172873136711664,44.023131800452,0.9210655016139024,0,-0.6125931974309851,14.6899995803833,0.020138886773291897,17991.800251785833,0
2023-02-07,17721.5,17721.5,17811.150390625,17652.55078125,17790.099609375,354400,-0.0024261514654264627,0.0033602708652340496,0.0014354390507367674,0.008984515118543642,0.00045895768882919796,0.0006681784073949269,0.024336738455110196,0.0071022889329390914,0.00715812167920813,42.6582158345797,1.1374650961260713,1,-0.19608636957234074,14.130000114440918,-0.038121135598274236,17981.200057914564,1
2023-02-08,17871.69921875,17871.69921875,17898.69921875,17744.150390625,17750.30078125,291000,0.008475536424681795,0.014497847230891647,0.001625188683237875,0.008709846609880787,0.006037294639012143,0.002882356882882457,0.01686754777204691,0.007048451270456758,0.007259925663922201,48.63504587878342,0.9328268500264462,2,1.2172150751252198,13.600000381469728,-0.03750882722424942,17976.905835743415,1
2023-02-09,17893.44921875,17893.44921875,17916.900390625,17779.80078125,17885.5,260900,0.0012170079483646568,0.01607282184655401,0.0007722142747076329,0.007710975565011999,0.004062017302957065,0.0031675648147439,0.016198550379007304,0.007051056851610419,0.007166604623344215,49.456607911638336,0.8362045480040384,3,0.17033021879811502,13.039999961853027,-0.0411765002874348,17973.632974792137,0
2023-02-10,17856.5,17856.5,17876.94921875,17801.0,17847.55078125,232000,-0.0020649578680046465,0.00013718000357498816,-0.0025650972564811277,0.004266570347171508,0.0019611308438977535,2.7375591145845868e-05,0.00023233062482108657,0.007050582751523364,0.007146825589998291,48.05055222329759,0.7430776868504075,4,-0.29587266091427933,12.75,-0.02223926094335793,17969.03945408374,0
2023-02-13,17770.900390625,17770.900390625,17880.69921875,17719.75,17859.099609375,231300,-0.00479375070002519,0.00035468186103537747,0.00014558336600117605,0.00908304116875238,-0.002912524774859984,7.05712905663789e-05,0.010696239995073631,0.007003746535648072,0.007128888367933824,44.868064498227,0.7438614545980801,0,-0.6141976737337648,13.68000030517578,0.07294120040594354,17961.269179801297,1
2023-02-14,17929.849609375,17929.849609375,17954.55078125,17800.05078125,17840.349609375,244500,0.0089443537049958,0.011756883411393027,0.003908030388074078,0.008679750518619044,0.003659212191930834,0.002344840214004175,0.009801013383758717,0.007271553895173277,0.0072639728882128865,51.31606845572556,0.7814997123313943,1,1.2141825812322127,13.449999809265137,-0.016812901372788902,17960.037022274286,1
2023-02-15,18015.849609375,18015.849609375,18034.099609375,17853.80078125,17896.599609375,229300,0.004796470794436125,0.008065846949447675,-0.0018544494641279388,0.010098624395672053,0.006848360943564121,0.0016079375317194845,0.010140324759837727,0.007070290787009006,0.007299309936526336,54.42206814293606,0.7317228834923573,2,0.6904814784212193,12.859999656677246,-0.043866182970609735,17962.22578106504,1
2023-02-16,18035.849609375,18035.849609375,18134.75,18000.650390625,18094.75,230200,0.0011101336008929596,0.007958241526501375,0.0043794987378192925,0.0074497091196683105,0.006364306613313858,0.001580834584130916,0.015087198732652074,0.0069221039136114345,0.007283406143917577,55.13887500249547,0.73760774135666,3,0.20899859157943332,12.890000343322754,0.0023328683861925104,17965.11302789427,0
2023-02-17,17944.19921875,17944.19921875,18034.25,17884.599609375,17974.849609375,208100,-0.005081567689351307,0.004911333057990186,-0.003382152841210891,0.008367556103775126,0.00027144443715706947,0.0009724988913681976,0.013948871703124088,0.006976411380479945,0.007295996560659809,51.16758616094547,0.6699827755509409,4,-0.6674054945893341,13.09000015258789,0.015515888591014715,17964.29286817885,0
2023-02-20,17844.599609375,17844.599609375,18004.349609375,17818.400390625,17965.55078125,174600,-0.005550518480140765,0.004147185405916742,0.001189886616823203,0.01043579752803375,-0.006097220559631962,0.0008214266666520324,0.014301075529345897,0.007014744764121976,0.007288701668092144,47.18989902490401,0.5678510448003903,0,-0.7226843472017412,13.380000114440918,0.022154313099506995,17959.59895805092,0
2023-02-21,17826.69921875,17826.69921875,17924.900390625,17800.30078125,17905.80078125,198200,-0.001003126492992057,-0.005752998093808137,0.0034296747035358977,0.0069998597723835865,-0.005952022458045544,-0.0011560964424307324,0.01035488857017508,0.006892632137049852,0.007288003929938724,46.49039775116508,0.6450563041072707,1,-0.031088731681282178,14.010000228881836,0.04708520994412879,17954.387142930413,0
2023-02-22,17554.30078125,17554.30078125,17772.5,17529.44921875,17755.349609375,204000,-0.015280363131582653,-0.02561904312771468,-0.004002401594343106,0.01386528339920834,-0.016076835451230488,-0.00517817485403627,0.00550970381215643,0.007619054544239196,0.007509645179818549,37.40412535141704,0.6653294848588621,2,-1.8055015716118976,15.59000015258789,0.11277658086320796,17938.697306299575,0
2023-02-23,17511.25,17511.25,17620.05078125,17455.400390625,17574.650390625,240800,-0.002452434977984641,-0.029086492776160378,0.001159237820325815,0.009432633279121512,-0.012683643720824783,-0.0059768784403572755,-0.007808810054423021,0.0071738057775424195,0.007489682281281232,36.19994507202147,0.7874556483918965,3,-0.19577261100768512,15.079999923706056,-0.032713292103283,17921.934486802405,0
2023-02-24,17465.80078125,17465.80078125,17599.75,17421.80078125,17591.349609375,209400,-0.002595429723749043,-0.026660339180815562,0.004574179991434078,0.01021416907381444,-0.00990499129567951,-0.005463898208294668,-0.018790191677540702,0.006249084112085793,0.007291257868024228,34.92174734375341,0.7160198324499915,4,-0.35506358798804977,14.1899995803833,-0.05901859070460991,17904.046705923574,0
2023-02-27,17392.69921875,17392.69921875,17451.599609375,17299.0,17428.599609375,246400,-0.004185411445805309,-0.025324210154179405,-0.0021299436734064,0.008821296570611018,-0.008971477807882065,-0.005174688481619731,-0.01080493216069045,0.006264289306601699,0.0072378724189849615,32.90899792910257,0.8702101359703337,0,-0.5543125924583625,13.880000114440918,-0.021846333693408715,17883.99366447824,0
2023-02-28,17303.94921875,17303.94921875,17440.44921875,17255.19921875,17383.25,420900,-0.0051027157362857345,-0.029323992825894263,-0.0005432865037885194,0.010735894593364183,-0.00811957062239181,-0.006011142875816192,-0.009043270266475223,0.006328309119447182,0.0071358524168740655,30.60287547967218,1.4805825242718447,1,-0.6473665818921196,14.020000457763672,0.010086479983317576,17861.246606792964,1
2023-03-01,17450.900390625,17450.900390625,17467.75,17345.25,17360.099609375,272900,0.008492348770636093,-0.005890316675868035,0.003244946567697809,0.00706245225638143,0.0014909950155572586,-0.0011951074210614465,0.0034987368308162514,0.0066577980686891485,0.007265716740404055,38.31125384361047,1.0022770677244013,2,1.342722349056239,13.0,-0.07275323997574046,17845.15445104169,0
2023-03-02,17321.900390625,17321.900390625,17445.80078125,17306.0,17421.5,310700,-0.007392168719804415,-0.01081302644728388,-0.001684749208745385,0.008078168337570784,-0.0037470191536229133,-0.0021700841233008965,0.005569338155487102,0.006836223322352362,0.007205126510850757,34.67056314869045,1.179977972731761,3,-0.9635066607979978,12.970000267028809,-0.0023076717670147406,17824.634503534224,1
2023-03-03,17594.349609375,17594.349609375,17644.75,17427.69921875,17451.25,356200,0.015728598629827895,0.007360030595505274,0.007467402909498712,0.012454356626517907,0.010428550453471564,0.0014842346997281793,0.021905814913971144,0.007054662425508825,0.007562962449568595,46.28138067810384,1.3704480310870861,4,2.3278637641003246,12.18000030517578,-0.060909787632101864,17815.603647076678,1
2023-03-06,17711.44921875,17711.44921875,17799.94921875,17671.94921875,17680.349609375,362800,0.006655523618366965,0.018326655109195178,0.004887932882393995,0.0072431172371291985,0.013443156343900456,0.003623322340146711,0.021318582413706433,0.007162248239373274,0.007207771738905281,50.36457625346476,1.374606903345584,0,0.9459898861419769,12.270000457763672,0.007389174904178564,17811.5191265377,1
2023-03-08,17754.400390625,17754.400390625,17766.5,17602.25,17665.75,267000,0.0024250512391459367,0.02603169751486001,-0.0025802077619724705,0.009331193455382124,0.010690764896166672,0.005086553520398865,0.024175173483316437,0.007163141132202063,0.007017832073513545,51.811426766818144,1.0286638927415626,2,0.32196528609774194,12.449999809265137,0.014669873250703347,17809.279158641173,0
2023-03-09,17589.599609375,17589.599609375,17772.349609375,17573.599609375,17772.05078125,262400,-0.009282249899975281,0.007947969196163251,0.0009941417472098962,0.011309578254757363,-0.0002694181433970575,0.0015624207599063244,0.023732680315240118,0.007175074061716942,0.007061782413594124,46.24169127748402,1.0165420524541897,3,-1.185740506852672,12.729999542236328,0.022489938735807735,17800.664209806506,0
2023-03-10,17412.900390625,17412.900390625,17451.5,17324.349609375,17443.80078125,235900,-0.010045664635585094,0.005253465148041814,-0.00828892250891779,0.007339403411496215,-0.011335074605713097,0.0010347023470790315,0.03210959681110026,0.007448818965457382,0.007188106415571622,41.135617492227915,0.9183276237932109,4,-1.1692604652926681,13.40999984741211,0.053417150795617596,17785.457676054204,0
2023-03-13,17154.30078125,17154.30078125,17529.900390625,17113.44921875,17421.900390625,254900,-0.014851035931626178,-0.025010803916873603,0.0005168581797461809,0.02433473033704531,-0.021126346625245006,-0.005054285251202834,0.014313768017716,0.008047210563851033,0.007429205876834762,35.037875314589485,0.987888770467978,0,-1.6013623145874631,16.219999313354492,0.2095450781444015,17760.706254081564,0
2023-03-14,17043.30078125,17043.30078125,17224.650390625,16987.099609375,17160.55078125,290600,-0.006470680525861194,-0.03772409751725303,0.00036434011969939205,0.013984187219276576,-0.019987441798147626,-0.007789865014262819,0.0032192195562501524,0.008086824846639997,0.007450638971831635,32.79096841756265,1.1134526227058508,1,-0.5461473326884492,16.219999313354492,0.0,17732.572519168218,0
2023-03-15,16972.150390625,16972.150390625,17211.349609375,16938.900390625,17166.44921875,248200,-0.004174683738684903,-0.04405949977409873,0.007225621320693958,0.016084232888032665,-0.015219516378815436,-0.009179559875638496,0.009354178511816524,0.007669035201340733,0.007406164597424989,31.40092382321042,0.9503206662199675,2,-0.19074522276929573,16.299999237060547,0.00493217799585155,17702.75185314097,1
2023-03-16,16985.599609375,16985.599609375,17062.44921875,16850.150390625,16994.650390625,349800,0.0007924286811309411,-0.03433847349646757,0.0013257011917846573,0.01259922452936193,-0.0074823768352862505,-0.007117542398559362,0.022847283619526704,0.0075130893684889856,0.007397511872767004,31.987825838180555,1.3091317365269461,3,0.49360706029496637,16.219999313354492,-0.004907971009235568,17674.62806321617,1
2023-03-17,17100.05078125,17100.05078125,17145.80078125,16958.150390625,17111.80078125,408100,0.006738129621978839,-0.017966542181762968,0.007429892071949274,0.011065498671879868,0.002871977091994302,-0.0036837040383588654,0.03391894413536478,0.0077723911907607406,0.007367904331871152,36.932744321328386,1.4781144171390281,4,1.2063807841925178,14.770000457763672,-0.08939574087385971,17652.095487983115,0
2023-03-20,16988.400390625,16988.400390625,17066.599609375,16828.349609375,17066.599609375,241800,-0.0065292432199922645,-0.009671066908558124,-0.00195620307231361,0.014157656902211728,-0.0017334688370988038,-0.0019403496837202437,0.04359399198168645,0.0078031162474015035,0.007404752283489932,34.31189603185159,0.8704730362157103,0,-0.4905376339572582,16.010000228881836,0.0839539426328435,17626.068081877987,1
2023-03-21,17107.5,17107.5,17127.69921875,17016.0,17060.400390625,246700,0.007010642946744028,0.0037668301213475974,0.0042381859589165904,0.00656436405441937,0.00450713031662989,0.0007558006318879576,0.04507342290069749,0.008064014549225534,0.007436247794309991,39.26317252723352,0.876734722888569,1,1.1276854287453761,15.079999923706056,-0.058088712797022324,17605.73196802589,1
2023-03-22,17151.900390625,17151.900390625,17207.25,17107.849609375,17177.44921875,0,0.0025953757489405316,0.010590879521035212,0.004088804252520824,0.005810221208078026,0.00499277569814753,0.0021014175069414423,0.048444147803884285,0.00812977295531843,0.007163539830967,41.04717802763717,0.0,2,0.5529436784272684,14.8100004196167,-0.01790447648908222,17587.934558233235,0
2023-03-23,17076.900390625,17076.900390625,17205.400390625,17045.30078125,17097.400390625,219200,-0.004372693304643627,0.005375187414614846,-0.0031774904680410207,0.009392595145702044,-0.00047117491218567057,0.0010646141730148633,0.03257082434564651,0.007519478992143986,0.007053767399684176,38.96518175356102,0.805186695318383,3,-0.401793529071742,14.489999771118164,-0.02160706545792368,17567.89390199102,0
2023-03-24,16945.05078125,16945.05078125,17109.44921875,16917.349609375,17076.19921875,228000,-0.007720933328590696,-0.00906430056745533,-4.105966884862398e-05,0.011355183513411886,-0.006385594356769339,-0.0018153177269230078,0.023269154711294093,0.007651463623568318,0.007118917866748585,35.551257525511346,0.8394852629834865,4,-0.7979789689657348,15.239999771118164,0.051759835186120595,17543.4685637096,1
2023-03-27,16985.69921875,16985.69921875,17091.0,16918.55078125,16984.30078125,218400,0.0023988383407489433,-0.00015900095435061878,0.002316310556202689,0.010192907240088023,-0.003970521841649615,-3.188154358304145e-05,0.027329092406670807,0.0076999971776485435,0.007134307012877381,37.37300606415871,0.8028083589112095,0,0.48872769218741163,15.449999809265137,0.013779530269085072,17521.595154656883,0
2023-03-28,16951.69921875,16951.69921875,17061.75,16913.75,17031.75,238800,-0.002001683861354908,-0.009107162428759308,0.0027111501656149626,0.008750277141379055,-0.004144621377902451,-0.0018344935847918022,0.016248303934080166,0.0076735991261090335,0.007073505253470531,36.44503986852857,0.8790237976920103,1,-0.0972603292565329,15.100000381469728,-0.022653684926618456,17499.24619487651,1
2023-03-29,17080.69921875,17080.69921875,17126.150390625,16940.599609375,16977.30078125,345900,0.007609856589321451,-0.0041512118338745685,0.0015102652642445735,0.010953023241710725,0.004273836511542528,-0.0008400476076905085,0.008750467267107376,0.00786279558688643,0.007171745465549683,42.29903892382122,1.291081126476681,2,1.0467006997394435,13.630000114440918,-0.09735100860214219,17482.83251772543,1
2023-03-31,17359.75,17359.75,17381.599609375,17204.650390625,17210.349609375,263900,0.016337198944623932,0.016563287417796335,0.007590461547538923,0.01028496451438627,0.017297250673933336,0.003311920732899678,0.021786535994355094,0.00850016496902825,0.007447540747562916,52.49292363354869,0.9866711532350028,4,1.9465126233628791,12.9399995803833,-0.050623663115495154,17478.005732477737,1
2023-04-03,17398.05078125,17398.05078125,17428.05078125,17312.75,17427.94921875,230200,0.002206297973761151,0.026733469604071747,0.003928583000907271,0.006659876752682272,0.014157303984811439,0.005218969167182623,0.02233727814079467,0.008344612655855559,0.007392551850270655,53.70193011768129,0.8738232614637109,0,0.2338863042027995,12.59000015258789,-0.02704787010395271,17474.870231807385,1
2023-04-05,17557.05078125,17557.05078125,17570.55078125,17402.69921875,17422.30078125,248300,0.009138954817361267,0.03363721181812185,0.0013938343039057222,0.009645145295573088,0.016653731372452466,0.006567995112599087,0.03575714400959795,0.007823601469502313,0.007516949003414188,58.43137491666767,0.9622352690422213,2,1.177839445366531,12.40999984741211,-0.014297085225911,17478.093010684617,1
2023-04-06,17599.150390625,17599.150390625,17638.69921875,17502.849609375,17533.849609375,242700,0.002397874785437182,0.038193880360905874,-0.00132147318841144,0.007761570967406089,0.01150703166704631,0.007375397838074759,0.04453434560110292,0.007687657314635742,0.00750817840028928,59.60792143344979,0.96294239009681,3,0.3495895941726294,11.800000190734863,-0.049153881077964034,17482.840376230106,1
2023-04-10,17624.05078125,17624.05078125,17694.099609375,17597.94921875,17634.900390625,254800,0.0014148632219350699,0.031810850102877986,0.0020313480597929255,0.005463727018973047,0.006650835307493437,0.0061747476490619,0.03915266996201727,0.007672032762739524,0.007471340853866415,60.323228549381774,1.0134033329356082,0,0.2287631119033542,12.270000457763672,0.039830530460316815,17488.378058574748,1
2023-04-11,17722.30078125,17722.30078125,17748.75,17655.150390625,17704.80078125,304300,0.005574768321964241,0.020884562349688274,0.0045818070432427985,0.005301546987937412,0.008087548460331388,0.004114272998302116,0.013340264877204966,0.007476880398101876,0.007520962223143661,63.099962276835655,1.2002761068928114,1,0.6916378447453252,11.979999542236328,-0.023634955558933912,17497.551529560806,1
2023-04-12,17812.400390625,17812.400390625,17825.75,17717.25,17759.55078125,232800,0.005083967961446945,0.02381586389100243,0.0021018715605713055,0.006123975221888273,0.008458916657835313,0.004676025020558987,0.0008731035789357744,0.0071194537421039724,0.007352242074411818,65.48543957908288,0.9188143821289024,2,0.5510672885711412,12.270000457763672,0.02420708903242641,17509.898583654754,1
2023-04-13,17828.0,17828.0,17842.150390625,17729.650390625,17807.30078125,285800,0.0008757724412713497,0.015432501855001668,-0.0002862954606434751,0.006345302784960002,0.0062549191416470295,0.0030422538547091784,-0.02384040278512023,0.006032677069459796,0.006975316387635566,65.89651614888022,1.1211580330698467,3,-0.17679182136644397,11.90999984741211,-0.029339901949537173,17522.373187766494,0
2023-04-17,17706.849609375,17706.849609375,17863.0,17574.05078125,17863.0,357400,-0.006795512150830185,0.006119569204168673,0.0019632039488445144,0.016441810846380616,-0.0017966743126640891,0.0012082030373570074,-0.03281354807408743,0.006057085791468792,0.007038034324317067,59.927005478632374,1.383903506224468,0,-1.43647877602876,12.270000457763672,0.03022675188612922,17529.607578840627,0
2023-04-18,17660.150390625,17660.150390625,17766.599609375,17610.19921875,17766.599609375,258900,-0.0026373533282438855,0.002048315102076703,0.0033744003771492472,0.00888123914342075,-0.00483433633929525,0.00040774739912946686,-0.03848868134004979,0.005984804002175233,0.007047639179244974,57.75512324461883,1.0004250550639515,1,-0.7736737793658922,12.079999923706056,-0.015484965523159033,17534.72691947807,0
2023-04-19,17618.75,17618.75,17666.150390625,17579.849609375,17653.349609375,281500,-0.002344283016240789,-0.005842964890854119,-0.0003850919216186424,0.004909073920858653,-0.006007260704413099,-0.0011727055428131228,-0.04311868109668893,0.006058496126513796,0.0070458321253978485,55.82355226452289,1.1023005384238864,2,-0.6902086539819908,12.149999618530272,0.005794676760456419,17538.021951324954,1
2023-04-20,17624.44921875,17624.44921875,17684.44921875,17584.349609375,17638.599609375,215100,0.0003234746363958152,-0.01055170374308012,0.0011266184817311103,0.00569253976397469,-0.0035725865948320933,-0.0021335358283080343,-0.041218187966331477,0.00595491450832664,0.0070458032306506555,56.04150311192143,0.8753688065927357,3,-0.2017404656768022,11.9399995803833,-0.01728395429961116,17541.411264904702,0
2023-04-21,17624.05078125,17624.05078125,17663.19921875,17553.94921875,17639.75,230200,-2.260708945023282e-05,-0.011439826046107271,0.0008681565625166921,0.006223670732925795,-0.0012919710174902914,-0.0023143897005647087,-0.048856556050645095,0.005661501743577188,0.0067617868419527815,56.020694370105524,0.9390360806869403,4,-0.3303104850007851,11.630000114440918,-0.02596310526272494,17544.65203849656,1
2023-04-24,17743.400390625,17743.400390625,17754.5,17612.5,17707.55078125,255700,0.006771973756565242,0.0020642170717171116,0.004737843815613297,0.008062455642299503,0.005054912473047141,0.00041478297700881775,-0.03510663726848451,0.005650391626415903,0.006797393410123995,60.72502118332888,1.0411449744498056,0,0.8696748501757169,11.670000076293944,0.0034393775975425367,17552.4461105728,1
2023-04-25,17769.25,17769.25,17807.44921875,17716.849609375,17761.55078125,297400,0.0014568576938982503,0.006177728216454792,0.0010229375556778868,0.005113753933264668,0.00527664782732049,0.0012297486048125448,-0.02981534516405726,0.0056479836108533224,0.006791540095666559,61.681070189127084,1.1418040811625363,1,-0.05786715805505862,11.520000457763672,-0.012853437664921308,17560.94824385104,1
2023-04-26,17813.599609375,17813.599609375,17827.75,17711.19921875,17767.30078125,233000,0.0024958627615121465,0.011059218694572603,-0.00010969617457123964,0.0065806261795425605,0.005568720734464351,0.0021931101129760273,-0.03208088295727274,0.0054600479247043105,0.006693039065204652,63.33033951356579,0.8921904616032624,2,0.06710158276727969,11.649999618530272,0.011284648923689078,17570.85616289462,1
2023-04-27,17915.05078125,17915.05078125,17931.599609375,17797.900390625,17813.099609375,241400,0.005695152810193838,0.016488547181993107,-2.8068442704688297e-05,0.007512078156164181,0.007988516685839223,0.003262693322769617,-0.04075530605409883,0.004988750951912371,0.006740066715916141,66.84570115965387,0.9219898787357969,3,0.5779523575412366,11.43000030517578,-0.01888406185048841,17584.354020327788,1
2023-04-28,18065.0,18065.0,18089.150390625,17885.30078125,17950.400390625,290300,0.008370013603697934,0.025019742862924632,0.001973179412474628,0.01139760588140095,0.011406801198106336,0.004922667807467147,-0.03852199111871757,0.005138989631152279,0.006834087203411256,71.23503658287012,1.0937382262075201,4,1.0214824539995835,10.949999809265137,-0.041994792921684065,17603.20292153629,1
2023-05-02,18147.650390625,18147.650390625,18180.25,18101.75,18124.80078125,265200,0.004575166931912511,0.022783118855481233,0.0033103117215610295,0.004336597290317235,0.011455744758283119,0.004475505120398682,-0.047767399794128806,0.0050051309142828,0.006821592103998587,73.33085387651258,0.9942265876883857,1,0.22850062158620751,11.899999618530272,0.08675797496008264,17624.55384540508,0
2023-05-03,18089.849609375,18089.849609375,18116.349609375,18042.400390625,18113.80078125,226200,-0.00318502836487633,0.01804238273281089,-0.0018652337160124358,0.00409863527850899,0.004643922180667031,0.0035332354599538025,-0.041038945127422455,0.005110923547461857,0.006728375129953411,69.51625028664978,0.8674809687254319,2,-1.182890102881674,11.84000015258789,-0.005041972089558033,17642.80077319403,1
2023-05-04,18255.80078125,18255.80078125,18267.44921875,18066.69921875,18081.0,226600,0.009173717607303677,0.024823796513439023,-0.0004892030373991457,0.011111603595617369,0.008904857948071634,0.004888942489005727,-0.02679277522578527,0.004323699805396227,0.006816626073893638,73.73992054372269,0.8752752134111013,3,1.533812802372734,11.729999542236328,-0.0092905919707712,17666.84003360506,0
2023-05-05,18069.0,18069.0,18216.94921875,18055.44921875,18117.30078125,239700,-0.010232406865540389,0.008593289554675643,-0.007586629677852823,0.008944668063549894,-0.003114964020956497,0.001686578645272251,-0.029971330539035446,0.005186908515936621,0.00697640266195857,63.13568087771362,0.9241802093574693,4,-2.3392509625520934,12.300000190734863,0.048593407565458824,17682.611040671356,1
2023-05-08,18264.400390625,18264.400390625,18286.94921875,18100.30078125,18120.599609375,228400,0.010814123118324304,0.011037940250484324,0.002855698122474957,0.010311897009653457,0.005453250804658531,0.002207099348331356,-0.029250694679615163,0.0053197355450779315,0.007097555275229878,68.27504416902505,0.8840035607849208,0,1.657392480686971,12.640000343322754,0.02764228839963767,17705.426348203873,1
2023-05-09,18265.94921875,18265.94921875,18344.19921875,18229.650390625,18303.400390625,245400,8.480038171931881e-05,0.006518685646826894,0.0021353014150970132,0.0062836546873059765,0.0042305359695420305,0.001295403359485366,-0.031369440389086733,0.005335192674675673,0.00704617408213827,68.3127536091244,0.9493046556159456,1,-0.3352004550019869,12.68000030517578,0.003164553858114205,17727.407673259604,1
2023-05-10,18315.099609375,18315.099609375,18326.75,18211.94921875,18313.599609375,220500,0.0026908205008338015,0.012451734252299396,0.0026087004871384874,0.006303596604135463,0.004444959258913995,0.0024663377446464945,-0.02675882163535137,0.005337193365360892,0.007049787701425141,69.54969503721303,0.8586782974414892,2,0.1408504286132579,13.079999923706056,0.031545710481332145,17750.454452131937,0
2023-05-11,18297.0,18297.0,18389.69921875,18270.400390625,18357.80078125,248900,-0.0009882342854272697,0.002256774120383387,0.002331473635728546,0.006529623082930093,0.0029990838167031726,0.00044989347182057933,-0.030171251215809214,0.0053031253665019665,0.0066691704429344325,68.48942841944807,0.979844106763247,3,-0.4895654454072078,13.220000267028809,0.010703390224721332,17771.88764328825,1
2023-05-12,18314.80078125,18314.80078125,18342.75,18194.55078125,18273.75,241700,0.0009728797753729701,0.013603452390835047,-0.0012707001147729137,0.008145252967867911,0.0012765954175311019,0.0026867877930808327,-0.014601639545534395,0.005240578378632373,0.006652318119061207,68.99012476480081,0.9498359302851079,4,-0.08233335027019571,12.850000381469728,-0.027987887903593633,17793.17838551903,1
2023-05-15,18398.849609375,18398.849609375,18458.900390625,18287.900390625,18339.30078125,216100,0.004589120522186851,0.007361271975783623,0.0013377158885114477,0.009350444629918284,0.004395036139285787,0.0014682029071005826,-0.024658562519112026,0.0052866313011600136,0.006652776440902013,71.30832687806279,0.8610247828512232,0,0.5667203488438561,13.170000076293944,0.024902699247049798,17816.930231380215,0
2023-05-16,18286.5,18286.5,18432.349609375,18264.349609375,18432.349609375,219500,-0.006106338807060685,0.001125086958464916,0.001820766010442866,0.009198247054675653,-0.0019620738492942117,0.0002233920238092727,-0.03161085440956368,0.005230639654691469,0.006689288336736384,64.38002205163474,0.8992768912469017,1,-1.4766144225500784,13.289999961853027,0.009111608569773999,17835.344756811486,0
2023-05-17,18181.75,18181.75,18309.0,18115.349609375,18300.44921875,229900,-0.005728269488420423,-0.007280856354542675,0.0007628151231783009,0.010689851137335083,-0.00623258902534244,-0.0014584486848221365,-0.03681625655429943,0.005406510062781044,0.006701608113476868,58.657620494464794,0.9475137552290478,2,-1.330390953882487,13.109999656677246,-0.013544041060379652,17848.9292936598,0
2023-05-18,18129.94921875,18129.94921875,18297.19921875,18104.849609375,18287.5,272100,-0.002849053652701161,-0.009129954705689447,0.005816271811019291,0.01062420365399766,-0.00725101417239308,-0.0018375654846205674,-0.03814445452832149,0.005426391048299999,0.006634974612596656,56.00648171691687,1.1236140647905353,3,-0.790708630355865,12.800000190734863,-0.023646031583570037,17859.949696525004,1
2023-05-19,18203.400390625,18203.400390625,18218.099609375,18060.400390625,18186.150390625,260900,0.0040513721791914925,-0.00608253357246713,0.003099907848438799,0.008731767587603446,-0.0020114732679111067,-0.001228910123033255,-0.03893185355343276,0.005450159353319403,0.006543865891532264,58.84674937469026,1.067272095068622,4,0.4436745433193446,12.300000190734863,-0.03906249941792339,17873.418367219114,1
2023-05-22,18314.400390625,18314.400390625,18335.25,18178.849609375,18201.099609375,262600,0.006097761825706316,-0.004589918421147865,-0.00012639293761757466,0.00860342617853788,0.005004630944345629,-0.0009278400401881932,-0.04376080018627848,0.005523888785767542,0.006241387961469413,62.759604685554706,1.0671543228690439,0,0.7526207745824887,12.56999969482422,0.021951178853861997,17890.71179966868,1
2023-05-23,18348.0,18348.0,18419.75,18324.19921875,18362.900390625,270400,0.001834600568861644,0.0033631367402182644,0.0026481893463914208,0.00521445876621058,0.006169285185489841,0.000671602658981702,-0.030711482333048545,0.0054058615669692394,0.006186537324709313,63.879154654980404,1.095579595640371,1,0.026611965097298663,12.609999656677246,0.0031821768356523616,17908.64468996397,0
2023-05-24,18285.400390625,18285.400390625,18392.599609375,18262.94921875,18294.80078125,232600,-0.0034117947119577385,0.0057007928623482584,-0.002899456003379115,0.007099093857847011,0.0015978278305634978,0.0011298276719534258,-0.023346600281706875,0.005524805907017355,0.006208566063626516,60.24524557435676,0.9549616126780802,2,-0.8788694388903661,13.109999656677246,0.03965107165845483,17923.419438912686,1
2023-05-25,18321.150390625,18321.150390625,18338.099609375,18202.400390625,18268.900390625,235900,0.001955111686716471,0.01054615043693885,-0.0009023592400229649,0.007455017790944253,0.0014583684397120225,0.002091298716904549,-0.017946169609531992,0.005520667747489502,0.006043679569454808,61.58911871742615,0.9679338571692345,3,0.09682754534487092,12.520000457763672,-0.04500375395609357,17939.016746948688,1
2023-05-26,18499.349609375,18499.349609375,18508.55078125,18333.150390625,18368.349609375,198700,0.009726420827874671,0.016257908544516697,0.0025762147978519957,0.009567389504135321,0.007937896413287796,0.003230683799216353,-0.016357060581695837,0.005751333752912011,0.00596156849664611,67.48866296715093,0.8225018627369816,4,1.4076886863174407,11.899999618530272,-0.04952083199397461,17960.990606093623,1
2023-05-29,18598.650390625,18598.650390625,18641.19921875,18581.25,18619.150390625,265300,0.005367798508963517,0.015520573643541535,0.006475945575367039,0.003226328624285234,0.010219175502376375,0.0030730810109771867,-0.014019996000798285,0.005604454346897554,0.005512178215334326,70.23238311243007,1.1038988058086798,0,0.6945700179168061,12.300000190734863,0.033613494540094324,17985.996895554865,1
2023-05-30,18633.849609375,18633.849609375,18662.44921875,18575.5,18606.650390625,234400,0.0018925684396833287,0.015579333408273444,0.00043013873759531235,0.004680854822212054,0.008997856284440922,0.0030738747529668914,-0.011211970605449872,0.005558083781542051,0.005386572805660019,71.1614426687787,0.9816156455462959,1,0.09977464039846796,12.010000228881836,-0.023577232305368012,18011.402907175016,0
2023-05-31,18534.400390625,18534.400390625,18603.900390625,18483.849609375,18594.19921875,696500,-0.0053370195013254795,0.013617421258528273,-0.0021278689833930625,0.006494901429467934,0.0009137481141392875,0.0026725556470600527,-0.010957176698306759,0.005670299994675921,0.005415434280550924,64.98983959019988,2.6553058462476886,2,-1.1571662592764593,11.970000267028809,-0.0033305546287030197,18031.91263012576,0
2023-06-01,18487.75,18487.75,18580.30078125,18464.55078125,18579.400390625,265600,-0.0025169624936233204,0.00909329413398896,0.002427917766509551,0.006268768808474854,-0.0033987752549754875,0.0017977340066448319,-0.0036122136401881555,0.005406395076627716,0.0054476920368868205,62.26202362333844,1.005089780704244,3,-0.5845788846026636,11.600000381469728,-0.030910599607774425,18049.788620251617,1
2023-06-02,18534.099609375,18534.099609375,18573.69921875,18478.400390625,18550.849609375,270900,0.002507044360454902,0.0018784444174400061,0.0034130496883071223,0.005157309405058123,-0.0012744212323692258,0.00037592459872081395,-0.023861752017060978,0.004765634908601865,0.005400836405940085,63.88400071094336,1.0191298459454885,4,0.25653601619869054,11.130000114440918,-0.040517263066612186,18068.78122320564,1
2023-06-05,18593.849609375,18593.849609375,18640.150390625,18582.80078125,18612.0,256100,0.003223787573137793,-0.00025812524829327277,0.004203084706936402,0.00308616607636808,0.001997100033844547,-5.180484999193605e-05,-0.01829590429956196,0.004245716439034686,0.005274801881021712,65.91763274010401,0.9584580838323353,0,0.5462058653314177,11.140000343322754,0.0008984931517530548,18089.37215608622,1
2023-06-06,18599.0,18599.0,18622.75,18531.599609375,18600.80078125,220800,0.00027699431442118616,-0.001870231331987715,0.00037384253508725954,0.004918646665498195,0.002651242887107632,-0.000374850933046433,-0.02010365447695761,0.004244006286790821,0.005225441372679639,66.09485784807433,0.8301688160318833,1,-0.14960158157251088,11.380000114440918,0.021543964427435336,18109.357576441413,1
2023-06-07,18726.400390625,18726.400390625,18738.94921875,18636.0,18665.599609375,260100,0.006849851638528914,0.010359115803774133,0.00358081667697188,0.005524212210238248,0.007433765542411467,0.002064627130490769,-0.012097807173563346,0.004432322327228577,0.005274741499215581,70.21997118685903,0.9707034894569883,2,1.2913617420731756,11.4399995803833,0.005272360750352201,18133.555350974137,0
2023-06-08,18634.55078125,18634.55078125,18777.900390625,18615.599609375,18725.349609375,286500,-0.0049048192636628185,0.007940435220619158,-5.611229216940447e-05,0.008718536316620375,0.0009115418359306524,0.0015678483658129677,-0.01050798699340505,0.004613565143760671,0.005287964285979375,64.15929429186207,1.0617796390319831,3,-1.262455213709546,11.260000228881836,-0.015734209624458262,18153.20224394306,0
2023-06-09,18563.400390625,18563.400390625,18676.650390625,18555.400390625,18655.900390625,221800,-0.00381819725413457,0.0015809120414556066,0.001145700243897582,0.006534485780283179,-0.003223885758721402,0.0003144779994319579,-0.011992787849918862,0.0047335495429948185,0.005171960713407755,59.849970900163676,0.8250413822604944,4,-0.9505291859998586,11.119999885559082,-0.012433422777705982,18169.288456275808,1
2023-06-12,18601.5,18601.5,18633.599609375,18559.75,18595.05078125,179500,0.0020524046550352004,0.00041144737564957623,0.0017049888468162477,0.003979019619068145,-0.0012601530153446496,8.242445310684872e-05,-0.01060284943787182,0.004656927205179443,0.005171412004994007,61.347100854020695,0.6722720548304338,0,0.3205921595643989,11.25,0.011690657893777656,18186.237939210452,1
2023-06-13,18716.150390625,18716.150390625,18728.900390625,18631.80078125,18631.80078125,233200,0.0061635024393194016,0.0062987467404160835,0.0016289428943902374,0.005211498905286472,0.0036330193786518845,0.0012595800405880463,-0.01719674942478777,0.0045382848681363025,0.0051769256031361744,65.51436955545753,0.8711569352609362,1,1.0986724158888506,11.109999656677246,-0.012444474962022611,18207.01883218193,1
2023-06-14,18755.900390625,18755.900390625,18769.69921875,18690.0,18744.599609375,261400,0.0021238341844009856,0.001575316098376689,0.0015200358063082425,0.004264270666131621,0.005446465312151784,0.00031523576573507287,-0.030003073804960367,0.0042392971595438134,0.005113574694413602,66.8488561817331,0.9707908565910905,2,0.13180730428162082,11.15999984741211,0.004500467351933102,18228.543611643145,0
2023-06-15,18688.099609375,18688.099609375,18794.099609375,18669.05078125,18774.44921875,263000,-0.0036149041015322014,0.0028736312859700686,0.0009889596201028822,0.006698188868316275,0.0012370447662076373,0.0005710078109793272,-0.027912466561880622,0.004284580906076654,0.00473400065784931,62.41246684456209,0.9783862207507161,3,-1.1981960283928532,11.079999923706056,-0.007168452042999318,18246.565425501678,1
2023-06-16,18826.0,18826.0,18864.69921875,18710.5,18723.30078125,272800,0.0073790483520230765,0.014146094134112497,0.001883614311288298,0.008241320047566874,0.005795098040300041,0.0028103404290854292,-0.020056285422162423,0.004448055655334709,0.00480562646029112,67.18283804155038,1.012601844806147,4,1.2764840031766567,10.84000015258789,-0.02166062931143864,18269.28836213732,0
2023-06-19,18755.44921875,18755.44921875,18881.44921875,18719.150390625,18873.30078125,219800,-0.0037475183921172883,0.008276172284493288,0.002512524235100393,0.00867020269286811,0.00038026323983730864,0.0016354957903962992,-0.015805906228476774,0.004479747589197688,0.004738442289797919,62.792129814686376,0.8224047293884347,0,-1.102803222180516,11.229999542236328,0.035977802966666195,18288.353503559967,1
2023-06-20,18816.69921875,18816.69921875,18839.69921875,18660.650390625,18752.349609375,211600,0.003265717567498605,0.005372302852159505,-0.00016526447001340237,0.009594993978074477,0.002571847088632465,0.0010722092225279585,-0.02017267309889781,0.004501850012237611,0.004744024090746585,64.93473572044795,0.8005296509978247,1,0.4423017340745578,11.130000114440918,-0.0089046689110992,18309.072953594412,1
2023-06-21,18856.849609375,18856.849609375,18875.900390625,18794.849609375,18849.400390625,217500,0.0021337637466720683,0.005382264601941467,0.0017378803527036636,0.004312393178691428,0.00363145775619749,0.0010729747824145622,-0.025869401018844496,0.004367298742292978,0.004745344024251316,66.3045058196522,0.8252077247031149,2,0.13371737796496472,11.289999961853027,0.014375547687956791,18330.554401259396,0
2023-06-22,18771.25,18771.25,18886.599609375,18759.5,18853.599609375,252700,-0.004539443817404343,0.004449376467540178,-0.0001723511650845541,0.006775213058716917,-0.001807985008508028,0.000881911797012741,-0.020117836823024593,0.004572086437991518,0.0047776836908810065,60.8472050391194,0.955712718883552,3,-1.2589072319053665,11.550000190734863,0.023029249757336778,18347.836589473598,0
2023-06-23,18665.5,18665.5,18756.400390625,18647.099609375,18741.849609375,210600,-0.005633615236065759,-0.00852544353553597,-0.001566245754811214,0.0058615432715899704,-0.005734232753423584,-0.001710061929812995,-0.01750686148445668,0.004358033157786744,0.0048382999622115916,54.84183089190244,0.7947019867549668,4,-1.396713606458131,11.239999771118164,-0.026839862727047747,18360.29398357309,1
2023-06-26,18691.19921875,18691.19921875,18722.05078125,18646.69921875,18682.349609375,171300,0.0013768299134766515,-0.0034256710810087743,0.0009027140647183306,0.004041013458523051,-0.0036833308669798376,-0.0006884358843855533,-0.008401775592960403,0.004210611426951009,0.004838690480678411,55.97889411464132,0.6580741822093313,0,0.26593234459031356,11.399999618530272,0.014234862159271167,18373.27066491833,1
2023-06-27,18817.400390625,18817.400390625,18829.25,18714.25,18748.55078125,222500,0.00675190341711196,3.726327698871934e-05,0.003068372544147302,0.006145049895133388,0.003036205299524347,7.50269543203743e-06,-0.0098131318425283,0.004442561829027222,0.004773923133544009,61.15193413930645,0.8567248084401833,1,1.4064874808234027,10.779999732971191,-0.05438595669348034,18390.68752394245,1
2023-06-28,18972.099609375,18972.099609375,19011.25,18861.349609375,18908.150390625,398800,0.00822107281232487,0.006111837469536807,0.004822664029895037,0.007947490170612833,0.010041252567757336,0.0012249300924418141,-0.017503667188029315,0.004536129123672766,0.004840506482976226,66.36908078281719,1.628918615337486,2,1.5510474308504016,10.890000343322754,0.010204138504300797,18413.488006730153,1
2023-06-30,19189.05078125,19189.05078125,19201.69921875,19024.599609375,19076.849609375,247900,0.01143527476356887,0.022257483185722737,0.005521265550821699,0.009308979584922687,0.01706683245393428,0.004404370521473904,-0.01567578512707901,0.004983226201045006,0.005007727648989141,72.04006418346675,1.0162335000409937,4,1.914731968744776,10.800000190734863,-0.008264476561111844,18443.90224452317,1
2023-07-03,19322.55078125,19322.55078125,19345.099609375,19234.400390625,19246.5,226100,0.00695709243369369,0.035201349079853284,0.002993854120503697,0.005755272662617322,0.01705878383482481,0.006848184297808178,-0.007339221462682399,0.00511007404856791,0.005057436734768696,74.85037934110878,0.9354571783202317,0,0.9490915779816061,11.539999961853027,0.06851849611567573,18478.35906222985,1
2023-07-04,19389.0,19389.0,19434.150390625,19300.0,19406.599609375,226900,0.003438946519135566,0.03733311988617638,0.004349779129914791,0.006950797441709845,0.013114192764027524,0.007222656978882223,-0.005431041776402967,0.005112806422655958,0.005055078838267239,76.13611952613786,0.9444721944721944,1,0.2597310141742174,11.699999809265137,0.013864804847574463,18514.07048384676,1
2023-07-05,19398.5,19398.5,19421.599609375,19339.599609375,19405.94921875,224400,0.0004899685388621844,0.030880971723623807,0.0008741667311362113,0.0042400050495486966,0.007492363441453795,0.005994116348187079,-0.012105210329174776,0.005109045091432156,0.005010068476763085,76.32248962001822,0.9333666084352383,2,-0.31823624995270383,11.880000114440918,0.015384641718817926,18548.754005754723,1
2023-07-06,19497.30078125,19497.30078125,19512.19921875,19373.0,19385.69921875,268300,0.00509321758125636,0.027682817542001192,-0.0006598851070959094,0.007185217506323233,0.0071294133437859375,0.005414863745908151,-0.013483684003642082,0.0050385343344742685,0.0050314038164043905,78.22696590180367,1.1140638624756052,3,0.6065571666215392,11.84000015258789,-0.0033670001235441838,18585.951930338953,0
2023-07-07,19331.80078125,19331.80078125,19523.599609375,19303.599609375,19422.80078125,237100,-0.00848835445771845,0.007439138164118342,-0.0038210417347433307,0.01139683812614693,-0.0028899410684609197,0.00146430525539489,-0.02997791621969692,0.00535451515466993,0.005239883492841872,68.31463906339553,0.9947138781674778,4,-1.9287380545398467,11.529999732971191,-0.026182467535605713,18615.200913813933,1
2023-07-10,19355.900390625,19355.900390625,19435.849609375,19327.099609375,19400.349609375,268200,0.0012466303397029588,0.0017259423847579836,0.0035459101250146243,0.005626814276222213,-0.0019902549291064588,0.0003450233090271232,-0.04096558951799789,0.005189809875782041,0.005207478930331433,68.93198601495689,1.1143426956955294,0,-0.16523814678069598,11.460000038146973,-0.006071092493094121,18644.247960640292,1
2023-07-11,19439.400390625,19439.400390625,19515.099609375,19406.44921875,19427.099609375,251300,0.004313930032438185,0.0025994321844859947,0.003678424527566035,0.005598674409743379,0.001794417659844644,0.0005207754700929474,-0.04244534327045035,0.005213323985902256,0.005130889551512337,71.03754393645964,1.028779629098948,1,0.40147534485796466,11.010000228881836,-0.03926699893256713,18675.430417662705,0
2023-07-12,19384.30078125,19384.30078125,19507.69921875,19361.75,19497.44921875,327900,-0.002834429471475497,-0.0007319750882800458,0.002986142934377497,0.007538017934845765,-0.0008988803678535181,-0.00014608700335065714,-0.03643111068401017,0.005242746179278867,0.005146453042463362,67.77346883004961,1.3168410272886086,2,-0.8768283096571592,10.9399995803833,-0.006357915262790503,18703.22926297738,1
2023-07-13,19413.75,19413.75,19567.0,19385.80078125,19495.19921875,310400,0.0015192303855748879,-0.004285248619149806,0.005721043990777814,0.00934700716233793,0.0014815313959035856,-0.0008620458606462934,-0.0393595236832156,0.005242254912796666,0.005105184179790303,68.60381470151705,1.2344157006223777,3,-0.0417194885708303,10.9399995803833,0.0,18731.092828540593,1
2023-07-14,19564.5,19564.5,19595.349609375,19433.5,19493.44921875,291200,0.007765114931427508,0.012037120668846102,0.004105297469576975,0.008328381885661358,0.006840913285041538,0.002397261927757426,-0.03485905438072123,0.005247868487013716,0.005065751657691038,72.5087054437063,1.1516026338164633,4,1.0386053758399147,10.68000030517578,-0.023765931003665752,18763.775470884317,1
2023-07-17,19711.44921875,19711.44921875,19731.849609375,19562.94921875,19612.150390625,268700,0.007511013251041421,0.018369015181397108,0.002435553713358379,0.008633687525146688,0.010704638531150671,0.0036346324017991027,-0.028664301441889917,0.005254593920221006,0.004848986570681427,75.68357814451333,1.0634845246576428,0,0.987721016574192,11.31999969482422,0.05992503477160782,18800.939156195796,1
2023-07-18,19749.25,19749.25,19819.44921875,19690.19921875,19787.5,286400,0.001917706853032497,0.01593925754646386,0.0038582034433905896,0.006564179395245612,0.009435384737268416,0.003143854172632606,-0.03704805135022138,0.005060210308962677,0.004671450387657298,76.43740637288614,1.1187937028790187,1,-0.13407185524172055,11.710000038146973,0.03445232807745313,18838.127825317508,1
2023-07-19,19833.150390625,19833.150390625,19851.69921875,19727.44921875,19802.94921875,259700,0.004248282371482448,0.023155315966266965,0.002719051039912908,0.006298330748301017,0.00909365269799066,0.004545485113358661,-0.03086325339377005,0.005071842596681956,0.0046815535997265885,78.06295074198123,1.0050504073221231,2,0.3154440887082828,11.600000381469728,-0.00939365126549141,18877.148326724622,1
2023-07-20,19979.150390625,19979.150390625,19991.849609375,19758.400390625,19831.69921875,274700,0.007361412439498949,0.029123708228703915,-7.316900474298624e-05,0.011815188179948382,0.010706988269887441,0.00570156913540333,-0.030393167840140123,0.005177241264017235,0.004748296502063589,80.5743965429116,1.0514631298922508,3,0.85907250096016,11.789999961853027,0.016379273632336266,18920.364103140673,0
2023-07-21,19745.0,19745.0,19887.400390625,19700.0,19800.44921875,312500,-0.011719737128305097,0.009225893838329613,-0.008944382938268165,0.009512710184010151,-0.002959057949059694,0.0018068836409048745,-0.04264864834719351,0.005924006766516559,0.005107033249529538,67.27259421859819,1.1826146190088744,4,-2.4088605631167472,11.489999771118164,-0.025445308880875706,18952.702772380126,0
2023-07-24,19672.349609375,19672.349609375,19782.75,19658.30078125,19748.44921875,265600,-0.0036794322929856182,-0.0019835989196475,0.00017468821220562166,0.006330619321314847,-0.006235190947912961,-0.0003960456761204263,-0.05592534220940659,0.005796242418340625,0.005159514378953583,63.75569316105421,0.9947751830558624,0,-1.0914055413405754,11.649999618530272,0.01392513930368322,18980.924222516693,1
2023-07-25,19680.599609375,19680.599609375,19729.349609375,19615.94921875,19729.349609375,369700,0.0004193703428323481,-0.0034761011494107708,0.0028974678232048215,0.005781029985365464,-0.005128406339332843,-0.0006979378873207035,-0.056410125288027246,0.0058110366678572785,0.005141212682399214,63.985940558483364,1.3350667172236967,1,-0.3749914048071038,10.239999771118164,-0.12103003378381127,19008.362478164727,1
2023-07-26,19778.30078125,19778.30078125,19825.599609375,19716.69921875,19733.349609375,244700,0.004964339187534694,-0.002765552032567009,0.0026803045154616197,0.005523256677843872,0.0003652154104109409,-0.0005573977466506492,-0.053830012089639,0.0057575768462219895,0.0050505287074202945,66.685073632699,0.880136678356263,2,0.42647891639775637,10.460000038146973,0.021484401557245958,19038.55614258907,0
2023-07-27,19659.900390625,19659.900390625,19867.55078125,19603.55078125,19850.900390625,334900,-0.0059863783008722304,-0.015979157960080426,0.003670669698977632,0.013466948051702208,-0.002401640784238742,-0.0032282854177507958,-0.05223243489892415,0.005891437965062001,0.005058328489976403,60.74364214001095,1.2185714805516137,3,-1.3216833773735934,10.510000228881836,0.004780132940011006,19062.922587937344,0
2023-07-28,19646.05078125,19646.05078125,19695.900390625,19563.099609375,19659.75,258700,-0.0007044597937843067,-0.005011355722967847,-7.649612765673783e-06,0.00678833026982899,-0.0021023278106380335,-0.00100660956346644,-0.028827020458533914,0.005459871072924685,0.005029088138609204,60.069447694367206,0.9394632676035879,4,-0.34764037931507463,10.140000343322754,-0.035204555423539396,19085.790364055243,1
2023-07-31,19753.80078125,19753.80078125,19772.75,19597.599609375,19666.349609375,295100,0.005484562836559181,0.004140388590704092,0.0010332268989334489,0.008937338965799284,0.0025411590246532867,0.0008291862092989455,-0.0181780933158604,0.005388001782231814,0.005047207086367123,63.46677071742138,1.058388924754322,0,0.8113442224714339,10.40999984741211,0.026627169126986372,19111.986855220744,0
2023-08-01,19733.55078125,19733.55078125,19795.599609375,19704.599609375,19784.0,298000,-0.0010251191770254131,0.0026905263521430633,0.0015287801615709634,0.004618211067668905,0.0009754370142691863,0.0005361112270126076,-0.015079899211320802,0.005378781619562522,0.005019462612256837,62.39239638648471,1.0553342186808323,1,-0.3573306192342233,10.279999732971191,-0.012488003491492372,19136.3619149131,0
2023-08-02,19526.55078125,19526.55078125,19678.25,19423.55078125,19655.400390625,290700,-0.010489749274959825,-0.01272859598933096,-0.003960280209644544,0.013112907192842773,-0.0069884116463396284,-0.0025514921545614095,-0.01932966211557774,0.005955995566418956,0.00529975724731636,52.59170956025143,1.017536490601701,2,-1.8220618858945814,11.279999732971191,0.09727626711824566,19151.66344135678,0
2023-08-03,19381.650390625,19381.650390625,19537.650390625,19296.44921875,19463.75,315700,-0.007420685416911321,-0.014153174455181161,-0.0032161738114190276,0.012499769731761288,-0.01155990438609431,-0.002849965701747915,-0.0082215641301141,0.006087377546238942,0.0054018025064815085,47.023406926662716,1.0959522321738526,3,-1.1748701623464406,11.1899995803833,-0.007978737120429402,19160.68253869408,1
2023-08-04,19517.0,19517.0,19538.849609375,19436.44921875,19462.80078125,280800,0.006983389270114548,-0.0065687899663359195,0.004186970097461507,0.005268472109927164,-0.0033453599689471365,-0.0013316800029827345,-0.01614881930998735,0.00596944999371756,0.005462765705919169,52.12267192327241,0.9674585264173371,4,1.0885491557491997,10.56999969482422,-0.055406604897999756,19174.65577438737,1
2023-08-07,19597.30078125,19597.30078125,19620.44921875,19524.80078125,19576.849609375,216600,0.004114401867602702,-0.007922525985406659,0.0030665373456473842,0.0048988175895680755,0.0023574107733377895,-0.0016037300814674014,-0.020394195386119418,0.006022864914746912,0.005343108077248407,54.89651027704174,0.7529591712582344,0,0.5780945788713372,11.100000381469728,0.050141977478488586,19191.23009056619,0
2023-08-08,19570.849609375,19570.849609375,19634.400390625,19533.099609375,19627.19921875,260300,-0.0013497354646058168,-0.008244900964786916,0.0015256405886572787,0.005186108875489491,0.0026733018202364524,-0.0016604447080863427,-0.015006900620568198,0.005973307807719401,0.0053196184880366605,53.79098027622656,0.903458688370963,1,-0.2855688926317381,11.329999923706056,0.020720678768650025,19206.117132404393,1
2023-08-09,19632.55078125,19632.55078125,19645.5,19467.5,19578.80078125,266500,0.003152707884763739,0.005428506098567265,0.00040627627485273607,0.00914344420187492,0.004743146564832183,0.0010832437233509432,-0.007378249368213741,0.0059557722543997224,0.00532678745226125,56.01609670857004,0.9349400971776386,2,0.4202269987622391,11.140000343322754,-0.016769601205888884,19222.840022628745,0
2023-08-10,19543.099609375,19543.099609375,19623.599609375,19495.400390625,19605.55078125,312200,-0.004556268458015711,0.00833000366305714,-0.001375267039970489,0.006575870009402258,-0.0014847899589519793,0.0016447095494508555,0.0016672203586980405,0.006062807908612199,0.005308686899691697,52.09926520728646,1.0949199501990285,3,-0.8101602717170985,11.399999618530272,0.023339251992335885,19235.399223576893,0
2023-08-11,19428.30078125,19428.30078125,19557.75,19412.75,19554.25,235500,-0.005874136161590715,-0.004544715824665646,0.0005705538449822492,0.007469317845230583,-0.006449668629111838,-0.0009077292806455069,0.002416832834896354,0.005951722932108864,0.005376067335608586,47.50807213309574,0.8340711882415441,4,-0.9324390816183936,11.520000457763672,0.01052638975867537,19242.963991393954,1
2023-08-14,19434.55078125,19434.55078125,19465.849609375,19257.900390625,19383.94921875,243900,0.00032169565781225984,-0.008304715114425987,-0.002282832811750738,0.010798125160686387,-0.004472908069371197,-0.0016753909858865709,0.005742878973004517,0.005664195316100759,0.005372403272440305,47.77789303791928,0.8676318878730745,0,0.17926056082705835,12.0,0.04166662527455389,19250.4771996499,1
2023-08-16,19465.0,19465.0,19482.75,19317.19921875,19369.0,0,0.0015667570139761278,-0.005408534196915782,-0.0033728992240583127,0.008570123410505089,-0.0018307235078675588,-0.0010892930900890307,0.008984417434158787,0.005656191864352313,0.005363228626123335,49.14928301780331,0.0,2,0.40313183622794696,12.130000114440918,0.010833342870076423,19258.88985935922,0
2023-08-17,19365.25,19365.25,19461.55078125,19326.25,19450.55078125,268700,-0.005124582584125403,-0.013615183489314342,-0.0007423179424608271,0.007000881249595757,-0.00421603442888898,-0.0027464760467505404,0.00997665045584517,0.005611509827739075,0.005430633600128921,44.98187897889475,1.0054632540038917,3,-0.7044889376886928,12.239999771118164,0.009068397002427897,19263.060845682114,0
2023-08-18,19310.150390625,19310.150390625,19373.80078125,19253.599609375,19301.75,256100,-0.0028452826260957353,-0.011919768276586584,-0.0032790694672157603,0.006243049316163789,-0.004664792065101716,-0.0024058477814642206,0.021565139085336082,0.0052471423209545665,0.0053839670760123534,42.821970409517874,0.9616612218842702,4,-0.2209442935363275,12.140000343322754,-0.008169888044554652,19264.90749468011,1
2023-08-21,19393.599609375,19393.599609375,19425.94921875,19296.30078125,19320.650390625,262600,0.0043215209131937105,-0.0017861146101099123,0.0005437554751048292,0.0067188234143809545,-5.7001406182017484e-06,-0.00035940861332546553,0.016010815783660703,0.004837402582107793,0.005348567909237928,46.97475050214806,0.9953944999336657,0,1.0778994105933315,11.960000038146973,-0.014827042840635962,19269.954244739973,1
2023-08-22,19396.44921875,19396.44921875,19443.5,19381.30078125,19417.099609375,208700,0.00014693555773015454,-0.001960506467520662,0.0012117399798560313,0.003209238608492843,0.0005343715562805886,-0.00039292924745726733,0.012064274308717593,0.0047968783517762245,0.005307828587804483,47.11599833663089,0.7997087787868338,1,0.17575239739314782,11.75,-0.017558531561636115,19274.91483239423,1
2023-08-23,19444.0,19444.0,19472.05078125,19366.599609375,19439.19921875,225200,0.0024515199000461063,-0.0010788594913948568,0.002204011647589332,0.0054450019106066045,0.0032045459318317785,-0.0002165344776579368,0.010943112098449115,0.00484317460269001,0.005309921926416024,49.53186702696069,0.8875051725157146,2,0.6295279314358608,11.729999542236328,-0.001702166618184786,19281.545623843474,0
2023-08-24,19386.69921875,19386.69921875,19584.44921875,19369.0,19535.150390625,268300,-0.002946964680621278,0.001107613831476506,0.004687841525663444,0.011123404344571222,2.6799052643414224e-05,0.00022062557858469077,0.020907169254925306,0.004685788715428175,0.005281821907028188,46.75976684047373,1.0524664116897127,3,-0.4184265856529656,11.699999809265137,-0.002557522092236364,19285.669294568208,0
2023-08-25,19265.80078125,19265.80078125,19339.55078125,19229.69921875,19297.400390625,466500,-0.006236153774081932,-0.0022966993253730195,-0.004606190415263364,0.005712599102584442,-0.005754616390187157,-0.00045752615104391325,0.017749160599885294,0.0047002298683792715,0.005368100532770758,41.484387069532794,1.7839047054549626,4,-1.1152508081109267,12.079999923706056,0.03247864278937862,19284.89013712214,1
2023-08-28,19306.05078125,19306.05078125,19366.849609375,19249.69921875,19298.349609375,248200,0.002089194238900971,-0.004514315541642833,0.0016894614708503268,0.006085829669010656,-0.002776331302492757,-0.0009088522103914299,0.012791961622442116,0.004751030292799956,0.0053384872702821095,43.759285958725854,0.9510307303241627,0,0.6220059948824801,12.399999618530272,0.026490041129573205,19285.719966366083,1
2023-08-29,19342.650390625,19342.650390625,19377.900390625,19309.099609375,19374.849609375,307400,0.0018957584743610756,-0.002773643130155712,0.0035635888926500332,0.003563127366984822,-0.0003302408632469141,-0.0005573260811812359,0.0180400926758294,0.004563371510977749,0.005253793978409675,45.82186060655955,1.175098912440987,1,0.6446762142550795,12.229999542236328,-0.01370968399385264,19287.95253218475,1
2023-08-30,19347.44921875,19347.44921875,19452.80078125,19334.75,19433.44921875,233000,0.0002480956863764039,-0.004965582249022882,0.004694228882356701,0.006105627497123056,0.000916678119838356,-0.0009983200781707282,0.014600159708925031,0.004572632245808771,0.0052173669902730365,46.10097561015942,0.9018947531401807,2,0.2685000199818364,11.800000190734863,-0.03515939228096132,19290.28573574158,0
2023-08-31,19253.80078125,19253.80078125,19388.19921875,19223.650390625,19375.55078125,562600,-0.004840350603388277,-0.006855134853047451,0.001452468601016728,0.00855970769241867,-0.002556557265334664,-0.001373808360961741,0.007113025886426483,0.004099048135194446,0.005259599009026025,41.59723300137224,2.068838714422299,3,-1.012015416884041,12.0600004196167,0.02203391734569493,19288.854953116985,1
2023-09-01,19435.30078125,19435.30078125,19458.55078125,19255.69921875,19258.150390625,333000,0.009426710188917609,0.008797973254502045,0.00022590912954889385,0.010534624590649806,0.0050809398869143116,0.0017606913245417194,0.006029870975092999,0.004360755120946495,0.005404614024331514,51.488821642765714,1.220652114147468,4,2.1265048560029,11.369999885559082,-0.057213972640935196,19294.59792713761,1
2023-09-04,19528.80078125,19528.80078125,19545.150390625,19432.849609375,19525.05078125,296800,0.004810833701642592,0.01153783352814619,0.004617885825908358,0.00577891475040401,0.0075948522133497814,0.0022922207637238326,0.010933192381965995,0.004206981989155462,0.005384346619760635,55.655518190467,1.0847754975238026,0,1.1338431014396928,10.960000038146973,-0.03605979345108401,19303.782353355055,1
2023-09-05,19574.900390625,19574.900390625,19587.05078125,19525.75,19564.650390625,256800,0.0023605960187407238,0.012007144590307384,0.001835730200567151,0.003139484078716567,0.00755865859143854,0.002378538268698932,0.013150179076282686,0.004135395941059381,0.005307399017810581,57.58967621912942,0.9317344846978575,1,0.5824436144587318,10.81999969482422,-0.012773753908346008,19314.414433877493,1
2023-09-06,19611.05078125,19611.05078125,19636.44921875,19491.5,19581.19921875,287600,0.0018467726478093027,0.013624615809537222,0.00032178085197392346,0.007436534835697612,0.00668762443285172,0.002693260831367864,0.011570480568737995,0.0041445168966405595,0.00530857943538382,59.09633539756639,1.0383421185645172,2,0.4187193339657578,10.68000030517578,-0.012938945803797952,19326.04723247541,1
2023-09-07,19727.05078125,19727.05078125,19737.0,19550.05078125,19598.650390625,304900,0.005915032360780392,0.024579562517384357,-0.0006323164813206203,0.009562595046008713,0.007745942241782482,0.004826360456447123,0.01976612787748766,0.004293780515679838,0.005291412843930667,63.56879703086504,1.0932233775546791,3,1.318949460842904,10.869999885559082,0.017790222373984754,19341.7728626986,1
2023-09-08,19819.94921875,19819.94921875,19867.150390625,19727.05078125,19774.80078125,288100,0.004709190366575022,0.019791226378708116,0.0024205341451944257,0.007101903418232222,0.008528182369725657,0.003899705452835326,0.005625120954868779,0.004247424568194162,0.005216412372435599,66.70826421521988,1.037469165811412,4,0.9405135706747308,10.779999732971191,-0.008279682937941568,19360.524877646094,1
2023-09-11,19996.349609375,19996.349609375,20008.150390625,19865.349609375,19890.0,248800,0.008900143420050854,0.02394150226438385,0.0035343572517194345,0.007188435343851609,0.012685669357671098,0.004717961917709568,-0.005296712364927236,0.004322175101532134,0.005124625062647446,71.69602566324313,0.8938065814053744,0,1.7211530757617863,11.350000381469728,0.05287575720017501,19385.459182109138,0
2023-09-12,19993.19921875,19993.19921875,20110.349609375,19914.650390625,20110.150390625,328100,-0.0001575482868895195,0.02136914210431118,0.005691077795351515,0.009826897028638131,0.008254324740077954,0.004183751897685123,-0.007375974970325272,0.004330027712139084,0.005049688090413954,71.49002707518629,1.16112821601727,1,-0.3654215452407779,11.6899995803833,0.02995587554945489,19409.292125877775,1
2023-09-13,20070.0,20070.0,20096.900390625,19944.099609375,19989.5,251400,0.003841345269944396,0.02340258173156129,-0.000185023852837459,0.007661452973197842,0.007463878435923503,0.004591053324968546,-0.007678846472908285,0.0043637030865929976,0.0050544613017221626,73.48974603691497,0.8517991461679203,2,0.5265338828520786,11.829999923706056,0.011976077703004018,19435.202239795155,1
2023-09-14,20103.099609375,20103.099609375,20167.650390625,20043.44921875,20127.94921875,275100,0.001649208239910216,0.019062597460458797,0.0028873551943198804,0.0061965967294099165,0.005329931439240696,0.0037473724775785116,-0.01903913679936231,0.004072005197407917,0.005056176321977208,74.32557012328768,0.931090502944561,3,-0.056422001223025084,11.31999969482422,-0.04311075504403428,19461.394294676167,1
2023-09-15,20192.349609375,20192.349609375,20222.44921875,20129.69921875,20156.44921875,438200,0.004439613877174287,0.01878916976602052,0.00265380018065078,0.004607619765803908,0.006046036687844732,0.003704905192344964,-0.02689660693193341,0.003951541327364491,0.005045536691131712,76.47898219996362,1.4387733324577676,4,0.5548491185158017,10.899999618530272,-0.03710248123822679,19490.05921021043,0
2023-09-18,20133.30078125,20133.30078125,20195.349609375,20115.69921875,20155.94921875,264900,-0.002924316846098174,0.006848808635091741,-0.0018026822697295144,0.0039596133228497095,0.0017370017086645868,0.0013564659341219483,-0.03129270128436756,0.004080671992486445,0.004896595719377329,72.16629006205383,0.8694367861362742,0,-1.1757662688199575,10.84000015258789,-0.005504538352494981,19515.284370900983,0
2023-09-20,19901.400390625,19901.400390625,20050.650390625,19878.849609375,19980.75,378100,-0.011518249945432046,-0.00459150269652242,-0.0075770378095215,0.008642390511822052,-0.008895887446632774,-0.0009119103630586429,-0.030624678469069355,0.005065944794066192,0.005200226024481296,58.26929245929205,1.2074085901325244,2,-2.531125672315827,11.130000114440918,0.026752763631999965,19530.426176196957,0
2023-09-21,19742.349609375,19742.349609375,19848.75,19709.94921875,19840.55078125,275100,-0.007991939166498319,-0.01632538069880418,-0.0030575541509965587,0.007042168384582105,-0.013597661226860526,-0.003292737035523899,-0.03166942561625952,0.005464878517268465,0.005309976161626689,51.013413962954964,0.8715487335455971,3,-1.6054897745542152,10.81999969482422,-0.02785268790918327,19538.73689938357,0
2023-09-22,19674.25,19674.25,19798.650390625,19657.5,19744.849609375,246400,-0.003449417659114995,-0.02133251178713791,0.00012663133058958854,0.0071804853427445,-0.012769507998120483,-0.00434446373263845,-0.03616488619009428,0.00548403088697825,0.00531815014118357,48.24340178720284,0.7833412811953584,4,-0.7664105327338641,10.65999984741211,-0.014787416998601866,19544.051138818115,1
2023-09-25,19674.55078125,19674.55078125,19734.150390625,19601.55078125,19678.19921875,188400,1.5288066889551644e-05,-0.02564331730293501,0.00020073033279540515,0.006764750955411093,-0.0075973890199082525,-0.005263721139306602,-0.046859668735251714,0.005236937254854404,0.005315353808231436,48.25676594765626,0.6266526967020905,0,-0.2002493095777063,10.899999618530272,0.02251405014573482,19549.168772034787,0
2023-09-26,19664.69921875,19664.69921875,19699.349609375,19637.44921875,19682.80078125,204900,-0.0005007261720755274,-0.023274949676230228,0.0004193234240378344,0.003152160442808274,-0.0033829638090460013,-0.00476352998053272,-0.041851946161100106,0.005241926965783496,0.005205677042315954,47.8212183384025,0.6864781559903511,1,-0.2738252862378016,11.1899995803833,0.026605502018552496,19553.69937794154,1
2023-09-27,19716.44921875,19716.44921875,19730.69921875,19554.0,19637.05078125,203600,0.002631619198663282,-0.009293374749755112,-0.0014059934094307236,0.009036474314718216,0.0011165298965641081,-0.001881047554479265,-0.02861848380027976,0.005251666143602469,0.0051095907971035436,50.35596419484887,0.6941934603975587,2,0.3164740930369365,11.59000015258789,0.0357462544418512,19560.08172484728,0
2023-09-28,19523.55078125,19523.55078125,19766.650390625,19492.099609375,19761.80078125,352800,-0.009783629666773708,-0.011082714694764628,0.002300189146475292,0.01408523385125484,-0.006470467655096293,-0.0022194546867691177,-0.020184770501136096,0.005780348817377752,0.005286951243864582,42.13874101727466,1.1788291900561347,3,-1.7755837184466923,12.81999969482422,0.10612592977073332,19558.649138779136,1
2023-09-29,19638.30078125,19638.30078125,19726.25,19551.05078125,19581.19921875,243500,0.005877516917168757,-0.0018272218127756146,0.002952763979560743,0.008961115221388555,-0.0002651957292032693,-0.0003682651701301771,-0.021797304830069586,0.00575916835210116,0.005319784552727378,47.61506625758706,0.859437042265949,4,0.8469896015547309,11.449999809265137,-0.10686426818810224,19561.772732695208,0
2023-10-03,19528.75,19528.75,19623.19921875,19479.650390625,19622.400390625,221700,-0.005578424654468894,-0.007410628220744453,-0.0008096622412556776,0.007369168606541622,-0.004364151756239618,-0.0014848614742595833,-0.012218849086570005,0.005581228308959903,0.005260084168679919,43.39261499660786,0.7981710829493087,1,-1.0467897969863826,11.789999961853027,0.02969433696520829,19560.477723532586,0
2023-10-04,19436.099609375,19436.099609375,19457.80078125,19333.599609375,19446.30078125,277100,-0.004744307271330683,-0.011624871900254297,-0.004221940408372271,0.0064241100666413906,-0.0067725981952180625,-0.0023411596684375226,-0.006877976639588557,0.005579345889233799,0.005040281671118008,40.14981433722012,1.0011742390028,2,-0.8115937393038173,11.65999984741211,-0.01102630321132636,19555.600150293325,1
2023-10-05,19545.75,19545.75,19576.94921875,19487.30078125,19521.849609375,234900,0.005641584105285702,-0.008657705901104595,0.0044118934211799625,0.00460035171142104,0.0005764043745142681,-0.0017565172249648239,-0.007168534051271824,0.005705783933578392,0.005085026443141472,45.354630650527724,0.8520748694138132,3,1.0005143945857469,10.9399995803833,-0.061749594892885895,19555.21386987939,1
2023-10-06,19653.5,19653.5,19675.75,19589.400390625,19621.19921875,159100,0.0055127073660514725,0.006656023804583855,0.003860134236342939,0.004407976132660231,0.0047555030093062575,0.0013296928360385994,0.004491467747721023,0.005827609856947997,0.0051465469643484875,49.9598496728278,0.5908896770719206,4,0.9258687408427817,10.300000190734863,-0.058500860529833276,19559.068228021843,0
2023-10-09,19512.349609375,19512.349609375,19588.94921875,19480.5,19539.44921875,165100,-0.00718194675884698,-0.0064135473469911775,-0.005803077378075152,0.005567065462898796,-0.0011742971083861385,-0.0012817174739868588,0.004470044643306137,0.005878941938354553,0.005193526656182152,44.651249361240666,0.6295159476102415,0,-1.1329805221770997,11.399999618530272,0.10679605897336675,19557.236125284824,1
2023-10-10,19689.849609375,19689.849609375,19717.80078125,19565.44921875,19565.599609375,216600,0.00909680297624016,0.008249355917557377,0.0027290408928720322,0.0077867653738304225,0.006252192804059264,0.001651257922291364,0.014813429717096871,0.006157704412612555,0.005290027561210031,51.61398235434375,0.8372956047779195,1,1.5292645397040543,11.270000457763672,-0.011403435536549544,19562.436654195368,1
2023-10-11,19811.349609375,19811.349609375,19839.19921875,19756.94921875,19767.0,213700,0.006170692128707245,0.019306857216300655,0.00391828237165743,0.004163092139850317,0.008593067592207989,0.0038116085947281914,0.0285585458301697,0.0059719019828488535,0.005358999072336395,55.72018449939797,0.8317278689162628,2,1.1096656957411994,10.989999771118164,-0.024844780414593592,19572.197946776614,0
2023-10-12,19794.0,19794.0,19843.30078125,19772.650390625,19822.69921875,217900,-0.0008757409120068171,0.012700970799278677,0.00057288421025235,0.0035731370974170546,0.005169061044265623,0.0025061392070183045,0.022664319664586152,0.005972118188638253,0.005305748473332455,55.002390019825874,0.8666600377846276,3,-0.06574157468981666,10.619999885559082,-0.033666960260676726,19580.896066700294,0
2023-10-13,19751.05078125,19751.05078125,19805.400390625,19635.30078125,19654.55078125,255000,-0.0021698099802970328,0.004963532258885239,-0.007045024691825805,0.008662949005468268,0.0019953032779931835,0.0009856601116499215,0.020855371758137897,0.005893166132316354,0.005312923562653159,53.17616278978678,1.0134933725482402,4,-0.23540537179362098,10.619999885559082,0.0,19587.568800743826,0
2023-10-16,19731.75,19731.75,19781.30078125,19691.849609375,19737.25,181000,-0.0009772027556287366,0.011244180993947861,-0.0006987365585177529,0.004542547990637386,-0.0012072526271031275,0.002221657906254555,0.029716437342009905,0.005864920486392273,0.0050924439714288856,52.33521016803725,0.7330903199675982,0,-0.01053357839218776,11.06999969482422,0.04237286385257333,19593.22296553421,1
2023-10-17,19811.5,19811.5,19849.75,19775.650390625,19843.19921875,185800,0.004041709427698992,0.006178330106039853,0.005648217656822127,0.0037470125083789024,0.0015960583151866262,0.0012330420831907966,0.025039414464354315,0.0058464949443423125,0.004998101695143323,55.4689164135731,0.793068123612771,1,0.8522781931768528,10.699999809265137,-0.033423658153493685,19601.782849404084,0
2023-10-18,19671.099609375,19671.099609375,19840.94921875,19659.94921875,19820.44921875,198900,-0.007086812741337156,-0.007079275403510721,0.0004517183832622467,0.0092065344618173,-0.004089760996446247,-0.0014158443328369519,0.01587777356212361,0.005993909945562929,0.005019570649269562,49.32116579909462,0.8611135163217595,2,-0.9927505055993835,10.970000267028809,0.025233688091272466,19604.501153767116,0
2023-10-19,19624.69921875,19624.69921875,19681.80078125,19512.349609375,19545.19921875,230300,-0.0023588102112444,-0.008553136367080882,-0.0064002721314571276,0.008684303800788022,-0.004732762391697828,-0.001721314869142516,0.005350466718325397,0.005482711691583783,0.004999029757537364,47.44946724662893,1.030010286685451,3,-0.30533010087704165,10.899999618530272,-0.006381098158122156,19605.29323476096,0
2023-10-20,19542.650390625,19542.650390625,19593.80078125,19518.69921875,19542.150390625,198300,-0.004180896084593599,-0.01055135713705102,-0.00420637418208838,0.0038476725143577264,-0.006794426920180745,-0.0021238581881130795,-0.0004360860218455276,0.00527628170964148,0.005031028396001366,44.251555037647506,0.9023890784982935,4,-0.6987243267061063,10.81999969482422,-0.007339442798699691,19602.8366525959,0
2023-10-23,19281.75,19281.75,19556.849609375,19257.849609375,19521.599609375,176000,-0.013350307425555652,-0.02280588391805083,-0.0010771712551383757,0.015526136410081968,-0.015551136464488264,-0.004605311879455961,-0.0028559493589189744,0.005993450662814364,0.005353851240602597,35.95370041265765,0.8139481108079359,0,-2.065556772020164,10.90999984741211,0.008317944096702723,19590.24501895352,0
2023-10-25,19122.150390625,19122.150390625,19347.30078125,19074.150390625,19286.44921875,225300,-0.008277236732921023,-0.03479542737172858,0.00024371329106538566,0.014320448619260871,-0.016778673723991305,-0.007150280543778481,-0.006718527585460432,0.006204176401101736,0.005439407539814319,32.000605359237824,1.033130803622607,2,-1.109506521087754,11.3100004196167,0.03666366432621637,19571.888366571922,0
2023-10-26,18857.25,18857.25,19041.69921875,18837.849609375,19027.25,300400,-0.013853064912347501,-0.0413728579253968,-0.004962851388906905,0.010821278097132197,-0.02221594238217958,-0.008512113886249928,-0.0003120102730661545,0.006799181998098179,0.00571668476174761,26.744504644798567,1.347991922818039,3,-1.7367433213722718,11.729999542236328,0.03713519956119171,19543.863332162913,1
2023-10-27,19047.25,19047.25,19076.150390625,18926.650390625,18928.75,205200,0.010075700327460302,-0.029424614987132558,0.0037916451232284667,0.007898914858915147,-0.006414126670901988,-0.006124426613106442,0.004516548116090036,0.007255582702248074,0.00590994142947474,34.99209935107986,0.9204683084376262,4,1.6256867608412715,10.90999984741211,-0.06990620007031012,19524.388299244783,1
2023-10-30,19140.900390625,19140.900390625,19158.5,18940.0,19053.400390625,180100,0.004916740769664862,-0.020557600528571474,0.00032290176403417816,0.011536430834213305,0.0026736829896728577,-0.004218456732599117,-0.0009581744348052812,0.007136435328977668,0.0059513568332642056,38.658039970999255,0.8404302480225857,0,0.8255139666801805,11.489999771118164,0.05316223023079436,19509.349557519363,0
2023-10-31,19079.599609375,19079.599609375,19233.69921875,19056.44921875,19232.94921875,206000,-0.0032026069828995363,-0.010484027156508091,0.0048090124417597664,0.009301313060231619,0.001583749809116126,-0.0021122349158038765,0.01796554076173207,0.006964311362047499,0.005925780023861693,37.180053709134306,0.969776857169758,1,-0.25650428811876996,11.829999923706056,0.02959096252051574,19492.49661814935,0
2023-11-01,18989.150390625,18989.150390625,19096.05078125,18973.69921875,19064.05078125,194100,-0.004740624572936891,-0.006955284697750641,-0.0008149452002839666,0.006448482243203843,-0.0017704877434998182,-0.00139415923523512,0.02067575207495631,0.006940398087622898,0.005948567064436628,35.05068637553181,0.9197308567096285,2,-0.4853899725138258,12.050000190734863,0.018596810519664553,19472.75755014774,1
2023-11-02,19133.25,19133.25,19175.25,19064.150390625,19120.0,245600,0.007588523257266999,0.01463628047567922,0.006890756388953602,0.005827671682113587,0.0028944247204177966,0.0029069231042191932,0.030218090378985152,0.007169650034220742,0.006017678557824338,40.861702238984115,1.1725109206788724,3,1.1662452729070871,11.079999923706056,-0.08049794619709894,19459.443528407704,1
2023-11-03,19230.599609375,19230.599609375,19276.25,19210.900390625,19241.0,189500,0.005087980838331285,0.009626040996731922,0.005631557628735317,0.00340169424890105,0.006063375798469202,0.0019165547868239844,0.025749770739770694,0.007144749383722029,0.006064826119005096,44.47592502953854,0.9145973599749029,4,0.8237011799485593,10.880000114440918,-0.01805052442619892,19450.469256965836,1
2023-11-06,19411.75,19411.75,19423.0,19309.69921875,19345.849609375,180700,0.00941990339899168,0.01415030661293537,0.0059930528605990595,0.005867558058075979,0.012670547565656493,0.0028168607830923757,0.026450914647127788,0.007373980362527931,0.006203445403736332,50.53409935873306,0.8676029288200696,0,1.3594561713949054,11.109999656677246,0.021139663586129176,19448.950854714447,0
2023-11-07,19406.69921875,19406.69921875,19423.5,19329.099609375,19404.05078125,198700,-0.000260191958478706,0.01714394515984896,-0.00039662672092933405,0.004883848318481111,0.008963646508426827,0.0033701197406210155,0.02255848480986833,0.007209044483676594,0.0061892687094015995,50.36908245193533,0.9463932747493511,1,-0.0018651553517960303,11.1899995803833,0.007200713427382821,19447.293927795603,1
2023-11-08,19443.5,19443.5,19464.400390625,19401.5,19449.599609375,195000,0.0018962926582819506,0.023926800305890117,0.0022105969769218303,0.0032420375035435403,0.006123635499536646,0.004682399662648749,0.03643830314935037,0.006892283488042118,0.0061276160511741316,51.60899684032758,0.933572710951526,2,0.3637514068270129,11.039999961853027,-0.013404792149700473,19447.145146311846,0
2023-11-09,19395.30078125,19395.30078125,19463.900390625,19378.349609375,19457.400390625,208400,-0.002478937369815082,0.013696093515215724,0.0007149119564378841,0.004414760956145182,0.0009150197597781591,0.002695510389076041,0.034696622824340606,0.006713251327077479,0.006132718333034994,49.85231789919653,0.998993336848665,3,-0.2147987207778211,10.979999542236328,-0.005434820636233795,19445.112033935773,1
2023-11-10,19425.349609375,19425.349609375,19451.30078125,19329.44921875,19351.849609375,152200,0.001549283945833313,0.010127089324092564,-0.002240293788947347,0.006303933501726539,0.00045475129093827834,0.002008218405029902,0.02875143966384197,0.006738606146209258,0.006130839341365561,50.97272778531297,0.741263849993912,4,0.3667538614561781,11.109999656677246,0.011839719477296118,19444.33703688659,1
2023-11-13,19443.55078125,19443.55078125,19494.400390625,19414.75,19486.75,189300,0.0009369804014345284,0.0016382233054721418,0.003160838381789903,0.004102571015593814,0.0010642450059855483,0.00032741527838094656,0.017207015234857237,0.00674453931772566,0.006131985334040749,51.67699344098079,0.9369431795684023,0,0.25244286618888095,11.1899995803833,0.007200713427382821,19444.306203331926,1
2023-11-15,19675.44921875,19675.44921875,19693.19921875,19579.650390625,19651.400390625,291500,0.011926753508604282,0.013848310677188502,0.010689899788028204,0.005799328683589198,0.01020808732452657,0.002764412766202804,0.01670161974759532,0.007311862520191728,0.0063093589107322025,59.633203177904065,1.40437935104666,2,1.6487284628935512,11.140000343322754,-0.004468207232840138,19453.370635390977,1
2023-11-16,19765.19921875,19765.19921875,19875.25,19627.0,19674.69921875,282700,0.004561522280999375,0.01654533488055132,-3.81185705933096e-05,0.012648392520507465,0.011474829436382727,0.003270057167929179,0.01888240078924075,0.007328319860626602,0.006205647165374721,62.22543068902757,1.330916623511134,3,0.635514360138851,11.649999618530272,0.04578090300627391,19465.59920739353,0
2023-11-17,19731.80078125,19731.80078125,19806.0,19667.44921875,19674.75,236800,-0.0016897597201204206,0.017349563370798737,-0.004576185534431473,0.007044674665686303,0.006299936703604347,0.0034049745340363684,0.014263758658281667,0.007154164096083058,0.006178215433946137,60.66423295256923,1.1049672196169011,4,-0.26136189815993,11.829999923706056,0.0154506704780899,19476.038484886703,0
2023-11-20,19694.0,19694.0,19756.44921875,19670.5,19731.150390625,173800,-0.0019157289123818977,0.013829887030467836,-3.296154427111533e-05,0.00436944758648738,0.001627504831654969,0.0027230194912599196,0.010298582908171428,0.007146631411320643,0.006177423770097824,58.864119153825065,0.8218271231322111,0,-0.29639083668993327,12.149999618530272,0.02704984758139939,19484.585995351776,1
2023-11-21,19783.400390625,19783.400390625,19829.099609375,19754.05078125,19770.900390625,195000,0.0045394734754240496,0.01747878323247054,0.003904762395907383,0.0037991614457240476,0.0027080866803938374,0.0034513009990352022,0.0051595739549259445,0.007132204498316496,0.006204313318990882,61.754598056702285,0.9227929867733006,1,0.5478074196167955,12.229999542236328,0.006584356067307784,19496.30420702131,1
2023-11-22,19811.849609375,19811.849609375,19825.55078125,19703.849609375,19784.0,184500,0.0014380348265852216,0.006932517225325396,3.030871150361715e-05,0.006176517497225271,0.0027635227258348202,0.0013789377754255163,-0.02055978038121964,0.0063189008340083985,0.006152199140871995,62.65390877170457,0.8713516576933975,2,0.00982568029196532,11.869999885559082,-0.029435786602770242,19508.67853661688,0
2023-11-23,19802.0,19802.0,19875.150390625,19786.75,19828.44921875,170000,-0.0004971574875239915,0.0018618978155853227,0.0008378626782602386,0.004467655912416137,0.0018917572091942218,0.0003715027317044588,-0.033691091544246765,0.005918561521130521,0.006116479110115201,62.10937969373457,0.8134944371336285,3,-0.3821293371810279,11.31999969482422,-0.046335315588670434,19520.181339184215,0
2023-11-24,19794.69921875,19794.69921875,19832.849609375,19768.849609375,19809.599609375,145900,-0.00036868908443588033,0.003187668383504594,0.00038377988965761033,0.003237416504481334,0.0008853317957877003,0.0006352735834763063,-0.04652526530247836,0.004670314852828144,0.0059808181037415715,61.681459717343714,0.7249689440993788,4,-0.5990932815668103,11.329999923706056,0.0008834124692078671,19530.946746299498,1
2023-11-28,19889.69921875,19889.69921875,19916.849609375,19800.0,19844.650390625,229600,0.004799264638990497,0.009936996991469549,0.0025234620300613147,0.0059014954229797975,0.0037024783300955836,0.0019772891377368715,-0.034292443938323425,0.004358178546314574,0.006022327430636997,65.05530792641565,1.133995159776757,1,0.6001182830721185,12.18000030517578,0.07502209948750704,19545.01547080159,1
2023-11-29,20096.599609375,20096.599609375,20104.650390625,19956.30078125,19976.55078125,236200,0.010402389113554511,0.015831414851130488,0.004366660427832168,0.0074337228628254745,0.010947754499189806,0.003149361036638943,-0.03409827493598594,0.004695330648699275,0.006177728068339147,71.03652584568046,1.1506515649738156,2,1.6876950006149343,12.710000038146973,0.04351393429325068,19566.646221470182,1
2023-11-30,20133.150390625,20133.150390625,20158.69921875,20015.849609375,20108.5,486600,0.0018187545137213768,0.01621760651251658,0.0005921594128515406,0.007136824674586497,0.00952306652939163,0.003197563642558783,-0.03900109842992494,0.004508142146213981,0.006178680912979134,71.94992880161513,2.2188276601080688,3,-0.19489479169595111,12.6899995803833,-0.001573600134039621,19588.862071375457,1
2023-12-01,20267.900390625,20267.900390625,20291.55078125,20183.69921875,20194.099609375,265800,0.0066929416105065975,0.0235279461986162,0.003027306584784714,0.0053434983018281115,0.011553498241843208,0.004628191630078494,-0.04381313929993902,0.004231105849521348,0.006219240944402675,75.07118990910327,1.1925164879536991,4,0.804929432259237,12.380000114440918,-0.024428642726008643,19615.491025226413,1
2023-12-04,20686.80078125,20686.80078125,20702.650390625,20507.75,20601.94921875,381100,0.020668169003769332,0.04506769982415193,0.016481669126394347,0.009503743249503236,0.02334774525934462,0.008803097955944543,-0.03612868768189115,0.005662098399356816,0.006837425648269522,81.83734719171682,1.6593734352208651,0,2.93423767998559,12.989999771118164,0.049272992814087146,19657.503172756245,1
2023-12-05,20855.099609375,20855.099609375,20864.05078125,20711.150390625,20808.900390625,421000,0.008135565760247543,0.04853770688070114,0.0059022954136856215,0.007382515589004225,0.021912554970164182,0.00933349144542461,-0.03593703821294891,0.005735073569554729,0.006690074250570323,83.74611354701211,1.7451500580334935,1,0.7020473248627062,13.460000038146973,0.036181699408017076,19704.467739150332,1
2023-12-06,20937.69921875,20937.69921875,20961.94921875,20852.150390625,20950.75,359200,0.003960643244200535,0.04185283210711077,0.0045864269371315896,0.005265587772394203,0.017572261608580806,0.00806612890975497,-0.036756732653923097,0.00559678930816725,0.00657615269928258,84.60144612143961,1.4358523374572782,2,0.027456694258457252,13.739999771118164,0.02080235751691273,19752.829758207656,0
2023-12-07,20901.150390625,20901.150390625,20941.25,20850.80078125,20932.400390625,275000,-0.0017455990623970186,0.03814604198047511,-0.00025307595021017526,0.0043379254206551195,0.008269297856458316,0.007336049601020691,-0.038860931489342,0.005662819258485251,0.006556008375940398,82.53187828644751,1.0827624222379715,3,-0.9598826424203989,12.670000076293944,-0.07787479713597867,19797.861940094284,1
2023-12-08,20969.400390625,20969.400390625,21006.099609375,20862.69921875,20934.099609375,292400,0.003265370504707432,0.03461137989036511,0.0015764308726652213,0.006873530079756953,0.004761388082720332,0.006712549184035794,-0.043867309163817536,0.005647999237885852,0.006560000446800441,83.35091996609455,1.1296117442534286,4,-0.09393600945137123,12.470000267028809,-0.015785304503615816,19843.80462464761,1
2023-12-11,20997.099609375,20997.099609375,21026.099609375,20923.69921875,20965.30078125,212900,0.001320935183362959,0.014999846105070436,-0.00019550436820467472,0.0048939907592075145,0.0031057465408505743,0.0029595393510987063,-0.06758710865221307,0.005487939626940684,0.006554994368695099,83.68526084198324,0.8217697577921451,0,-0.48250634765066935,12.760000228881836,0.023255810396395793,19889.03187915758,0
2023-12-12,20906.400390625,20906.400390625,21037.900390625,20867.150390625,21018.55078125,244900,-0.004319607014175553,0.0024598674765829998,0.0010216254756167495,0.008182717659269518,-0.0017165986326748693,0.0004886463578720884,-0.07378333076862242,0.005774193760931633,0.006600152143434036,78.15106117539769,0.9286716468848356,1,-1.3782364504616362,12.710000038146973,-0.00391851017539091,19928.92868370424,1
2023-12-13,20926.349609375,20926.349609375,20950.0,20769.5,20929.75,260300,0.0009542158562574343,-0.0005420657378073512,0.0011168641630660916,0.008690628084450758,-0.0006557027814016575,-0.00010857545213840062,-0.07680379615974797,0.005773765406561876,0.006406589197770138,78.48803255149447,0.9739579435755444,2,-0.4716746287216513,12.06999969482422,-0.05035407878850484,19968.043229974177,1
2023-12-14,21182.69921875,21182.69921875,21210.900390625,21074.44921875,21110.400390625,334400,0.012250087289956912,0.01347049434423897,0.008795168994383297,0.006474720665705417,0.008873400445813282,0.00269085467251166,-0.06313512635811547,0.0057979826528416645,0.0065570532268631,82.27175921400871,1.2412538742785026,3,1.461671255945478,12.31999969482422,0.020712510879946633,20015.67679835476,1
2023-12-15,21456.650390625,21456.650390625,21492.30078125,21235.30078125,21287.44921875,508800,0.012932779200891975,0.023236239039903017,0.004945073284488686,0.012102489277049547,0.01719983414885455,0.004600452425521968,-0.06234099967927098,0.006149123409735465,0.006666890796413725,85.25626443063626,1.8125467564390296,4,1.420946642967011,13.130000114440918,0.06574678893514818,20072.185566899403,0
2023-12-18,21418.650390625,21418.650390625,21482.80078125,21365.349609375,21434.80078125,249700,-0.0017710126840955187,0.02007661958520135,-0.0010183140880436162,0.005497273577187946,0.011356062291795956,0.003929325160969155,-0.06541226346585383,0.006153187421701887,0.006619450199863124,83.1648428300714,0.8874908922891009,0,-0.9518326804082416,13.899999618530272,0.05864428769063568,20124.988109204085,1
2023-12-19,21453.099609375,21453.099609375,21505.05078125,21337.75,21477.650390625,249800,0.0016083748565725031,0.026149849258371383,0.0027546086669319025,0.007840600871694532,0.007779675614202184,0.005104889512453051,-0.06317175170512002,0.006020772065504162,0.006598180094862016,83.55860537814254,0.8760147989689818,1,-0.4444682800081851,13.869999885559082,-0.002158254229819967,20177.070913319807,0
2023-12-20,21150.150390625,21150.150390625,21593.0,21087.349609375,21543.5,363900,-0.01412146609423337,0.010694688057287127,0.004213861505844826,0.023978849878801188,-0.008536352676112458,0.0020864190753320496,-0.05839100868914682,0.007303012739835579,0.006956095932522959,68.406021207583,1.2394414168937329,2,-2.3862376185036784,14.449999809265137,0.04181686578886912,20215.230892953925,1
2023-12-21,21255.05078125,21255.05078125,21288.349609375,20976.80078125,21033.94921875,277500,0.004959794076523361,0.0034155969337448244,-0.005494106175552645,0.01485206592625298,-0.004294314532069946,0.0006841706670045975,-0.06942975573802568,0.007297047523525829,0.006858425296702811,70.40714666086038,0.9304274937133278,3,0.19285834392326232,13.760000228881836,-0.0477508366429793,20256.008143610816,1
2023-12-22,21349.400390625,21349.400390625,21390.5,21232.44921875,21295.849609375,284700,0.004438926556610712,-0.0049984502728748215,0.0019194886215463862,0.0074438318265435035,0.0011315250766530827,-0.0010091719008699194,-0.08314209185579569,0.007237358535601927,0.006788160511654947,72.11773582189667,0.936559369705742,4,0.08877719567737544,13.710000038146973,-0.003633734731334881,20298.886271081574,1
2023-12-26,21441.349609375,21441.349609375,21477.150390625,21329.44921875,21365.19921875,219500,0.004306875934107168,0.0010597875373108412,0.0007400127327200075,0.006924753206714821,0.005229275474461528,0.0002126450236042355,-0.08212664396275726,0.007172104097700299,0.006767924768456428,73.71251491582859,0.7134383176506915,1,0.03876466087465544,14.68000030517578,0.07075129572063155,20343.68875507362,1
2023-12-27,21654.75,21654.75,21675.75,21495.80078125,21497.650390625,256500,0.0099527499207277,0.009399592333821927,0.0026258039850897766,0.008371366137099816,0.013318104724796737,0.0018809486743952958,-0.07934236207371814,0.007292074682703327,0.006859124356798807,77.00045298349559,0.8300702242645869,2,0.7744474057963159,15.5600004196167,0.059945510636716826,20395.10292169282,1
2023-12-28,21778.69921875,21778.69921875,21801.44921875,21678.0,21715.0,393100,0.005723881307796219,0.0297184093973919,0.002782299495491751,0.005694677495617677,0.01315831747755969,0.005805182032810219,-0.05398229828801693,0.007160480751158228,0.006856591397899628,78.66928730337014,1.2406305723438165,3,0.2327274431032053,15.140000343322754,-0.02699229209302889,20449.361600162396,0
2023-12-29,21731.400390625,21731.400390625,21770.30078125,21676.900390625,21737.650390625,270900,-0.0021717930740454694,0.02241112544389723,-0.001884815420457238,0.004308752125160595,0.0064971372146321316,0.004374454181955053,-0.056972874029142195,0.007279705819019582,0.006869110010950102,76.39141300911471,0.8850916457019636,4,-0.8246055931198955,14.5,-0.04227214853433048,20499.637631297683,1
2024-01-02,21665.80078125,21665.80078125,21755.599609375,21555.650390625,21751.349609375,263700,-0.003500136051024061,0.010468145707435372,0.00043460868554408684,0.009275953874115627,-0.0022431717155718903,0.0020646877029366884,-0.036856716669899425,0.006246186265816997,0.006787611815250068,72.65522070364781,0.8950816333457792,1,-0.9332249562962229,14.579999923706056,0.005517236117658975,20592.175267711966,0
2024-01-03,21517.349609375,21517.349609375,21677.0,21500.349609375,21661.099609375,311900,-0.00685186637566948,-0.006345046265830767,-0.0002169858350709328,0.008216163636147269,-0.007824052815841847,-0.0012683619868220889,-0.038099869422000054,0.006411097125039232,0.006875329909383471,65.6335224026871,1.0786602341304836,2,-1.3150508347501633,14.100000381469728,-0.032921779475175605,20628.456614531377,1
2024-01-04,21658.599609375,21658.599609375,21685.650390625,21564.55078125,21605.80078125,339200,0.006564470186349425,-0.0055145446552474775,0.004110690836963595,0.0056156796681475045,-0.00020359806154298724,-0.0011163048568275725,-0.03994528048220147,0.006487618834345429,0.0068506894461170505,68.73016081255125,1.1771442452846559,3,0.7472064544201596,13.329999923706056,-0.05460996006607266,20668.85437912868,1
2024-01-05,21710.80078125,21710.80078125,21749.599609375,21629.19921875,21705.75,309300,0.002410182228605562,-0.0009479190942469629,0.0021769824215500428,0.005566567185743375,0.0023967316105887497,-0.00019022106457952927,-0.03968504004181739,0.006438008778428664,0.006475433677012307,69.81273031755941,1.0670300479525305,4,0.07582200458050237,12.630000114440918,-0.052513114273936345,20709.715022440112,0
2024-01-08,21513.0,21513.0,21763.94921875,21492.900390625,21747.599609375,231500,-0.00911070868564301,-0.010528076502627215,0.0016949548980607111,0.012611086600635294,-0.004631918105550914,-0.002108631486524328,-0.03645154590321309,0.006882938237615425,0.006504771561240237,61.17087017969547,0.8071123507365118,0,-1.5126157528070103,13.460000038146973,0.06571654126566862,20741.21639417653,1
2024-01-09,21544.849609375,21544.849609375,21724.44921875,21517.849609375,21653.599609375,228600,0.0014804820050666745,-0.0055825848809463174,0.006535564978152745,0.009601313008758444,-0.0020413393842526463,-0.0011244472818761088,-0.03166952118120725,0.0068830796615762845,0.006066651492372589,61.9868276369915,0.7948263273182434,1,0.024621617920289558,13.260000228881836,-0.01485882679779471,20772.731422288314,1
2024-01-10,21618.69921875,21618.69921875,21641.849609375,21448.650390625,21529.30078125,217000,0.0034277152411805734,0.0047101344363917885,-0.000721695830182732,0.009007523328108585,0.00044006161585700726,0.0009408244774276965,-0.029360715390267744,0.006767429948615134,0.005974320827090559,63.88205644262719,0.7581713047883584,2,0.25551661824933963,12.970000267028809,-0.02187028332181873,20805.90663005822,1
2024-01-11,21647.19921875,21647.19921875,21726.5,21593.75,21688.0,212500,0.0013183031833516878,-0.0005263678552913653,0.003205594404583561,0.006147612156295224,0.0018646559624688251,-0.00010546786843768876,-0.034973350861446484,0.0067658779654377645,0.005966789445508804,64.61526052944083,0.748700783933762,3,-0.058853831985724574,12.770000457763672,-0.01542018543928314,20838.89849634403,1
2024-01-12,21894.55078125,21894.55078125,21928.25,21715.150390625,21773.55078125,294700,0.011426492637705898,0.008463529367313427,0.00583685497708909,0.009813407024203741,0.011591894270278166,0.0016976792068402326,-0.02514179897865576,0.006701649629213119,0.006039613248720562,70.25839877590579,1.0456287255180243,4,1.4551187932461047,13.100000381469728,0.025841809857213294,20880.296625239345,1
2024-01-15,22097.44921875,22097.44921875,22115.55078125,21963.55078125,22053.150390625,345500,0.009267074694848665,0.02716725787895702,0.0072437937165087275,0.006920556767613388,0.0154821277689537,0.005338764193787484,-0.002697554030593574,0.006426207068392355,0.006008558693645883,73.93102974353947,1.2624463323284918,0,1.2107866254047772,13.789999961853027,0.05267172215959026,20928.028099578274,0
2024-01-16,22032.30078125,22032.30078125,22124.150390625,21969.80078125,22080.5,292400,-0.0029482333845447517,0.022624951239524682,-0.0007670215047091655,0.007025535229556054,0.007972395454747363,0.004411832035902051,-0.006025331548301871,0.0064628703876757915,0.006030766605879146,70.90348538660356,1.060150103332004,1,-0.6784297186200005,13.56999969482422,-0.01595360896572795,20971.332910697103,0
2024-01-17,21571.94921875,21571.94921875,21851.5,21550.44921875,21647.25,456000,-0.020894393512082443,-0.0021624797832171527,-0.0174766487201231,0.013969582638122936,-0.01266623431332028,-0.00042437692244830146,-0.007702453565050726,0.008192642044158703,0.0069050994013075155,54.05768934014116,1.5937368936110723,2,-2.5978186957434857,15.079999923706056,0.11127489040827099,20994.886491443147,0
2024-01-18,21462.25,21462.25,21539.400390625,21285.55078125,21414.19921875,387300,-0.0050852715087356115,-0.00854379436716246,-0.007312737407284742,0.011925912182578375,-0.016021217970172006,-0.0017147195821250508,-0.02330017215222724,0.007573460276541315,0.006905710995834123,50.95115213307862,1.3481151449754603,3,-0.7744138674199162,14.06999969482422,-0.06697614283764652,21013.214472199343,1
2024-01-19,21622.400390625,21622.400390625,21670.599609375,21575.0,21615.19921875,343100,0.00746195718645537,-0.012430051355886373,0.007126429836107584,0.004431036355735806,-0.0061988260353565425,-0.002536084433132695,-0.02971298392356836,0.007666148674677956,0.006939775069393522,55.015502214745304,1.180782599717796,4,0.860714332427948,13.880000114440918,-0.013503879495690096,21037.10411609483,0
2024-01-23,21238.80078125,21238.80078125,21750.25,21192.599609375,21716.69921875,449700,-0.01774084294273448,-0.038857355389753545,0.004361163720096771,0.02631344907673863,-0.01606350590998025,-0.007942211983756322,-0.033676900325377734,0.00867772550739501,0.007497553659712591,45.327046526603205,1.504919349441135,1,-2.0268791733321696,14.850000381469728,0.0698847448869695,21045.013789249515,1
2024-01-24,21453.94921875,21453.94921875,21482.349609375,21137.19921875,21185.25,407500,0.010129971071150878,-0.02625016643709721,-0.002521365579984893,0.01632905036533082,-0.0007415370089773858,-0.005446179080040828,-0.02683779779447637,0.008930149516212325,0.0075624591100167116,50.583427326260356,1.322107585490883,2,1.1309986283683902,14.380000114440918,-0.03164984881854216,21061.050472781433,0
2024-01-25,21352.599609375,21352.599609375,21459.0,21247.05078125,21454.599609375,418100,-0.004724053755400193,-0.010168279516639345,3.031565975888399e-05,0.009975465344914598,-0.0034257626540184823,-0.0020448413216462707,0.003784797319851485,0.008674498028290203,0.007622387782655261,48.23103666009108,1.3218463484034144,3,-0.4695723293273829,13.869999885559082,-0.03546594053011687,21072.48377227083,1
2024-01-29,21737.599609375,21737.599609375,21763.25,21429.599609375,21433.099609375,376700,0.018030591452244726,0.012829484763946075,0.0037700327581966153,0.01556960450530466,0.011942128042643,0.0025790734094420353,0.01471663187783867,0.009531511458091863,0.007948290005920277,56.505804717356106,1.194053505768987,0,1.9006168425165013,15.68000030517578,0.1304975078984103,21098.56674630809,0
2024-01-30,21522.099609375,21522.099609375,21813.05078125,21501.80078125,21775.75,375100,-0.009913698102483215,-0.0046387440542211555,0.0017550415552113898,0.01447553175506194,0.0028465502982925888,-0.0009228321714670788,0.004992516586501017,0.009776926398531187,0.008007780552446983,51.539871021843354,1.1696654089619258,1,-0.970937028087773,16.100000381469727,0.026785718630076172,21115.175878213362,1
2024-01-31,21725.69921875,21725.69921875,21741.349609375,21448.849609375,21487.25,410600,0.009460025419002926,0.022924949601196065,-0.0016192476574088317,0.013637095011014122,0.007760772945900505,0.0045246369669984365,0.02367010856080498,0.010024318509186182,0.00807125698545933,55.517391703027194,1.2311105780762772,2,0.9443212387647713,16.049999237060547,-0.003105661069842447,21139.117970027222,0
2024-02-01,21697.44921875,21697.44921875,21832.94921875,21658.75,21780.650390625,332500,-0.0013003033741542103,0.011349891692070901,0.002529316608948324,0.00804290269521556,0.004181949902184995,0.0022415849317278134,0.009889136199138004,0.00999624281690867,0.00806791151546058,54.84474181810526,0.986764007597341,3,-0.14237991755718798,14.460000038146973,-0.09906537535791016,21161.01331313909,1
2024-02-02,21853.80078125,21853.80078125,22126.80078125,21805.55078125,21812.75,442800,0.007205988175093214,0.023472606663543782,0.005314024708045499,0.01473248730209714,0.0067475408471979305,0.004619908698225076,0.007836332773732968,0.009976091472107667,0.008082650643661843,57.88601095645737,1.2890642057611972,4,0.6410691504290805,14.699999809265137,0.016597494501038756,21188.181449172887,0
2024-02-05,21771.69921875,21771.69921875,21964.30078125,21726.94921875,21921.05078125,440800,-0.0037568550808078083,0.0015686924953890458,0.0030772679166041804,0.010924293149043194,0.0026503275702841208,0.00031207028668665885,-0.003653233733213579,0.009928591279403662,0.008116411214253877,55.76217904609525,1.2645409297588823,0,-0.4100786674621457,15.619999885559082,0.06258504001572063,21211.06449898405,1
2024-02-06,21929.400390625,21929.400390625,21951.400390625,21737.55078125,21825.19921875,371000,0.007243402101531293,0.018924769824621546,0.0024573185336827213,0.009837796885537754,0.0061384208305568806,0.003741561714202123,0.008856066621200975,0.010040952660493376,0.008150552674912818,58.882781386206126,1.0549663036369323,1,0.6679324843943873,15.789999961853027,0.010883487678582604,21239.234533978546,1
2024-02-07,21930.5,21930.5,22053.30078125,21860.150390625,22045.05078125,346300,5.014315737827957e-05,0.009426660066859993,0.00527375981855124,0.008835730183623759,0.00430150332497519,0.0018678192527103348,-0.009980210197631179,0.00978283911281528,0.008147454316696147,58.90454979289313,0.9689152513919588,2,-0.09799016027209599,15.510000228881836,-0.017732725373504787,21266.342983652503,0
2024-02-08,21717.94921875,21717.94921875,22011.05078125,21665.30078125,22009.650390625,491100,-0.009692017110872975,0.0009448115210834995,0.003609146650783156,0.0159586983578472,-0.005618907458607137,0.00018695424180928592,-0.007089573146873418,0.010069000131812117,0.00831018403910828,53.05723491121083,1.3253808682040833,3,-1.008893709963902,15.829999923706056,0.020631830438553767,21284.053032104053,1
2024-02-09,21782.5,21782.5,21804.44921875,21629.900390625,21727.0,349200,0.0029722318898448563,-0.0032626261199916184,0.0004167419841918632,0.008069793432828489,-0.002011772256477844,-0.0006566069432415453,-0.010839436343056952,0.010062338385388423,0.008301054586360674,54.53336270027387,0.9259038300918745,4,0.2535465439178689,15.449999809265137,-0.024005061040578646,21303.599972038886,0
2024-02-12,21616.05078125,21616.05078125,21831.69921875,21574.75,21800.80078125,287400,-0.0076414194307357075,-0.007149117573972075,0.0008401598186617698,0.011909719405786858,-0.008223307809422719,-0.0014291145414897614,-0.005710204521745865,0.01021766413965217,0.008314288128408114,50.15386189914159,0.7545485573262621,0,-0.7468832434437672,16.059999465942383,0.039482178913130994,21315.852944959574,1
2024-02-13,21743.25,21743.25,21766.80078125,21543.349609375,21664.30078125,365800,0.005884480011507653,-0.008488622001018409,0.0022321376133078194,0.010372164771339037,-0.0006802080149645429,-0.0017223348752166716,-0.0015781910558185785,0.009964801332808864,0.008337557801745958,53.244061129265496,0.9515015151712208,1,0.6217795818717149,15.8100004196167,-0.01556656629135289,21332.613613798418,1
2024-02-14,21840.05078125,21840.05078125,21870.849609375,21530.19921875,21578.150390625,359100,0.004451992284961959,-0.004124357344793772,-0.0075931431306267465,0.015821980426838682,0.004603993028534865,-0.000831975153208467,0.007523975227528346,0.009778685509764804,0.008315491223758836,55.50478428204203,0.9324245374878286,2,0.5115874928090055,15.4399995803833,-0.023402962012215367,21352.51311057689,1
2024-02-15,21910.75,21910.75,21953.849609375,21794.80078125,21906.55078125,345400,0.0032371361888359207,0.008877485590745637,0.0030448647151082274,0.00729755824434189,0.006071564348846268,0.0017655708146569837,0.01439442104187394,0.009797669866119602,0.007858051297426071,57.134959454262784,0.8907227129134163,3,0.35476023452593625,15.229999542236328,-0.013601039109727653,21374.404753315917,1
2024-02-16,22040.69921875,22040.69921875,22068.650390625,21968.94921875,22020.30078125,343900,0.005930843022260657,0.011853516297486433,0.004999864507148318,0.00453827676882731,0.009644412179895182,0.0023568268429879978,-0.009876091687709865,0.008557571200656564,0.007824545333375685,60.033384487123605,0.8998613182615066,4,0.5634207103540628,15.220000267028809,-0.0006565512480672941,21400.533948057804,1
2024-02-20,22196.94921875,22196.94921875,22215.599609375,22045.849609375,22099.19921875,295700,0.0033766555730090353,0.02086620991572108,-0.0010419727310739188,0.007699862015198262,0.007937892332002993,0.004101745697205204,-0.005705716315656639,0.00834729530198733,0.007818163405816043,63.35948911455442,0.8203975751522465,1,0.24345362891681732,16.06999969482422,0.0558475304127799,21458.95860426805,0
2024-02-21,22055.05078125,22055.05078125,22249.400390625,21997.94921875,22248.849609375,364500,-0.006392700010330099,0.009844299454861094,0.0023381767518375536,0.011430664257587932,-0.00045723990744871813,0.0019372031523898537,-0.028587719772919407,0.00728323073264337,0.007885616517474428,58.420414306214475,1.0233733417561592,2,-1.13796411044744,15.93000030517578,-0.00871184768556843,21482.334768086326,1
2024-02-22,22217.44921875,22217.44921875,22252.5,21875.25,22081.55078125,343500,0.0073633218581414805,0.013997659539267238,0.0012015388340220396,0.017245517194089212,0.004111342271106619,0.0027812152580554378,-0.02159019387714367,0.007145355933754565,0.007936190001992036,62.06511313363646,0.9731567391458319,3,0.7806620298583553,15.199999809265137,-0.04582551675617108,21511.162785777255,0
2024-02-23,22212.69921875,22212.69921875,22297.5,22186.099609375,22290.0,226000,-0.0002137959201901074,0.00780374516674498,0.003265486534285499,0.005021179593817674,0.0023383336754103875,0.0015483325588506452,-0.03247704617059499,0.006999458663215278,0.007899677591671159,61.89421865917849,0.6581821358884002,4,-0.3156225248689873,14.970000267028809,-0.015131549021213275,21538.674018459216,0
2024-02-26,22122.05078125,22122.05078125,22202.150390625,22075.150390625,22169.19921875,207800,-0.004080928508836235,-9.005356597979741e-06,-0.0019583392172024343,0.005753075188739601,-0.0017503426211953623,-1.7937374295823993e-06,-0.017695004674995296,0.006029971409984462,0.007935158643881658,58.57927711882275,0.6204374113607524,0,-0.8255076727326821,15.600000381469728,0.04208417523067687,21561.551538581734,1
2024-02-27,22198.349609375,22198.349609375,22218.25,22085.650390625,22090.19921875,252200,0.003448994348646428,6.308932868193118e-05,-0.0014398105679694238,0.0060038806659407406,0.0016799551480812236,1.2660585936187869e-05,-0.03135810155296537,0.005481793643400031,0.007781273295755183,60.497051573061114,0.7670782894336639,1,0.3441768929667218,15.729999542236328,0.00833327933254524,21586.52401195989,0
2024-02-28,21951.150390625,21951.150390625,22229.150390625,21915.849609375,22214.099609375,203000,-0.011135927809948543,-0.004710956762490448,0.0007095122059591458,0.014295625624113541,-0.008545011253673521,-0.0009361091473315973,-0.015088122054387143,0.005850013328178817,0.007773097799883048,52.08325707723414,0.6375628140703518,2,-1.9971592849690087,16.329999923706055,0.03814369986843791,21600.823085640575,1
2024-02-29,21982.80078125,21982.80078125,22060.55078125,21860.650390625,21935.19921875,360200,0.0014418556686905948,-0.010561448129786766,-0.0007266667847081263,0.009144302070295577,-0.005006441930772273,-0.0021379147181298957,-0.023712835632674012,0.005837297436800299,0.007767580619805278,52.98485343670356,1.1263817877636537,3,0.13246328200386612,15.56999969482422,-0.04654012446004674,21615.802603123047,1
2024-03-01,22338.75,22338.75,22353.30078125,22047.75,22048.30078125,351500,0.016192168700068565,0.005674716971974192,0.0029796021285817017,0.01385859243006656,0.009952234108182498,0.0011468127515171776,-0.01651589525169328,0.006642388517811081,0.008071919929856014,61.71050965680675,1.115094219909904,4,2.267155175837691,15.239999771118164,-0.02119460052499267,21644.153481445752,1
2024-03-04,22405.599609375,22405.599609375,22440.900390625,22358.30078125,22403.5,298800,0.0029925402887358565,0.012817474786981586,0.002898550724637681,0.0036943598792744236,0.010384040753339265,0.002538627525040601,-0.016298322939962917,0.006553294976539699,0.007779520492898842,63.095771733713875,0.9697520446579255,0,0.23420752406905426,14.920000076293944,-0.020997355618775138,21674.014113927537,0
2024-03-05,22356.30078125,22356.30078125,22416.900390625,22269.150390625,22371.25,296200,-0.00220029050703785,0.00711544662799124,-0.0015330814606107376,0.006634738973346764,0.00672675304129934,0.0014099258634337325,-0.01235158771953726,0.006453595568551159,0.007774067035087161,61.33350142835504,0.9731256981404823,1,-0.49301758132730217,14.380000114440918,-0.03619302674877456,21700.770453834564,1
2024-03-06,22474.05078125,22474.05078125,22497.19921875,22224.349609375,22327.5,312300,0.005266971542034149,0.023821092804699795,-0.0012882623798904566,0.012277057109464412,0.007285497961997347,0.004677879366013461,-0.0009640594376112421,0.006519352305461786,0.007782331916856665,63.92520396783477,1.0317827408484208,2,0.61641471746453,14.300000190734863,-0.005563276986744636,21731.095172569836,1
2024-03-07,22493.55078125,22493.55078125,22525.650390625,22430.0,22505.30078125,379900,0.0008676673462120199,0.023234073086612295,0.001390492542006345,0.004264395480383415,0.0035648093564634204,0.004545242021310406,-0.01247839472919754,0.005990529794948155,0.0077680156371988775,64.3513435281924,1.2786079698438342,3,-0.15092736859778916,13.609999656677246,-0.0482517849548475,21760.995392530484,0
2024-03-11,22332.650390625,22332.650390625,22526.599609375,22307.25,22517.5,277900,-0.007153178801771132,-0.0002730506127245347,0.0010647149035252987,0.009833108490513174,-0.0035596352763364657,-5.4234295281479765e-05,-0.025529581801752355,0.006303831298882038,0.007742166810587346,58.23821922699758,0.9466709815877774,0,-1.3340415559843606,14.0,0.028655426389479377,21783.41323560195,1
2024-03-12,22335.69921875,22335.69921875,22452.55078125,22256.0,22334.44921875,299200,0.0001365188668460693,-0.0031197732639902664,8.05470059995713e-05,0.00883136148679008,-0.002801585412411572,-0.0006259927899498278,-0.03641209130962664,0.005954583587435829,0.007707413507938377,58.31901787219582,1.0171854017576365,1,-0.25473174264832904,13.640000343322754,-0.02571426119123188,21805.07150945919,0
2024-03-13,21997.69921875,21997.69921875,22446.75,21905.650390625,22432.19921875,493300,-0.015132725270416536,-0.016040290654917078,0.004320437836080448,0.024701371551450278,-0.014737082332417998,-0.0032110171164819075,-0.02774273710381503,0.006953355041638165,0.008015777511328847,47.37569720387036,1.6414880873153201,2,-2.2644835750321723,14.43000030517578,0.057917884308540835,21812.625537277294,1
2024-03-14,22146.650390625,22146.650390625,22204.599609375,21917.5,21982.55078125,426700,0.006771215952804832,-0.01456792964524889,-0.0006886373592692843,0.013099103883882742,-0.0051479413498792745,-0.002976678491411899,-0.02860634065655565,0.007039337059248883,0.008068396116847926,51.6788620602434,1.404080289568937,3,0.859904673505223,13.619999885559082,-0.05613308402538042,21825.724551138697,0
2024-03-15,22023.349609375,22023.349609375,22120.900390625,21931.69921875,22064.849609375,661500,-0.005567468627318717,-0.020903821564132397,-0.0036935960882205224,0.00862683597781821,-0.006489772856892736,-0.0042462509100160755,-0.026042833664357223,0.007147401261805897,0.008094056699606564,48.167600146749756,2.0690949469041775,4,-0.8184824140640709,13.6899995803833,0.005139478370953299,21833.47455342511,1
2024-03-18,22055.69921875,22055.69921875,22123.69921875,21916.55078125,21990.099609375,356300,0.0014688778023679294,-0.012401177962793941,-0.0015097612574722053,0.009451689710098871,-0.002538023269441307,-0.00251506856847165,-0.013081737134312377,0.007030382013253031,0.008028268712384936,49.14389560596052,1.1123078123780534,0,0.20082393849012406,13.899999618530272,0.01533966724497815,21842.18924618579,0
2024-03-19,21817.44921875,21817.44921875,21978.30078125,21793.099609375,21946.44921875,344200,-0.010802196640288697,-0.023202765891696342,-0.004953368239041107,0.008498156535536129,-0.008665887102932049,-0.004699465610769793,-0.00942474687238326,0.00737641729984992,0.008137211612601898,42.756412528143564,1.0197461004044026,1,-1.374720166674864,14.109999656677246,0.015107916828071,21841.21904903114,1
2024-03-20,21839.099609375,21839.099609375,21930.900390625,21710.19921875,21843.900390625,312400,0.0009923428906801757,-0.007209827164097904,0.0012123860864664123,0.010165782895460102,-0.006249872133185972,-0.0014538785701741286,0.008911740076895769,0.0073264326969830216,0.00813164497387719,43.47538997598659,0.9232496970771641,2,0.24297871831647552,13.470000267028809,-0.04535786004399878,21841.13593375048,1
2024-03-21,22011.94921875,22011.94921875,22080.94921875,21941.30078125,21989.900390625,353200,0.0079146856998078,-0.0060822367942386935,0.006905082349881533,0.00636463803546857,0.0028447033910068225,-0.0012335780712970554,-0.004127965052699856,0.0074476873517807275,0.008092099546761754,48.98445965121393,1.0455736297568123,3,1.072866216889164,12.510000228881836,-0.07126948916970799,21847.834493948478,1
2024-03-22,22096.75,22096.75,22180.69921875,21883.30078125,21932.19921875,388700,0.0038524885010076115,0.003332844091697762,-0.0036230321634609327,0.013590200147265547,0.00603530338134739,0.000666914046507699,0.0087654757840947,0.007303795792850294,0.008105095673755312,51.48280520721193,1.1430167762045491,4,0.5616373494068793,12.220000267028809,-0.02318145136268701,21857.59588634537,0
2024-03-26,22004.69921875,22004.69921875,22073.19921875,21947.55078125,21947.900390625,328400,-0.00416580634029895,-0.0023123275074700134,-0.006736267069817959,0.005724941190583446,0.002309820077725442,-0.00046160634482449804,0.0070516853012221326,0.007355635526473052,0.008120502108254471,48.69509550276993,0.9513739009516636,1,-0.5061785536500268,12.81999969482422,0.04909978843570828,21863.36464448043,1
2024-03-27,22123.650390625,22123.650390625,22193.599609375,22052.849609375,22053.94921875,409100,0.005405716783151604,0.014034691627096807,0.0022381582911178595,0.006382395132290071,0.004924804540493202,0.0027830525546478618,0.013962383259720879,0.007415381889168993,0.008150746114062874,52.29025659048708,1.1515833919774807,2,0.725467035435816,12.699999809265137,-0.009360365711048368,21873.57192864558,1
2024-03-28,22326.900390625,22326.900390625,22516.0,22163.599609375,22163.599609375,410500,0.009187001078543977,0.022336121450748703,0.0018057245547022686,0.01589996195725977,0.009682656434937171,0.004409767580278842,0.016545115204243288,0.0076601512438461035,0.008095947968245533,57.73954898182682,1.1303402034887724,3,1.158508798673447,12.829999923706056,0.010236229637269778,21891.349515394253,1
2024-04-01,22462.0,22462.0,22529.94921875,22427.75,22455.0,0,0.006050979178091831,0.020445748660306906,0.005737456034371374,0.004556819955189442,0.011674203253643718,0.0040314667363228595,-0.002826362380997649,0.007258660758293324,0.008037249372866205,60.93361901342306,0.0,0,0.6716936889895447,12.079999923706056,-0.05845674235852649,21913.727965776252,0
2024-04-02,22453.30078125,22453.30078125,22497.599609375,22388.150390625,22458.80078125,289500,-0.0003872860275131451,0.01613589243893343,-0.00014242804514290802,0.004888711967730558,0.008044793876971974,0.003174701996705612,-0.005267203767138184,0.007266316492567209,0.008024062267889598,60.6159258340227,0.8283735836099347,1,-0.20256554388287648,11.649999618530272,-0.035596051977777154,21934.887684034944,0
2024-04-03,22434.650390625,22434.650390625,22521.099609375,22346.5,22385.69921875,309600,-0.0008306302403686683,0.01953906152503282,-0.003010762789783309,0.007813286616472378,0.0033340637429005514,0.0038297368931523674,0.015246055397787561,0.006355194673339072,0.00740397085040957,59.89492903455381,0.891230191286325,2,-0.16779483945607007,11.369999885559082,-0.02403431263000444,21954.486221552568,1
2024-04-04,22514.650390625,22514.650390625,22619.0,22303.80078125,22592.099609375,401000,0.003565912488363576,0.017673394448761037,0.007018126692796378,0.014132085461190838,0.0034026641354662724,0.0034856794573754077,0.012806272695662813,0.006369591833256848,0.0073647253698629015,61.983756333266186,1.1376047887204075,3,0.5198449656888692,11.220000267028809,-0.013192578719441017,21976.453443873754,0
2024-04-05,22513.69921875,22513.69921875,22537.599609375,22427.599609375,22486.400390625,242200,-4.224679746289706e-05,0.008366536548146897,-0.0012547385595542348,0.00490467111576304,0.0016924558493745577,0.0016593535754192738,0.001326085668544863,0.006344204895320075,0.007306206045402391,61.9424472742824,0.6924055518232107,4,-0.06511919496363154,11.34000015258789,0.010695176711511767,21997.521905637863,1
2024-04-08,22666.30078125,22666.30078125,22697.30078125,22550.349609375,22578.349609375,227600,0.006778164752814453,0.009095395835188258,0.0028716023074145656,0.006516580648217847,0.006652025564840449,0.001814901933839967,0.0005410857167651439,0.006413807191281733,0.006834601486532425,65.87216058795826,0.6586410464174094,0,0.9894905615422241,11.609999656677246,0.023809479758052587,22023.748528215976,0
2024-04-09,22642.75,22642.75,22768.400390625,22612.25,22765.099609375,232400,-0.0010390218270411866,0.008437477437981178,0.004358842189490766,0.006905566258333425,0.0039167436939387375,0.0016716377372589391,0.0018044998258217593,0.006421069208489158,0.006723138946573373,64.76077925521358,0.6871978355042359,1,-0.21680671768920987,11.359999656677246,-0.021533161704808346,22048.023095741442,1
2024-04-10,22753.80078125,22753.80078125,22775.69921875,22673.69921875,22720.25,276800,0.0049044741142307835,0.014225779544947414,0.0034227291296331057,0.0044986042646120656,0.0059934170594304805,0.0028190073257444437,-0.004632277302698107,0.006242916472505927,0.0066910234357967,67.54169605220517,0.8186200573743826,2,0.6343469442857728,11.109999656677246,-0.022007042918619546,22075.700652040854,0
2024-04-12,22519.400390625,22519.400390625,22726.44921875,22503.75,22677.400390625,357200,-0.010301592814249916,0.00021097374010214942,-0.0033576979670120357,0.009896093706604455,-0.0044117336967416,4.175126648658908e-05,-0.008013580596696546,0.006734870324742019,0.006448279936149705,57.268633834740704,1.0474151834149488,4,-1.5973381676351572,11.529999732971191,0.03780378841339749,22093.100641792247,0
2024-04-15,22272.5,22272.5,22427.44921875,22259.55078125,22339.05078125,355500,-0.010963897188301042,-0.010713442353761371,-0.008008632834206409,0.0075427594721016,-0.013222765787875849,-0.0021421460124703886,-0.02320569340771561,0.006268064655719166,0.006485755982743215,48.84174512244169,1.0639253007721314,0,-1.8536297120893752,12.470000267028809,0.08152650093907554,22100.135910742734,0
2024-04-16,22147.900390625,22147.900390625,22213.75,22079.44921875,22125.30078125,317300,-0.005594325260972033,-0.022870974652106968,-0.006609011954203614,0.006082614648555226,-0.014214896488663089,-0.004655071416545002,-0.022927416596055794,0.006241297005941339,0.006420772060141201,45.225071761201704,0.9654060303648037,1,-0.9009534435807559,12.619999885559082,0.012028838437708744,22102.009027601158,0
2024-04-18,21995.849609375,21995.849609375,22326.5,21961.69921875,22212.349609375,456900,-0.0068652458503182245,-0.028569868528557696,0.0029099471107103566,0.016610772127256347,-0.015312127573876563,-0.0058416407805303595,-0.02732119380433251,0.006309271101253043,0.006498871209632149,41.21434416427064,1.4348071850270065,3,-1.0826970146301937,13.039999961853027,0.033280513478811224,22097.845913160283,1
2024-04-19,22147.0,22147.0,22179.55078125,21777.650390625,21861.5,362500,0.0068717686886063944,-0.02666810644444184,-0.006107952716576947,0.018454717722808746,-0.0031296551657930567,-0.005517411621066685,-0.030807661502047168,0.006490074345609312,0.006491838440937188,46.31152746070829,1.1372549019607843,4,1.0251627356193735,13.460000038146973,0.03220859490204031,22099.773524409185,1
2024-04-22,22336.400390625,22336.400390625,22375.650390625,22198.150390625,22336.900390625,279300,0.008551965982977361,-0.008126326492963964,0.008574542404163093,0.007996161701605735,0.0070545899806203904,-0.001652594030794337,-0.031912387213069215,0.0061903072545421685,0.006568075083798481,51.93545827377399,0.8852474604205955,0,1.1892320002416645,12.699999809265137,-0.056463612684095055,22109.053009360134,1
2024-04-23,22368.0,22368.0,22447.55078125,22349.44921875,22447.05078125,231500,0.0014147135985376202,0.004287798855090452,0.004953814790651856,0.004389439826449862,0.007611590293825621,0.0008551064480389063,-0.019930250427397267,0.006190367715926156,0.006498070273908652,52.82337315231891,0.7432736145893534,1,0.03221676426623312,10.199999809265137,-0.19685039665718373,22119.20779330817,1
2024-04-24,22402.400390625,22402.400390625,22476.44921875,22384.0,22421.55078125,235900,0.0015379287654238016,0.011490931217467804,0.0023940799915057225,0.004130147370889921,0.0068526198493496625,0.002275572246065711,-0.006247214913744026,0.005988925632782712,0.006499855958660274,53.82345220886676,0.7719367136242412,2,0.10717262881456187,10.279999732971191,0.007843129921766057,22130.313385361256,1
2024-04-25,22570.349609375,22570.349609375,22625.94921875,22305.25,22316.900390625,475000,0.0074969296067168845,0.026118563738276368,-0.0038165553025192875,0.014377745990293764,0.009189407231446765,0.005128914669701423,0.0046855652486794686,0.006136387516820703,0.006405535039132303,58.45403444127809,1.5327030428188828,3,1.0465126007529109,10.729999542236328,0.043774301649235126,22147.569707873754,0
2024-04-26,22419.94921875,22419.94921875,22620.400390625,22385.55078125,22620.400390625,329900,-0.006663626980883297,0.012324433049623051,0.0022175456790093544,0.010491124907755613,2.3608856823434413e-05,0.0024186529980610104,-0.006546536095284328,0.0062733160780158925,0.006482958580102098,53.299462248591304,1.0642450441150377,4,-1.2150618484110076,10.93000030517578,0.018639400882748625,22158.251257321164,1
2024-04-29,22643.400390625,22643.400390625,22655.80078125,22441.900390625,22475.55078125,292000,0.00996662256880243,0.013744381128163008,0.002480003944589666,0.009531295786089305,0.007231963483315808,0.002738632429579818,-0.0097485773494419,0.006519353303609146,0.006503439228170381,59.07375025231201,0.960115739979614,0,1.3478159534701288,12.239999771118164,0.11985356169862582,22177.276713531355,0
2024-04-30,22604.849609375,22604.849609375,22783.349609375,22568.400390625,22679.650390625,361900,-0.00170251731563964,0.010588770090083965,0.0016009079632319054,0.00952434443866437,0.003402837340980114,0.002091996831651202,-0.0018603031752184584,0.006266521486008123,0.006474180923748734,57.74714322152285,1.1995359628770301,1,-0.3735767207976238,12.869999885559082,0.051470598547516566,22194.044278076104,1
2024-05-02,22648.19921875,22648.19921875,22710.5,22567.849609375,22567.849609375,445900,0.0019177127972140884,0.010971986208578866,-0.001636816906079076,0.0063209562760353135,0.003138083548370995,0.0021747442019969566,0.002682465295481107,0.0061457694203538304,0.006454824797022751,58.86577652130274,1.3762558064167656,3,0.2420633960544188,13.449999809265137,0.045066039538729896,22211.854275751484,0
2024-05-03,22475.849609375,22475.849609375,22794.69921875,22348.05078125,22766.349609375,438100,-0.007609859296553445,-0.0041869090038706425,0.005216767544467094,0.019986013181728483,-0.003661599153767689,-0.0008345034330303186,-0.005191163493875495,0.006403946198583772,0.00655108349865707,52.872413306118816,1.3218676925397903,4,-1.1998813007572147,14.619999885559082,0.0869888544896471,22222.207033933857,0
2024-05-06,22442.69921875,22442.69921875,22588.80078125,22409.44921875,22561.599609375,320300,-0.0014749338156797576,0.001014721299233523,0.0038152061652980823,0.008003390032002055,-0.005331755205766889,0.0002024395108118645,0.0006559535901382585,0.006410238834220711,0.00650990412140567,51.78037975396022,0.9648752861790577,0,-0.23606513561397086,16.600000381469727,0.13543095153279672,22230.85378628044,0
2024-05-07,22302.5,22302.5,22499.05078125,22232.05078125,22489.75,297800,-0.006246985595782073,-0.015055176552287719,0.002096484954478689,0.012009688293136755,-0.008549503185959208,-0.0030379624777059073,-0.005632405736653023,0.00650043062220887,0.0065580780540389644,47.32823961520972,0.9112607099143207,1,-0.8917236640561153,17.010000228881836,0.02469878542110071,22233.663441720688,0
2024-05-08,22302.5,22302.5,22368.650390625,22185.19921875,22231.19921875,277400,0.0,-0.01337543113976769,-0.0031969860441654523,0.008269079311217307,-0.00587713090286789,-0.0027113517262638393,-0.003994510807754592,0.006500584956959824,0.006541725590723756,47.32823961520972,0.8442902361821281,2,0.06942525760884333,17.079999923706055,0.004115208341112453,22236.362914594632,0
2024-05-09,21957.5,21957.5,22307.75,21932.400390625,22224.80078125,331300,-0.01546911781190452,-0.030496871388263957,-0.0034838793296715614,0.017113932022481366,-0.01519136073733948,-0.006193917441990776,0.0007742560925967368,0.007086987441643067,0.006849535519747163,38.00292508925258,0.9926740475512742,3,-1.9658867047899606,18.200000762939453,0.0655738199201572,22225.42711402134,1
2024-05-10,22055.19921875,22055.19921875,22131.30078125,21950.30078125,21990.94921875,265800,0.0044494691449390444,-0.018715661384811066,0.0015233618922919276,0.008245900673698769,-0.007062844675381162,-0.0038314962142775486,0.007233076345809164,0.007214088181191888,0.006797504543996584,41.51714078284537,0.7924511426143732,4,0.7969876051961992,18.46999931335449,0.014835084565756329,22218.751510284652,1
2024-05-13,22104.05078125,22104.05078125,22131.650390625,21821.05078125,22027.94921875,278200,0.0022149680905385605,-0.015089470040977604,-0.0012355363345271301,0.014233943749486456,-0.0018198420251666248,-0.003070917058070517,0.013466198800749174,0.007116962710876386,0.006805670618939848,43.249349074322886,0.8292472092641996,0,0.5122492148674441,20.600000381469727,0.11532220613431043,22214.25344247901,1
2024-05-14,22217.849609375,22217.849609375,22270.05078125,22081.25,22112.900390625,230200,0.005148324587705533,-0.0037955561315995423,0.0004003614297930756,0.008550275969431078,0.004086770523598275,-0.0007659264943129639,0.009595154811820494,0.006937293242586661,0.006820280547292257,47.174523439659,0.699409057073845,1,0.8375142564165635,20.200000762939453,-0.019417456850636006,22214.394468631803,0
2024-05-15,22200.55078125,22200.55078125,22297.55078125,22151.75,22255.599609375,231900,-0.0007786004689536163,-0.004571201378769207,0.0016990843247076028,0.006581908032096787,0.0042303603330932455,-0.0009177235469896967,-0.0013407953287074559,0.006497070932283266,0.006803990999450869,46.64635866727365,0.7180566952052143,2,-0.09817820642010189,20.270000457763672,0.003465331296058416,22213.851578930517,1
2024-05-16,22403.849609375,22403.849609375,22432.25,22054.55078125,22319.19921875,368900,0.009157377676264788,0.02032788839234878,0.005344391617536234,0.017125681792217982,0.009350639943368972,0.004021067889468471,0.008771523489319755,0.0066790032863192975,0.006727613703036726,53.268180282182456,1.1332114826362756,3,1.2835424500502586,20.0,-0.013320199884862771,22221.30248208573,1
2024-05-17,22466.099609375,22466.099609375,22502.150390625,22345.650390625,22415.25,242700,0.0027785403439750667,0.018630545412424926,0.0005088585588536289,0.007003600130862995,0.008421558858237378,0.003668123093033687,-0.0027484878302632687,0.006456499932262702,0.0067344328836722225,55.105544623330054,0.7709044707377114,4,0.26375319913833084,19.799999237060547,-0.0100000381469727,22230.902369431064,1
2024-05-21,22529.05078125,22529.05078125,22591.099609375,22404.55078125,22404.55078125,347600,0.002802051667603722,0.019227245006173677,-0.0027396312308397295,0.008326381097590211,0.0074036197651971315,0.003783478284077842,0.001976566302511751,0.00632754877215873,0.006356938698508409,56.948928167090585,1.1067244014263882,1,0.3050919668088048,21.809999465942383,0.10151516698645269,22242.594464012967,1
2024-05-22,22597.80078125,22597.80078125,22629.5,22483.150390625,22576.599609375,290300,0.0030516154749500313,0.01710116768972436,0.0021105562141381,0.006509301714052703,0.007055891540443354,0.0033729887296558244,0.005398279755520097,0.00609290402000398,0.006357477044652127,58.932181528738425,0.9226710739598893,2,0.4032188184080052,21.46999931335449,-0.01558918665352671,22256.52412351334,1
2024-05-23,22967.650390625,22967.650390625,22993.599609375,22577.44921875,22614.099609375,369800,0.01636661960848307,0.034553179195124795,0.0007212572711289487,0.01843212608266649,0.016587526091717222,0.006789152774649497,0.007744774750158667,0.007028770958308009,0.006740156273368377,67.58373898718483,1.1500723071420798,3,2.1360103482729516,21.3799991607666,-0.004191902909466139,22284.41142810765,0
2024-05-24,22957.099609375,22957.099609375,23026.400390625,22908.0,22930.75,261900,-0.0004593757337192361,0.02469441679203599,-0.0016066245348310467,0.00516851713920901,0.011168274744045921,0.004817645606673081,-6.628782344497708e-05,0.007039737511563285,0.006706961380342517,67.14915138848768,0.8112252009478232,4,-0.2423206222418507,21.709999084472656,0.015434983005594427,22310.791356786343,0
2024-05-27,22932.44921875,22932.44921875,23110.80078125,22871.19921875,23038.94921875,260000,-0.0010737589261899938,0.020757924939511785,0.003565328842393272,0.010476125900017199,0.0059499141138749,0.00406279205396284,0.00471477028564693,0.006898572228542602,0.006709970405850224,66.08002467507272,0.8330796712539451,0,-0.2741961656147314,23.190000534057617,0.06817141925369685,22335.17009647256,0
2024-05-28,22888.150390625,22888.150390625,22998.55078125,22858.5,22977.150390625,217900,-0.0019317094176221072,0.01593940254570625,0.0019492541528643825,0.006126857897499836,0.0008535846893020887,0.003131803375641033,-0.0049438370774879115,0.006706476705822747,0.006629801349899452,64.1047302202709,0.7109414509208959,1,-0.44513508977459854,24.200000762939453,0.0435532645805039,22356.8555982052,0
2024-05-29,22704.69921875,22704.69921875,22825.5,22685.44921875,22762.75,269900,-0.008015115627261094,0.004730479684053934,-0.005478834614629414,0.006173595237172782,-0.008095695404782638,0.000934094155059286,0.0020233408679961595,0.0066568575024909165,0.00673886788663673,56.56398017225062,0.8837879432856348,2,-1.227296421471514,24.18000030517578,-0.0008264651707904358,22370.496524501777,0
2024-05-30,22488.650390625,22488.650390625,22705.75,22417.0,22617.44921875,373400,-0.009515599658179275,-0.020855420204215602,-0.0038428168177602274,0.01288084935539992,-0.013405131309303037,-0.004219390844027816,-0.015714964914399943,0.00699440002587171,0.0065148692566533205,49.22072554075455,1.2204010262611737,3,-1.3271023954535681,24.18000030517578,0.0,22375.130009448018,1
2024-05-31,22530.69921875,22530.69921875,22653.75,22465.099609375,22568.099609375,572100,0.0018697799732139142,-0.018573791893592317,0.0035328584583768775,0.008397487387337182,-0.007848475080184247,-0.003792138551833774,-0.013385741450150257,0.006993625673189432,0.00645473068762089,50.565849677089325,1.8320390681290528,4,0.3012520764272583,24.600000381469727,0.017369729983172988,22381.23076275427,1
2024-06-03,23263.900390625,23263.900390625,23338.69921875,23062.30078125,23337.900390625,569400,0.03254231769535276,0.014453369926313853,0.03582672530656523,0.011984859625311805,0.02145667398278934,0.002942218247706786,-0.02060874318380823,0.009836728370901762,0.007800750897078569,66.98728347795905,1.7858487015430937,0,3.102910896461178,20.940000534057617,-0.14878047929499438,22415.845257966477,0
2024-06-04,21884.5,21884.5,23179.5,21281.44921875,23179.5,1006100,-0.05929359941641077,-0.0438502182787166,-0.0036279552958803107,0.0891880417419,-0.03056502488099561,-0.008628393122156292,-0.018978022055383237,0.017168074588189974,0.011758273128243716,40.03944533485666,2.8490924022314728,1,-3.4443844582660406,26.75,0.27745937525134146,22395.008189025695,1
2024-06-05,22620.349609375,22620.349609375,22670.400390625,21791.94921875,22128.349609375,638500,0.033624236760035675,-0.0037150727504613457,0.011142571654595718,0.040310812174579234,0.0027808646354205062,-0.0007708616543672795,-0.017966820732750355,0.01874518856179746,0.012556350970450478,51.295454988576076,1.7249064606324207,2,1.7678133434161558,18.88999938964844,-0.29383179851781527,22403.84510747114,1
2024-06-06,22821.400390625,22821.400390625,22910.150390625,22642.599609375,22798.599609375,480400,0.008888049244237806,0.014796352569859783,0.007880072725583531,0.011816257226013156,0.008717688623762525,0.0029420411774899197,-0.008470114894550074,0.018831837069257316,0.012608840569687476,53.84486799650947,1.2631634303143446,3,0.4067711108464938,16.799999237060547,-0.11064056220844543,22420.219824458236,1
2024-06-07,23290.150390625,23290.150390625,23320.19921875,22789.05078125,22821.849609375,473600,0.020539931466807104,0.03370739471960049,1.9684100989023374e-05,0.023307176880618896,0.022571517235562208,0.006655605343018203,-0.026984869455510596,0.018864223453723863,0.012870141766196155,59.206334928593975,1.2224143716284233,4,0.9344968209525492,16.8799991607666,0.004761900436850874,22454.334748622976,0
2024-06-10,23259.19921875,23259.19921875,23411.900390625,23227.150390625,23319.150390625,304400,-0.0013289382574128705,-0.00020208012397160413,0.0012451615602994727,0.007954053635204827,0.021254741952425542,-4.037047246286571e-05,-0.05479238275775755,0.01888428493284681,0.012868660693398473,58.72129248851891,0.7817957674131909,0,-0.22277532087331542,16.399999618530273,-0.02843599325241486,22485.898061178166,1
2024-06-11,23264.849609375,23264.849609375,23389.44921875,23206.650390625,23283.75,305200,0.0002429314342191624,0.06307430415933646,0.0010555299440493555,0.007877001852832966,0.009268925685540361,0.011869278872354679,0.010559095991715894,0.01889186249270328,0.01284737878249492,58.787670583472746,0.7811420234956873,1,-0.1332203876243098,14.770000457763672,-0.09939019504152147,22516.445180716404,1
2024-06-12,23322.94921875,23322.94921875,23441.94921875,23295.94921875,23344.44921875,295600,0.002497312914139238,0.031060510624637105,0.003421453854699489,0.006267183991047263,0.0056588951160264946,0.006040009896233204,-0.018678758872834544,0.018882136809804287,0.012834220455294622,59.508678556076994,0.7502918929894918,2,-0.005405086062497155,14.390000343322754,-0.02572783362651665,22548.072790052156,1
2024-06-13,23398.900390625,23398.900390625,23481.05078125,23353.900390625,23480.94921875,268300,0.0032564994745150067,0.025305195567106198,0.006774443425575836,0.0054445034233357534,0.00393400265076906,0.004952203896544361,-0.028673177365293956,0.018867621105469107,0.012785381204924168,60.48199457472679,0.6778676099039919,3,0.02448045358747806,13.489999771118164,-0.06254347121139636,22581.43857831103,1
2024-06-14,23465.599609375,23465.599609375,23490.400390625,23334.25,23464.94921875,223100,0.0028505279152657437,0.007533193895588708,0.002822732137936837,0.0066918967022724105,0.005282255907231956,0.0014996364429184497,-0.039858215103858674,0.018806151224042292,0.012767397122743428,61.36040095805479,0.5742451931739209,4,0.019684036805010782,12.81999969482422,-0.04966642606832372,22616.111559922494,1
2024-06-18,23557.900390625,23557.900390625,23579.05078125,23499.69921875,23570.80078125,272200,0.003933450786960613,0.012842280985933874,0.004483208340134207,0.003376705453178174,0.006660126549465091,0.002545864387421514,-0.03575541955993189,0.01880939260296927,0.012773268660091689,62.5993375348306,0.6979755631626857,1,0.07482179616967534,12.970000267028809,0.011700512930990836,22653.044455245297,0
2024-06-19,23516.0,23516.0,23664.0,23412.900390625,23629.849609375,328800,-0.0017786131162043084,0.010795272475081719,0.003054143941394395,0.010724839946593945,0.0027174375161679986,0.002132196727726515,-0.03301257492749943,0.018831788828339753,0.012776690496354576,61.633222770605016,0.8451464483543035,2,-0.21979754821751551,13.710000038146973,0.05705472288996982,22686.885849158247,1
2024-06-20,23567.0,23567.0,23624.0,23442.599609375,23586.150390625,280300,0.0021687361796223215,0.010463976016112042,0.0029830919639819696,0.007738066325735292,0.002804974139735765,0.0020756147410274477,-0.03242511872952236,0.018830595363448693,0.012772382826187015,62.393992111763296,0.7214093605631265,3,-0.00539576784187493,13.350000381469728,-0.026258180574440182,22721.400129584395,0
2024-06-21,23501.099609375,23501.099609375,23667.099609375,23398.19921875,23661.150390625,609900,-0.00279629951309035,0.0043676932267699975,0.003995009573768405,0.011492354095759574,-0.0008681544631394193,0.0008673078351083526,-0.01885841870358851,0.018557660434950725,0.012782546441255855,60.71857949810122,1.522656347522157,4,-0.22391301048187812,13.18000030517578,-0.012734087748035972,22751.9765797731,1
2024-06-24,23537.849609375,23537.849609375,23558.099609375,23350.0,23382.30078125,239400,0.00156375661610908,0.0030789752319448915,-0.0050550327473872355,0.008912188838329765,7.986445879392855e-05,0.0006148648463340996,-0.02221820994744239,0.018553949462048837,0.01275472299855764,61.34198777505205,0.5993615822745196,0,0.008264563312530235,14.0600004196167,0.06676783718247292,22782.79512995438,1
2024-06-25,23721.30078125,23721.30078125,23754.150390625,23562.05078125,23577.099609375,298100,0.007793879853915442,0.006936118580840311,0.0016675270108093025,0.008152924003027246,0.006476857234079955,0.0013884054264662257,-0.027462804751562375,0.018600887086282686,0.012790161114020338,64.38088707652278,0.7427802556499639,1,0.3230387863488338,14.3100004196167,0.017780938302903282,22819.599273143373,1
2024-06-26,23868.80078125,23868.80078125,23889.900390625,23670.44921875,23723.099609375,287800,0.006218040121837909,0.015002584676390596,7.583176578671628e-05,0.009271102962472163,0.009712279872400854,0.0029745483563772606,-0.027842746811236996,0.018606369050016024,0.012799749505687096,66.65084515052425,0.7109244735379485,2,0.21512452944652236,14.050000190734863,-0.01816912797049386,22860.74443032502,1
2024-06-27,24044.5,24044.5,24087.44921875,23805.400390625,23881.55078125,515200,0.007361040898544724,0.020261382441549625,0.000534170112560313,0.011848102678250939,0.013052185668609254,0.004001038882314501,-0.03874846253994946,0.018482439853493713,0.012724955474354746,69.17115793722184,1.2352250113884293,3,0.23717335475655485,14.149999618530272,0.007117396899492645,22907.166217372174,0
2024-06-28,24010.599609375,24010.599609375,24174.0,23985.80078125,24085.900390625,354800,-0.0014099020825968367,0.02167983662333617,0.0017218237278795567,0.007846276239278936,0.007299253206915369,0.004237975420574412,-0.045996488648031075,0.01828277232550873,0.012606853725576314,68.10174021803549,0.852556708958093,4,-0.26855349258677974,13.800000190734863,-0.024734942560497575,22950.438115098743,1
2024-07-01,24141.94921875,24141.94921875,24164.0,23992.69921875,23992.94921875,0,0.005470484349075377,0.025665029703239695,-0.0007351082818485032,0.007139704444597486,0.007701958850481288,0.005031941052726704,-0.045848507642246794,0.018285848516037893,0.012576530791023157,70.03481250892587,0.0,0,0.10267395097526115,13.829999923706056,0.0021738936635185002,22997.164040733132,0
2024-07-02,24123.849609375,24123.849609375,24236.349609375,24056.400390625,24228.75,0,-0.0007497161563467802,0.016969930605289063,0.0035954338427066864,0.0074803052754362975,0.0035739238130816143,0.003334849431398504,-0.019995032462406526,0.01701511293529939,0.012520570605273638,69.41060066114032,0.0,1,-0.16153289302783377,13.640000343322754,-0.013738219915505834,23041.347788523923,1
2024-07-03,24286.5,24286.5,24309.150390625,24207.099609375,24291.75,0,0.006742306607722792,0.01749979911341515,0.006959933565484948,0.004215737651216896,0.006841218475727091,0.0034629565804263473,-0.09225824882005385,0.008377142525845434,0.012519535527834828,71.83960026721084,0.0,2,0.17514663676261263,13.210000038146973,-0.03152494826631591,23090.177287014147,1
2024-07-04,24302.150390625,24302.150390625,24401.0,24281.0,24369.94921875,251200,0.0006444070008029268,0.010715564500197505,0.0034360331356926687,0.004942135826366294,0.005342347777629379,0.0021217581012085204,-0.06363345354296213,0.0052574973850845605,0.0124833731071478,72.06942204099292,0.8679577768947705,3,-0.5589188544166148,12.859999656677246,-0.0264951082860726,23137.7056440194,1
2024-07-05,24323.849609375,24323.849609375,24363.0,24168.849609375,24213.349609375,298400,0.0008928929498506211,0.013046321420381757,-0.0036540297801900086,0.008033083649529179,0.003638846418989752,0.0025779611677561602,-0.05278878041531465,0.0051379558162786615,0.012483823544340224,72.4056823562378,1.0645167044218111,4,-0.4466125238385697,12.699999809265137,-0.012441668093593816,23184.22109364204,0
2024-07-08,24320.55078125,24320.55078125,24344.599609375,24240.55078125,24329.44921875,266300,-0.00013562113637344275,0.007397976065714129,0.00023021065599919575,0.004292345873819067,0.0020258717455179515,0.0014685303960369144,-0.03684391904200357,0.0032262092317834083,0.012486445775735489,72.2632484294293,0.9864789775884423,0,-0.7133289269319912,13.600000381469728,0.07086618785206644,23228.783042176474,1
2024-07-09,24433.19921875,24433.19921875,24443.599609375,24331.900390625,24351.0,250500,0.004631820986013446,0.012823393213941214,0.0012519954430256948,0.004590649187148462,0.004107516207247285,0.0025439358849841313,-0.03765125937227509,0.0031607247857461094,0.012465806807478188,74.13441829147227,0.9373070662850087,1,0.6821638397339548,14.279999732971191,0.049999950913823143,23276.015049101727,0
2024-07-10,24324.44921875,24324.44921875,24461.05078125,24141.80078125,24459.849609375,292300,-0.004450911197766749,0.001562564336153871,0.0010907450304153592,0.013223951390069837,-0.0006733796000966098,0.00031063651067747057,-0.043982523088267556,0.003492168485683783,0.012439617955921052,69.27564148170597,1.096357976069915,2,-1.9106422579570883,14.43000030517578,0.010504241947445703,23317.130114578795,0
2024-07-11,24315.94921875,24315.94921875,24402.650390625,24193.75,24396.55078125,306400,-0.0003494426502141934,0.0005678027624387294,0.002964160127597956,0.00863447752518729,-0.0011358382108105128,0.0001134564487023489,-0.042008287880578976,0.0035382998588221115,0.012384655205194679,68.89556353943235,1.146921205315366,3,-0.6887945423285422,14.0,-0.02979905031752117,23356.299491213573,1
2024-07-12,24502.150390625,24502.150390625,24592.19921875,24331.150390625,24387.94921875,325800,0.007657573644356042,0.007330286287466459,0.0029610195083184694,0.010728996530537428,0.005040785740889352,0.0014665335878602055,-0.03981936525949381,0.00374366394244175,0.012406835843183679,72.46009691439224,1.2065549486158689,4,1.4243517500740932,13.729999542236328,-0.019285746983119467,23401.23482060293,1
2024-07-15,24586.69921875,24586.69921875,24635.05078125,24522.75,24587.599609375,305400,0.003450669707641296,0.010943355678654676,0.003487417120037535,0.004579453007921216,0.00631166815485013,0.0021724496279463693,-0.036832947848108644,0.003750613661655213,0.012409483894054357,73.92150892767994,1.114029328080543,0,0.2946702770075833,14.1899995803833,0.03350328138991676,23447.723620530935,1
2024-07-16,24613.0,24613.0,24661.25,24587.650390625,24615.900390625,283200,0.0010697158254551198,0.007358871821911084,0.00118768166540757,0.002993356754538153,0.005907623610513414,0.0014625857635487641,-0.0374286343598742,0.0037411675916417977,0.01233746221278361,74.37700629930045,1.0309803778805198,1,-0.3013387051609154,14.220000267028809,0.0021142133567770838,23493.42073345192,1
2024-07-18,24800.849609375,24800.849609375,24837.75,24504.44921875,24543.80078125,350900,0.007632129743428306,0.01958524883094892,-0.0028114906248730346,0.013601643451547941,0.009653254000579009,0.0038711281893715,-0.03505200280091869,0.003804810467229241,0.012354812900940444,77.41169033248136,1.2723218332457078,3,1.3008163136780044,14.510000228881836,0.02039380846746086,23544.692454077034,0
2024-07-19,24530.900390625,24530.900390625,24854.80078125,24508.150390625,24853.80078125,343800,-0.010884676251089243,0.00883992518413601,0.002135054754534855,0.014144290168775964,-0.0030812530678904857,0.001733417808345937,-0.032060502983428885,0.0048736186876959155,0.01243611798424091,65.42069519875946,1.2323905796322185,4,-2.6470207073396668,14.829999923706056,0.02205373465034599,23583.367275118624,0
2024-07-22,24509.25,24509.25,24595.19921875,24362.30078125,24445.75,324200,-0.0008825762723847497,0.00028975454243052035,-0.0034711481955037415,0.009559788280721253,-0.0040185826469575844,5.7882990529880956e-05,-0.04260825480104846,0.0047923191351720434,0.012439504300312357,64.55700028282124,1.2248521827833085,0,-0.6250646448907352,15.4399995803833,0.041132815901242736,23619.676401585006,0
2024-07-23,24479.05078125,24479.05078125,24582.55078125,24074.19921875,24568.900390625,436400,-0.0012321559717249908,-0.004378320023450177,0.0024337909411752704,0.021116032059088154,-0.004374713484959974,-0.0008784311025428581,-0.04436503025802163,0.004849252839468115,0.012191069344789404,63.301621744900075,1.5895969548509297,1,-0.6609323022196446,12.75,-0.17422277548510923,23653.377357650697,0
2024-07-24,24413.5,24413.5,24504.25,24307.25,24444.94921875,366600,-0.002677831825905974,-0.008105472717669482,-0.0013930917013383734,0.00810457785228687,-0.0054268028343538235,-0.0016299651631330127,-0.03728596434134701,0.004752857286482046,0.012205650225580506,60.54925071421652,1.3188948050079148,2,-0.868439761981027,11.760000228881836,-0.0776470408720129,23683.186088723556,0
2024-07-25,24406.099609375,24406.099609375,24426.150390625,24210.80078125,24230.94921875,391800,-0.0003031269840456652,-0.01591679342512442,-0.007477452280500543,0.008894774333188393,-0.002520073209858079,-0.0032338665082843805,-0.038427301307324746,0.004630891998206634,0.012210074150409396,60.23085105299231,1.3836700098884023,3,-0.30814639725083076,12.619999885559082,0.07312922108327347,23711.535638553334,1
2024-07-26,24834.849609375,24834.849609375,24861.150390625,24410.900390625,24423.349609375,383800,0.01756732976027453,0.012390463208034497,0.0007067905267982205,0.01844462894834139,0.012487473143540925,0.002490764387712726,-0.020479823525938023,0.005755652616251359,0.012396869977935572,70.05546628315034,1.3876134350482663,4,2.7588441873882092,12.25,-0.029318533194478746,23755.58716682131,1
2024-07-29,24836.099609375,24836.099609375,24999.75,24774.599609375,24943.30078125,355000,5.03324972633834e-05,0.013335765450799286,0.004366894649285912,0.009087952748984102,0.009847136539002628,0.002632185131103995,-0.02104488365542645,0.005724382292142697,0.012393320692508087,70.0786744397539,1.2834417932031814,0,-0.2884514691382188,12.949999809265137,0.05714284157266425,23797.960203784623,1
2024-07-30,24857.30078125,24857.30078125,24971.75,24798.650390625,24839.400390625,385000,0.0008536433743000504,0.015451988043985843,0.00013290256126827733,0.006980202819442118,0.007609814843530524,0.0030459694231313797,-0.014179072647021451,0.005657157984968276,0.012354845121791405,70.49634460629471,1.3013351360486733,1,-0.10968497307196522,12.880000114440918,-0.005405381919321495,23839.502971528764,1
2024-07-31,24951.150390625,24951.150390625,24984.599609375,24856.5,24886.69921875,333600,0.00377553501085659,0.022022667402257,0.0011826882475580536,0.005153565842938467,0.007024647381049496,0.004325895199615061,-0.012271228250636312,0.005654476474995494,0.012356787255696725,72.33714584882676,1.06741752791732,2,0.365345082931006,13.25,0.02872669893412838,23883.096987964316,1
2024-08-01,25010.900390625,25010.900390625,25078.30078125,24956.400390625,25030.94921875,431300,0.0023946791656728195,0.02478072248044416,0.0031982023624443044,0.00488453417628259,0.004532089394388943,0.004847878929680604,-0.005046563897790568,0.005533212005923801,0.012356451190171855,73.47196405084908,1.2909501788413476,3,0.1637884159189448,12.93000030517578,-0.024150920364092165,23927.324572382775,0
2024-08-02,24717.69921875,24717.69921875,24851.900390625,24686.849609375,24789.0,345000,-0.011722935491954689,-0.004717177372428161,-0.00887214723018034,0.0066857774022052955,-0.006308872087026768,-0.0009367946678874717,-0.021816439019879175,0.006279338613761166,0.012510250059208203,60.381731938054735,1.0183449680475818,4,-2.0013038236414804,14.31999969482422,0.1075018837464401,23958.319656554304,0
2024-08-05,24055.599609375,24055.599609375,24350.05078125,23893.69921875,24302.849609375,487000,-0.02678645789462286,-0.031426029540700506,-0.016783504229241096,0.019099242788738598,-0.026819170341227938,-0.006315312708457365,-0.02039775875676131,0.008866902258773885,0.012983857094348421,42.128375810519046,1.3985612337205462,0,-2.978132293741056,20.3700008392334,0.42248612244006356,23962.13455666495,0
2024-08-06,23992.55078125,23992.55078125,24382.599609375,23960.400390625,24189.849609375,312300,-0.0026209626510589334,-0.034788572082302904,0.005580821188413853,0.017620707995981325,-0.022530707977354313,-0.0071895942237331836,-0.021302035410079467,0.008878171405381701,0.01299217750281878,40.8616250712441,0.8909747086429968,1,-0.2241224020838623,18.739999771118164,-0.08001968585959951,23963.327349785945,1
2024-08-07,24297.5,24297.5,24337.69921875,24184.900390625,24289.400390625,317600,0.012710162480444431,-0.026197204553365938,0.012372573974376487,0.006317943247937904,-0.004806500961504926,-0.005448777802615553,-0.020643317911871018,0.009300390512394771,0.013094212679870617,48.869729540209306,0.8975047333766637,2,1.3981176138725955,16.170000076293945,-0.1371397932877816,23976.432159598364,0
2024-08-08,24117.0,24117.0,24340.5,24079.69921875,24248.55078125,311900,-0.007428747813561065,-0.03574043223809997,-0.002014578403127894,0.010830732513756807,-0.004912922031452438,-0.007357961853071184,-0.027212008145763633,0.009394933866118142,0.013144010560655606,44.9866329163498,0.8789629420882062,3,-0.7527525568517178,16.600000381469727,0.026592473911375203,23981.94462392788,1
2024-08-09,24367.5,24367.5,24419.75,24311.19921875,24386.849609375,215100,0.010386864037815746,-0.014167953726225035,0.011189186440063026,0.0044650525164665784,0.008336906029814515,-0.002904168999046346,-0.01628799357275701,0.009698424524100569,0.013141532596052647,50.82627917779868,0.6140713990036685,4,1.0595826833716782,15.34000015258789,-0.07590362650162052,23997.06444259748,0
2024-08-12,24347.0,24347.0,24472.80078125,24212.099609375,24320.05078125,279900,-0.0008412844977941925,0.012113619920387952,-0.0019472337642351494,0.010767392175028707,0.005064740459424142,0.002391713475941345,0.01844573314928899,0.009536224143884962,0.01305046307295263,50.35520048921879,0.8043334578579844,0,-0.05967093763545305,15.869999885559082,0.03455017781611813,24010.787405632964,0
2024-08-13,24139.0,24139.0,24359.94921875,24116.5,24342.349609375,239700,-0.008543146999630324,0.006103945348922668,-0.00019100466689941266,0.01009471601393237,-0.004725071741926912,0.0012030165420789866,0.024312945864477076,0.009664726036048775,0.013129292236021571,45.72448479764929,0.6953772065969452,1,-0.796452521651635,16.170000076293945,0.018903603837316263,24015.815350510136,1
2024-08-14,24143.75,24143.75,24196.5,24099.69921875,24184.400390625,303300,0.00019677699987563635,-0.006327811503241021,0.0018807900337627905,0.004016680057761354,-0.003265511696600464,-0.001273872157090186,0.012737316681051825,0.009657247292189669,0.012362350432965014,45.84695814925859,0.8773249255156056,2,0.1158433111490461,15.4399995803833,-0.04514536131517177,24020.8323955882,1
2024-08-16,24541.150390625,24541.150390625,24563.900390625,24204.5,24334.849609375,271600,0.016459762490292462,0.0175871953653024,0.007915075718353612,0.014848494727220145,0.009604796169343465,0.0035135419363189232,0.028058579323528954,0.010243598853451897,0.008787682709293186,54.996569238506474,0.794744619526255,4,1.6574149828427156,14.399999618530272,-0.0673575123133009,24041.237022844667,1
2024-08-19,24572.650390625,24572.650390625,24638.80078125,24522.94921875,24636.349609375,243600,0.0012835584110202358,0.008419016748743235,0.0038791669190197044,0.0047242100232961,0.0091972113897589,0.0016718889486401047,0.0067170816654327226,0.009949762153278285,0.007582677847346984,55.636412185354466,0.7234175241658871,0,0.11603914733952518,14.31999969482422,-0.00555555040453648,24062.076762757744,1
2024-08-20,24698.849609375,24698.849609375,24734.30078125,24607.19921875,24648.900390625,238300,0.005135759339910173,0.014451456416601616,0.003103043374966627,0.005165218575674072,0.011457005356259181,0.0028637497688018374,0.006715617524142736,0.010009454864270156,0.007528658730837724,58.20048193335386,0.7168210804957286,1,0.47109664380954935,13.81999969482422,-0.03491620186142308,24087.04824693895,1
2024-08-21,24770.19921875,24770.19921875,24787.94921875,24654.5,24680.55078125,257100,0.0028887826964991703,0.02614852391358391,-0.0007408777499521383,0.00541277327668377,0.009161799381338851,0.005111162898132887,0.014254744203669345,0.010016761696646953,0.007029642176673139,59.621415836912824,0.7948063992580571,2,0.22522877627345086,13.329999923706056,-0.03545584529221635,24113.838481127757,1
2024-08-22,24811.5,24811.5,24867.349609375,24784.44921875,24863.400390625,220300,0.001667357653657442,0.02765726119596179,0.003762633116186269,0.0033448550699397414,0.005374236281679894,0.005391559382328566,0.011354805587384664,0.009989138909372594,0.007020120066183147,60.459327062691656,0.6967990890688259,3,0.08143848880485183,13.0,-0.02475618346547659,24141.19775637779,1
2024-08-23,24823.150390625,24823.150390625,24858.400390625,24771.650390625,24845.400390625,206800,0.00046955607782672715,0.011490903870086111,0.0013663176601575882,0.003501987095410935,0.003552840499722345,0.0022731394716158965,-0.005597069543322508,0.009986106779970545,0.007019502139886715,60.70702859760844,0.6738131699846861,4,-0.042709973866811864,13.550000190734863,0.04230770697960495,24167.94099693664,1
2024-08-26,25010.599609375,25010.599609375,25043.80078125,24874.69921875,24906.099609375,210300,0.007551387144671073,0.01782262848280647,0.003341607227313402,0.006798134964885725,0.007563183514011786,0.0035285546907486893,0.010745879367576983,0.009346861013583726,0.0070728349858010225,64.55448544764045,0.7051486244069274,0,0.7691903267470578,13.800000190734863,0.018450184242133405,24200.98643271869,1
2024-08-27,25017.75,25017.75,25073.099609375,24973.650390625,25024.80078125,223300,0.0002858944102370753,0.01291154833802266,0.0005678061340711247,0.003982165890627379,0.005268294839045038,0.0025501219131545067,0.005597582236983589,0.009346608516819612,0.007069403525118834,64.69649173312496,0.7656437510714899,1,-0.01288749020810236,13.630000114440918,-0.012318845937993594,24233.01637653379,1
2024-08-28,25052.349609375,25052.349609375,25129.599609375,24964.650390625,25030.80078125,220400,0.0013830024432652799,0.011390719474368316,0.000521660870781745,0.006607311385059233,0.004381164301037402,0.002255601647830128,0.003543977390765729,0.009348811862884717,0.007066058856288639,65.41845774278644,0.7776444852162868,2,0.10215342890525973,13.949999809265137,0.023477600303552393,24265.14709154731,1
2024-08-29,25151.94921875,25151.94921875,25192.900390625,24998.5,25035.30078125,354000,0.00397565940632294,0.013721428319529272,-0.0006805281097713905,0.007776482213932836,0.005629065362994389,0.002717902504622547,0.005673750157144886,0.009352708036936212,0.007066379135117562,67.48012635178691,1.2445506961046267,3,0.37949517129249644,13.789999961853027,-0.011469523268799131,24299.923645555406,1
2024-08-30,25235.900390625,25235.900390625,25268.349609375,25199.400390625,25249.69921875,638200,0.003337760073577778,0.016627623549180237,0.0038863787116399868,0.002736145213028615,0.005666385174932615,0.003282051791773689,0.007631545979564391,0.009365599456199991,0.007057742206051564,69.1496347999601,2.1649676883152127,4,0.30549880529226076,13.390000343322754,-0.02900649888591611,24336.628615950438,1
2024-09-02,25278.69921875,25278.69921875,25333.650390625,25235.5,25333.599609375,222800,0.001695950113232314,0.010719439500143091,0.003871437802405288,0.003889377687186701,0.005223995266395958,0.0021247477222932866,-0.011976847683999203,0.008912490246308618,0.007057027953357664,69.9953386339583,0.7718021997055512,0,0.060378141097554155,14.0600004196167,0.05003734571433793,24373.572561158406,1
2024-09-03,25279.849609375,25279.849609375,25321.69921875,25235.80078125,25313.400390625,212100,4.550829989491412e-05,0.010476546027320621,0.0013727435725514332,0.0034038324459995683,0.0031786030116029065,0.002073679560066861,-0.04041597047112,0.005955887747926823,0.007033880614035371,70.01912895900108,0.7714691012257665,1,-0.4108680849852291,13.84000015258789,-0.01564724469864609,24409.112837559187,0
2024-09-04,25198.69921875,25198.69921875,25216.0,25083.80078125,25089.94921875,253800,-0.0032100820170585243,0.005841751837928788,-0.007511927228972742,0.005270302531218402,-0.0012018030451973632,0.0011578360760557624,-0.04443003662245437,0.005983948539919274,0.007064833351428608,66.04120394411297,0.933071083252146,2,-0.9460462169123519,14.380000114440918,0.03901733785400685,24440.0770093707,0
2024-09-05,25145.099609375,25145.099609375,25275.44921875,25127.75,25250.5,222200,-0.0021270784221717465,-0.0002723291668342842,0.0020556926689079156,0.005877932514849121,-0.003272203367265826,-5.436478538469112e-05,-0.03515656044062787,0.005557650390512429,0.007020327748495998,63.476095180304995,0.8314779126985612,3,-0.6917756891792699,14.210000038146973,-0.01182198017670566,24467.724954469,0
2024-09-06,24852.150390625,24852.150390625,25168.75,24801.30078125,25093.69921875,311700,-0.011650350298901935,-0.015206511123437516,-0.0020441514022014884,0.014815723658647566,-0.011878271687691063,-0.0030522845879435226,-0.045689174415928346,0.005992534120789501,0.007212835275995127,51.66472396988102,1.1664327813640192,4,-2.1931752321941596,15.220000267028809,0.0710767224609763,24482.800461769282,1
2024-09-09,24936.400390625,24936.400390625,24957.5,24753.150390625,24823.400390625,254400,0.003390048695012693,-0.013540998496912593,-0.0011568415428085204,0.008255499043563978,-0.005822378286751415,-0.0027546817699455844,-0.03688768529797959,0.005644871940999701,0.007161341643050511,54.29852281377261,0.9450573944054386,0,0.3926427413375288,14.239999771118164,-0.06438899334539605,24500.588694273483,1
2024-09-10,25041.099609375,25041.099609375,25130.5,24896.80078125,24999.400390625,251300,0.0041986500501236534,-0.009444280867535682,0.0025264271912992403,0.009386716823713389,0.000256035351945919,-0.0019148714029291862,-0.03795291065251938,0.0056633443960018405,0.007170991903764579,57.40478046240823,0.938527039139528,1,0.48952099912659236,13.359999656677246,-0.06179776183885555,24521.785200748116,0
2024-09-11,24918.44921875,24918.44921875,25113.69921875,24885.150390625,25034.0,279200,-0.004897963449619458,-0.011121605824457426,-0.0002835182753852397,0.009184144943367566,-0.00240968384894103,-0.0022383202365049105,-0.04341164347100457,0.005374897409120439,0.007184667236136189,52.87124561853473,1.0350899957365562,2,-1.2069576100887593,13.630000114440918,0.020209615621414212,24537.34065243451,1
2024-09-12,25388.900390625,25388.900390625,25433.349609375,24941.44921875,25059.650390625,380100,0.01887963282727112,0.009695757226553248,0.005666531277105019,0.01972220564694407,0.014444184798460828,0.001956789358035667,-0.04187661204603277,0.006580466920359831,0.007621683354499545,64.46402227463878,1.389381339669195,3,2.4718596759895872,13.18000030517578,-0.03301539291906286,24570.735151971483,0
2024-09-13,25356.5,25356.5,25430.5,25292.44921875,25430.44921875,250800,-0.0012761636040355961,0.020294002790408605,0.0016364957712127677,0.005458181612070179,0.009082602138331838,0.003972992934827689,-0.012929770194841206,0.005762280178136094,0.00758349333374321,63.30900789754007,0.9202487753866476,4,-0.5062285589588376,12.550000190734863,-0.04779970408600942,24601.54945973739,1
2024-09-16,25383.75,25383.75,25445.69921875,25336.19921875,25406.650390625,168700,0.0010746751326089488,0.017939622494318908,0.0019778120255161398,0.004321879499548802,0.006583070381350719,0.0035284807396526695,-0.015068603988423579,0.005763138719487713,0.007583484726820843,63.894928996611974,0.6276275159046095,0,-0.09789723963047621,12.460000038146973,-0.007171326790443744,24632.223990728162,1
2024-09-17,25418.55078125,25418.55078125,25441.650390625,25352.25,25416.900390625,216000,0.0013709866056039743,0.015073266660130535,0.0013059690008371497,0.0035263296403672257,0.004954713286437183,0.002973959102772443,-0.014065789743606727,0.005704014554270377,0.007583813216904381,64.67085442900222,0.8069487251330905,1,-0.014265969110507754,12.59000015258789,0.010433395990603112,24663.060335454586,0
2024-09-18,25377.55078125,25377.55078125,25482.19921875,25285.55078125,25402.400390625,215700,-0.0016129951842196455,0.01842416269446434,-0.0006353781049119975,0.007777107139221217,-0.00029543409446101195,0.0036123346799035953,-0.00609528331952891,0.00573252415043867,0.007590736170207047,62.95430326833908,0.8121082057943186,2,-0.4936607253447669,13.369999885559082,0.06195390973135617,24691.0795686231,1
2024-09-19,25415.80078125,25415.80078125,25611.94921875,25376.05078125,25487.05078125,314500,0.0015072376499098983,0.0010595335052372423,0.004314837193859669,0.009296105195151248,0.0009992076554678547,0.00021200147214262693,-0.023296139519368264,0.005731968060874398,0.007571920331316798,63.91655437862427,1.1634574477923905,3,0.04999897747312426,12.470000267028809,-0.06731485611322718,24719.500008334024,1
2024-09-20,25790.94921875,25790.94921875,25849.25,25426.599609375,25525.94921875,533100,0.014760441377741573,0.01713364300080844,0.004333856660588079,0.016622371733464716,0.012310121410065386,0.0034187332713947194,-0.02185410887175454,0.0064666878834681455,0.007781076836932524,71.68485227383721,1.8598890555768761,4,1.974763497818617,12.789999961853027,0.025661562788439563,24761.51762442886,1
2024-09-23,25939.05078125,25939.05078125,25956.0,25847.349609375,25872.55078125,209200,0.005742385099666292,0.021876231102575527,0.0031639611945990624,0.0042035408762216685,0.013704279289119421,0.004306167846248203,-0.01524607649403964,0.006396732449396074,0.007804253445135413,74.0591904561488,0.7300008723719794,0,0.6068056903901875,13.789999961853027,0.07818608311044262,24807.695395284685,1
2024-09-24,25940.400390625,25940.400390625,26011.55078125,25886.849609375,25921.44921875,384100,5.2030021699067674e-05,0.02053026601972685,-0.0006785738864709444,0.004817162913089243,0.009638905770491828,0.004023660031169711,-0.016349564925302262,0.00639990166101041,0.007752098987786222,74.08052007806047,1.3037353834665582,1,-0.2768953040264613,13.390000343322754,-0.02900649888591611,24852.11519902361,1
2024-09-25,26004.150390625,26004.150390625,26032.80078125,25871.349609375,25899.44921875,278500,0.0024575565157058943,0.024691098631864694,-0.00157866383164232,0.006240539218583902,0.007207358097359741,0.004831071224339804,-0.013301376967861822,0.006400613217596253,0.007747356548693338,75.12112794501051,0.936071524603388,2,0.08895406485739914,12.739999771118164,-0.04854373080944152,24897.293049674732,1
2024-09-26,26216.05078125,26216.05078125,26250.900390625,25998.400390625,26005.400390625,370900,0.008148714241454025,0.031486318565668414,4.806924976293974e-05,0.009712135985529759,0.00915887931412477,0.006154786739646776,-0.01082060378239147,0.0065380792443630684,0.007810230011898778,78.24728342892666,1.2431082734234913,3,0.9220244640307724,12.0,-0.0580847554484073,24949.009039148368,0
2024-09-27,26178.94921875,26178.94921875,26277.349609375,26151.400390625,26248.25,490300,-0.0014152231703233875,0.015044037220542705,0.0012282253730233551,0.0048161558030808726,0.004729437711644478,0.0029600186789195014,-0.022325298270864602,0.0065760077017494424,0.007764807570939458,76.43625847605487,1.6850534419355947,4,-0.4953770281606608,11.960000038146973,-0.0033333301544189453,24997.24198736813,0
2024-09-30,25810.849609375,25810.849609375,26134.69921875,25794.099609375,26061.30078125,343100,-0.014060900852023384,-0.004942400281187975,-0.004494009156629454,0.013204555093336436,-0.008422197246109726,-0.0009794218309051646,-0.02599373627043411,0.007486435889129905,0.007878952127009484,61.28168539418512,1.1552772025523175,0,-2.0163084136986007,12.789999961853027,0.06939798671059627,25029.148168623356,0
2024-10-01,25796.900390625,25796.900390625,25907.599609375,25739.19921875,25788.44921875,247400,-0.0005404401234794243,-0.005531911529471301,-0.0008678672327339332,0.006542565259851864,-0.007864185934962289,-0.0011119355013240763,-0.025984991323832696,0.0074916855993202875,0.007877415597541047,60.78982214936107,0.8281171548117154,1,-0.21041282455633767,11.989999771118164,-0.0625488814011661,25059.256098897982,0
2024-10-03,25250.099609375,25250.099609375,25639.44921875,25230.30078125,25452.849609375,423400,-0.021196375260987388,-0.028997324270276903,-0.013336903893113976,0.016216550133403892,-0.023228513503366813,-0.005846057238132555,-0.03103712760213917,0.008989265590244386,0.008489260175507525,45.40529649321509,1.378120626240927,3,-2.376510193726339,13.170000076293944,0.09841537345298335,25066.740158132387,0
2024-10-04,25014.599609375,25014.599609375,25485.05078125,24966.80078125,25181.900390625,374900,-0.009326695880144675,-0.045828839053603354,-0.002700948503374561,0.020757565398174856,-0.023259413227561948,-0.009516407384222223,-0.04063896102459186,0.009226552994149552,0.008594407016395092,40.63544629347809,1.1906690168802503,4,-0.9882718163733795,14.130000114440918,0.07289294097081878,25064.69543073013,0
2024-10-07,24795.75,24795.75,25143.0,24694.349609375,25084.099609375,374300,-0.008748875168602677,-0.052836315437722714,0.002778377470969102,0.018168139583424125,-0.021232236941376617,-0.011059135387732526,-0.05056687839752694,0.00905666616446671,0.00869349826174761,36.769744217927204,1.1770625324297552,0,-0.9588033088614085,15.079999923706056,0.06723282389037166,25054.14855109364,1
2024-10-08,25013.150390625,25013.150390625,25044.0,24756.80078125,24832.19921875,333200,0.00876764730346924,-0.030905577724968047,0.001469978474133672,0.011600821175873233,-0.006393460317349917,-0.006434160844096296,-0.03398340767627306,0.009242283215967968,0.00842759103162444,42.610328716582735,1.0349915355584203,1,0.9285337694745243,14.59000015258789,-0.032493353686817716,25052.54078009487,0
2024-10-09,24981.94921875,24981.94921875,25234.05078125,24947.69921875,25065.80078125,290600,-0.0012473907279866303,-0.031591050069378346,0.0021049084102869953,0.011478074991572213,-0.0011659037583001011,-0.00651618176157807,-0.029228917752998185,0.009197172716089948,0.0084298830452871,42.01055822574789,0.8971904908922507,2,-0.12724789158242578,14.119999885559082,-0.03221386306465823,25049.772483571538,1
2024-10-10,24998.44921875,24998.44921875,25134.05078125,24979.400390625,25067.05078125,261400,0.0006604768849507447,-0.00996631278759652,0.00340652211542115,0.0061911170086789485,0.0015091488215356436,-0.0020146577708686224,-0.013176785449747652,0.009128513840467254,0.008429583230610367,42.47171580701558,0.8092628711185412,3,0.050511430539480845,13.5,-0.0439093406929254,25047.759806519713,0
2024-10-11,24964.25,24964.25,25028.650390625,24920.05078125,24985.30078125,210500,-0.0013680536120755926,-0.0020128089260372795,-0.0005259701265844147,0.004357920869756454,0.0005426793266480088,-0.0004028218625435736,0.01471301945138248,0.008018408242302775,0.008415419062709121,41.730958894470035,0.6692525355292023,4,-0.06951892431735072,13.220000267028809,-0.020740720960829018,25044.48491214639,1
2024-10-14,25127.94921875,25127.94921875,25159.75,25017.5,25023.44921875,206400,0.006557345754428789,0.013397425718117084,0.002371359794506144,0.005686019786149695,0.004428946187117951,0.0026613995513583844,0.02241092447583204,0.00818476301669061,0.008459642325542985,46.537577318166356,0.6608818161442157,0,0.8554839584365063,13.0,-0.016641472207644226,25047.758022209277,0
2024-10-15,25057.349609375,25057.349609375,25212.05078125,25008.150390625,25186.30078125,257200,-0.0028096049048969007,0.0017670392597393114,0.00232217766726698,0.008153357503057792,0.0012531035509600911,0.00035179328297129303,0.014625674828754875,0.008192754420422207,0.008295908816012266,44.82038958499787,0.8120352976462973,1,-0.2687451668994629,13.0,0.0,25048.13416288244,0
2024-10-16,24971.30078125,24971.30078125,25093.400390625,24908.44921875,25008.55078125,226800,-0.0034340754096676696,-0.00042624526239964933,-0.0019474856234093618,0.007425238329802434,-0.002100354816054326,-8.499252846773239e-05,0.017169171716679865,0.00820101972725972,0.007316056591299843,42.74988451668984,0.7148372862658577,2,-0.3154428861226825,13.050000190734863,0.0038461685180664062,25045.12108909293,0
2024-10-17,24749.849609375,24749.849609375,25029.5,24728.900390625,25027.400390625,252800,-0.008868227322834543,-0.009944601251046348,0.002246563359531637,0.012155801698686151,-0.008980899273338934,-0.001991082575575401,0.014789904347451865,0.008394902092967877,0.0074282565279856555,37.89776019205523,0.7921536677842885,3,-0.9140995194851332,13.390000343322754,0.02605365115850966,25033.54181537849,1
2024-10-18,24854.05078125,24854.05078125,24886.19921875,24567.650390625,24664.94921875,290900,0.004210173941240125,-0.0044142811720760955,-0.003430339657209091,0.012966190215998761,-0.003929497667530931,-0.0008905041484232797,0.01768811114815405,0.008462870183780844,0.007243518974092778,41.275275058454966,0.9149237301462494,4,0.6273780072055476,13.039999961853027,-0.026138937452997335,25026.502951295013,0
2024-10-21,24781.099609375,24781.099609375,24978.30078125,24679.599609375,24956.150390625,242000,-0.00293518237799828,-0.013803339315736407,0.004107966555376332,0.012103161177766145,-0.004084377736321917,-0.002791091178075891,0.02535185426825315,0.007608628648386725,0.007170662189333453,39.64945822556655,0.7976400402116053,0,-0.12777581701111212,13.760000228881836,0.05521474456557396,25016.879290827554,0
2024-10-22,24472.099609375,24472.099609375,24882.0,24445.80078125,24798.650390625,279500,-0.012469180337869368,-0.02335642073577615,0.0007082325452321866,0.01784352341955458,-0.011854326948578811,-0.00472335779465256,0.03319735157633108,0.007728632336648196,0.007262648486063972,33.6104354343133,0.9106904304193412,1,-1.2472577682915276,14.399999618530272,0.04651158277636469,24995.51538175096,0
2024-10-23,24435.5,24435.5,24604.25,24378.099609375,24378.150390625,284600,-0.001495564743491773,-0.021456662828406303,-0.0038390338487347877,0.009276785075487596,-0.009044335287826976,-0.004378870548931081,0.03655710596326123,0.007705107180095487,0.007264945816235048,32.96989054462341,0.9425869806415288,2,0.19046137106069908,14.619999885559082,0.01527779672616858,24973.553994231293,0
2024-10-24,24399.400390625,24399.400390625,24480.650390625,24341.19921875,24412.69921875,216700,-0.0014773427748562273,-0.014159650433481996,-0.0009331006629698594,0.005729018140058642,-0.007687749356074916,-0.002868361349266436,0.04755165241218007,0.007608468792917992,0.007161012858025275,32.315706684603285,0.7251250648329401,3,0.2212830445395414,13.970000267028809,-0.044459618578541193,24951.038166638868,0
2024-10-25,24180.80078125,24180.80078125,24440.25,24073.900390625,24418.05078125,372600,-0.008959220549493163,-0.027088139713140946,0.0007643790554855624,0.015217708947473506,-0.011163071557971232,-0.005518578237346131,0.05054559760993571,0.007223311943923957,0.007278616560799642,28.6133172933186,1.246445656173686,4,-0.6893812253671002,14.630000114440918,0.04724408266260394,24920.83277897653,1
2024-10-28,24339.150390625,24339.150390625,24492.599609375,24134.900390625,24251.099609375,278600,0.0065485676346082045,-0.0178341246238648,0.0029072167113468926,0.014820828466685749,-0.0010769309868463321,-0.0036553728947859125,0.052443670437798406,0.007584560901316655,0.006955675008498082,34.4701139536828,0.9662036796198997,0,1.3463059261611003,14.289999961853027,-0.023239928224763617,24898.02170492351,1
2024-10-29,24466.849609375,24466.849609375,24484.5,24140.849609375,24328.849609375,332000,0.0052466588480091225,-0.0002145300192382127,-0.00042321860396440437,0.014235223539586808,0.004207352795680209,-4.314037191731029e-05,0.05185659589642455,0.0074068208189831345,0.006994781563549505,38.82870897917901,1.1536189582681817,1,1.0705627190567442,14.520000457763672,0.016095206194865597,24881.112995294145,0
2024-10-30,24340.849609375,24340.849609375,24498.19921875,24307.30078125,24371.44921875,285200,-0.005149825253829232,-0.0038734787757566114,-0.003899169371950743,0.007853543230404832,-0.00018732676285715432,-0.0007737031300402925,0.05256937905607628,0.007408873629339186,0.006989711085221411,36.26558958565254,0.9845346589339962,2,-0.30854343774889437,15.510000228881836,0.06818180026907794,24859.926195846318,0
2024-10-31,24205.349609375,24205.349609375,24372.44921875,24172.599609375,24349.849609375,287000,-0.005566773640794054,-0.007953096311520857,0.00036974880270956547,0.008267609301628079,-0.0041655513574501805,-0.0015944454229343552,0.03342297808670047,0.00604627549631573,0.007013703241618414,33.690034874467074,1.0146362157958,3,-0.5754007914143561,15.550000190734863,0.0025789788048191653,24834.2565257886,1
2024-11-01,24304.349609375,24304.349609375,24368.25,24280.19921875,24302.75,38800,0.004090004961616156,0.00510937703191372,0.004023920009289011,0.0036264439371652343,-0.001108043771983384,0.001020839030369979,0.03350279571904757,0.005943779692730171,0.007036938125420013,37.1993376846059,0.14583450790250135,4,0.9287717705052024,15.899999618530272,0.022508001511404974,24813.475862399817,0
2024-11-04,23995.349609375,23995.349609375,24316.75,23816.150390625,24315.75,285500,-0.0127137736646451,-0.014125422446234048,0.0004690679161643761,0.02101933356836948,-0.01101285744086661,-0.0028291296560133193,0.018154318663633595,0.0062634930893290894,0.007249811547640647,31.58135087012677,1.091298281826348,0,-1.774723819980327,16.690000534057617,0.04968559336357825,24781.392479928232,1
2024-11-05,24213.30078125,24213.30078125,24229.05078125,23842.75,23916.5,289500,0.00908305881860727,-0.010362953636166017,-0.003286037113799476,0.016202022889557622,6.0339796951743164e-05,-0.00211331639048878,0.0216142102509862,0.0062910638669687585,0.007287963599122057,38.62245015274729,1.1159079520487223,1,1.7023007290499081,16.1200008392334,-0.03415216756051487,24759.114374097702,1
2024-11-06,24484.05078125,24484.05078125,24537.599609375,24204.05078125,24308.75,351100,0.011181870759630508,0.005883162427487543,0.003942015985854882,0.013780702707143062,0.010048097328930406,0.0011828306530260232,0.025813490246995974,0.006907706182000923,0.0074749474602769355,46.05008699728606,1.3377531386332895,2,1.763049170997242,14.869999885559082,-0.07754347944151607,24748.32756653504,0
2024-11-07,24199.349609375,24199.349609375,24503.349609375,24179.05078125,24489.599609375,322200,-0.011628025706147627,-0.00024787908858281416,0.00022663031434526015,0.013412388726876006,-0.0016473454913389285,-4.901149775917362e-05,0.031718088175324066,0.007292629234630501,0.007637255479204808,40.49997954974209,1.2135821766888266,3,-1.3772818003747265,14.9399995803833,0.004707444207326272,24726.79901919542,0
2024-11-08,24148.19921875,24148.19921875,24276.150390625,24066.650390625,24207.69921875,298700,-0.002113709312467793,-0.006424791987223899,0.0003450344538088454,0.008704992036681984,-0.0024723503648579406,-0.0012905337800030255,0.02626398421274201,0.007293165026044021,0.007609901670808961,39.5770703770787,1.1066856857042293,4,-0.06570801782333971,14.470000267028809,-0.03145912493676484,24704.108830942645,0
2024-11-11,24141.30078125,24141.30078125,24336.80078125,24004.599609375,24087.25,273400,-0.00028567088740283353,0.006082477407121312,-0.0025239653772060836,0.013839063232917195,-0.003958348896048476,0.0012087954928057664,0.04534745796366357,0.007044891720077494,0.0075868336223881404,39.44651365227022,1.0005306398785017,0,0.24047079459872983,14.270000457763672,-0.01382168663264327,24682.037927033118,0
2024-11-12,23883.44921875,23883.44921875,24242.0,23839.150390625,24225.80078125,255800,-0.010680930776533315,-0.01362274253642548,0.0035002256409327054,0.016898656318449373,-0.011907554053025605,-0.002732674311868029,0.033225803256534014,0.007310741519169674,0.007703351210114339,34.82249849811599,0.936361806102092,1,-1.1385432023798623,14.59000015258789,0.022424645028663592,24650.720722786707,0
2024-11-13,23559.05078125,23559.05078125,23873.599609375,23509.599609375,23822.44921875,304600,-0.013582562322921432,-0.03777969618934007,-0.00255406995201142,0.015483036974174861,-0.017810986952805998,-0.007745949854460864,0.01877522709524926,0.0077334921521666,0.007902252027893412,30.04997184746506,1.0993413335739421,2,-1.3870255439818464,15.4399995803833,0.05825904173446106,24607.91013684407,0
2024-11-14,23532.69921875,23532.69921875,23675.900390625,23484.150390625,23542.150390625,257700,-0.0011185324376894457,-0.027548277180422076,-0.0007173629694134602,0.008165081419191884,-0.013425624979468044,-0.005659399411419145,0.021629815205398084,0.0076107438668252475,0.007898038208406767,29.693956432992778,0.9292514063176114,3,0.1806937110111113,14.779999732971191,-0.042746105268723356,24565.745002801148,0
2024-11-18,23453.80078125,23453.80078125,23606.80078125,23350.400390625,23605.30078125,263300,-0.0033527151631265184,-0.02875570270104577,0.0030851353610194324,0.010980556493067362,-0.010974897309240752,-0.005901562171386731,0.027583202064384027,0.007445212182013887,0.00790236715968314,28.601363990806945,0.9541929404943104,0,-0.06511325604915146,15.170000076293944,0.026387033177865282,24522.139347054024,1
2024-11-19,23518.5,23518.5,23780.650390625,23464.80078125,23529.55078125,297500,0.002758581406631766,-0.025798145132830408,0.0032297537062972704,0.013460570678587892,-0.0030098136882935203,-0.0053108729545268555,0.025151959151377468,0.007551714867497788,0.007780542200008883,30.848388190509212,1.0673985971332722,1,0.7090339023828779,15.65999984741211,0.03230057802596087,24482.78094128718,0
2024-11-21,23349.900390625,23349.900390625,23507.30078125,23263.150390625,23488.44921875,420300,-0.007168807933116472,-0.02233968901385197,-0.0012777507600399685,0.010495155923653061,-0.005659031248998259,-0.004537269197652943,0.023516581459977592,0.007270779907721247,0.007799837408435647,28.344955998670798,1.470840405242253,3,-0.6682145219202809,15.989999771118164,0.021072792268295615,24438.3542530259,1
2024-11-22,23907.25,23907.25,23956.099609375,23359.0,23411.80078125,367600,0.023869464111237804,0.014779849238540699,0.0026509916354869353,0.025561865207200652,0.015065108810345253,0.0029824471447406995,0.03639798678432449,0.00930453633322365,0.008527753033287889,44.40638237375874,1.2680015867266863,4,2.671140635743286,16.100000381469727,0.006879337831527055,24417.52663526017,1
2024-11-25,24221.900390625,24221.900390625,24351.55078125,24135.44921875,24253.55078125,687200,0.013161295867362366,0.029286957924736123,0.014485178397766368,0.008953699620064173,0.022440861632739093,0.005765624836608233,0.036561726859967836,0.009827222986652525,0.008733153980614347,51.07388686618139,2.192515075136394,0,1.368035530151867,15.300000190734863,-0.04968945166334415,24409.85501782349,0
2024-11-26,24194.5,24194.5,24343.30078125,24125.400390625,24343.30078125,230700,-0.0011312238174179257,0.031581201940716896,0.0050120093249160415,0.00903199064458532,0.014937650682910147,0.006115946369234359,0.03101466905895145,0.009618649013247592,0.008278596839200316,50.50582839263795,0.7530970995805246,1,-0.12477653500937212,15.3100004196167,0.0006536097226907955,24401.409723006884,1
2024-11-27,24274.900390625,24274.900390625,24354.55078125,24145.650390625,24204.80078125,295000,0.003323085437806128,0.032161931697387125,0.00042574887887743084,0.008651677931446795,0.01188886365199162,0.006252663957717693,0.034801711598034246,0.009530886599161651,0.008300519311547872,52.186305208321805,0.9604271459035341,2,0.3569645830842379,14.630000114440918,-0.044415433477356214,24396.448572717396,0
2024-11-28,23914.150390625,23914.150390625,24345.75,23873.349609375,24274.150390625,366700,-0.014861029054492936,0.024164985313022802,-3.0896110300401114e-05,0.019787771651427147,-0.007816182108528047,0.00464883472986696,0.04675470272961335,0.009991991749445088,0.008530767883936974,44.831159200808955,1.1871540030431544,3,-1.374709001081797,15.210000038146973,0.03964456043534481,24377.53491851769,1
2024-11-29,24131.099609375,24131.099609375,24188.44921875,23927.150390625,23927.150390625,282100,0.009072001940535257,0.009363252125401234,0.0005436112003835334,0.010920599564057599,-0.0006713189489888468,0.0018721100747343805,0.017980453388549145,0.010193442592326189,0.00864576310292518,49.44570772896233,0.9137286021992971,4,0.9257041878382194,14.43000030517578,-0.051282033597300436,24367.870788747383,1
2024-12-02,24276.05078125,24276.05078125,24301.69921875,24008.650390625,24140.849609375,220400,0.006006820004948565,0.0022355962889666348,0.0004040429221141708,0.012205968405430692,0.004880779138255922,0.0004488016833179241,-0.0006852940520518658,0.010214135867900856,0.008702127095048256,52.315565158801675,0.721664674776117,0,0.5679155764081584,14.699999809265137,0.018710983948663662,24364.27000413964,1
2024-12-03,24457.150390625,24457.150390625,24481.349609375,24280.0,24367.5,339500,0.007460011144599932,0.010855789151460016,0.0037670550112966594,0.008292817519563426,0.01018063832779316,0.0021638642379826272,0.0045688165022903515,0.010309126499053838,0.00877544279663862,55.69927842085148,1.059480714018225,1,0.6870957369055345,14.369999885559082,-0.022448974693051515,24367.912372237104,1
2024-12-04,24467.44921875,24467.44921875,24573.19921875,24366.30078125,24488.75,348000,0.00042109681465385407,0.00793201310928393,0.0012920397049655005,0.008491171448528184,0.009001093642003195,0.0015745810533904921,-0.011742616227666813,0.009837428682007767,0.00849123554823118,55.890968403048255,1.0755180566501321,2,-0.06081693770373872,14.449999809265137,0.00556714852770801,24371.81577798271,1
2024-12-05,24708.400390625,24708.400390625,24857.75,24295.55078125,24539.150390625,361500,0.009847825562885104,0.03321255353112473,0.0029304718785337727,0.02314000714829956,0.012306208716499312,0.006492299159581849,0.01276513028024806,0.009871529213379035,0.008576726587505634,60.22709403050948,1.104947045069002,3,0.8883446562596025,14.529999732971191,0.0055363269731505405,24385.01517455692,0
2024-12-06,24677.80078125,24677.80078125,24751.05078125,24620.5,24729.44921875,226700,-0.0012384293961259507,0.02265546041103761,0.0008518895514169531,0.005302523557604436,0.0065435430759964676,0.004425225131793033,0.014742145668675821,0.00958825717799447,0.00857552378069011,59.42811058882326,0.7063515555624795,4,-0.1744305352291525,14.140000343322754,-0.026840977069218952,24396.49696305469,0
2024-12-09,24619.0,24619.0,24705.0,24580.05078125,24633.900390625,248100,-0.0023827399277279726,0.014127059703421097,-0.0017789425813970901,0.005083358853160425,0.0013438500485652852,0.002779414760577613,-0.0032143315901045355,0.00918802594301673,0.008563065066156129,57.84019463156993,0.7820577480771655,0,-0.35631002404928347,14.109999656677246,-0.002121689244489633,24405.222572346665,0
2024-12-10,24610.05078125,24610.05078125,24677.80078125,24510.650390625,24652.650390625,261000,-0.0003635086213900074,0.006251766382546764,0.001366846363580974,0.006819500419659725,-0.0002636216569515028,0.0012421332355091596,-0.012873948057534168,0.009166487025002992,0.008460282276212065,57.587989327079995,0.8276386929016505,1,-0.14700094064254304,13.779999732971191,-0.023387663482322574,24413.25505112719,1
2024-12-11,24641.80078125,24641.80078125,24691.75,24583.849609375,24620.5,187300,0.0012901233029631864,0.00712585774435337,0.00042459151518537666,0.004389076256952548,-0.00038982619703344936,0.0014169134720585948,-0.013606247975017194,0.009162101433921039,0.0084679395303412,58.28298324482638,0.6021539945346407,2,0.024341929746871525,13.270000457763672,-0.037010107771428435,24422.217628779068,0
2024-12-12,24548.69921875,24548.69921875,24675.25,24527.94921875,24604.44921875,266100,-0.003778196379659149,-0.006463436294953162,-0.0015157805564445957,0.006005425889311539,-0.002874598553571194,-0.0012961810160928046,-0.034317453271602405,0.008817652967652925,0.008268896467512162,55.4153717267009,0.8540753935775841,3,-0.5866936941247658,13.1899995803833,-0.006028701930719693,24427.17769113087,1
2024-12-13,24768.30078125,24768.30078125,24792.30078125,24180.80078125,24498.349609375,310100,0.008945547808588916,0.003667263578396307,-0.00205100925822349,0.02528865795355141,0.005306142898501368,0.0007373099421159547,-0.04766120509498539,0.008214314140332718,0.008386745877963023,60.36852653391502,0.9944202154951257,4,0.7766340000177268,13.050000190734863,-0.010614055655972177,24440.555067213976,0
2024-12-16,24668.25,24668.25,24781.25,24601.75,24753.400390625,187600,-0.004039468921733236,0.00200048742840897,-0.0006015911530063392,0.007296228926803988,0.0008451061910701312,0.00039768573900132676,-0.0462536788571668,0.008307842728335742,0.007858657077671133,57.248007273484134,0.6084291436262507,0,-0.7708043422004993,14.020000457763672,0.07432952129130865,24449.48428026441,0
2024-12-17,24336.0,24336.0,24624.099609375,24303.44921875,24584.80078125,264900,-0.013468730047733413,-0.011135725955461862,-0.003382859292815664,0.013193616582522768,-0.010434441672503212,-0.0022218907401213225,-0.048750065182529445,0.008964433990569504,0.007976985877674175,48.31621896637755,0.8589076406789553,1,-1.707648922345609,14.489999771118164,0.0335234877324293,24445.03391633247,0
2024-12-18,24198.849609375,24198.849609375,24394.44921875,24149.849609375,24297.94921875,235300,-0.005635699812006956,-0.017975600720384177,-0.0015635593873274162,0.010128411287499122,-0.012453887707933577,-0.0036402956268492023,-0.046903874605836116,0.009115398456721742,0.007923047029100887,45.18246625478438,0.7707047051309346,2,-0.7767359272078388,14.369999885559082,-0.008281565731855234,24435.37962978512,0
2024-12-19,23951.69921875,23951.69921875,24004.900390625,23870.30078125,23877.150390625,271100,-0.010213311567061067,-0.024319007483053046,-0.013293988100383453,0.005638789833797457,-0.017753842566011677,-0.004934118849754761,-0.050092086513686684,0.009292414991690827,0.007927493295273013,40.131173110993316,0.9102049723849653,3,-1.237047143165545,14.510000228881836,0.009742543106311619,24416.411770528834,0
2024-12-20,23587.5,23587.5,24065.80078125,23537.349609375,23960.69921875,442700,-0.01520556915080562,-0.047673871198458895,0.00037575622162767356,0.02245160056867729,-0.023229629180057238,-0.009859849779055668,-0.03429926726032295,0.008405116175848314,0.008186918152033762,34.08408056579313,1.4678381962864722,4,-1.7359490837876517,15.06999969482422,0.038594035638105595,24383.90542658652,1
2024-12-23,23753.44921875,23753.44921875,23869.55078125,23647.19921875,23738.19921875,189800,0.0070354729729729115,-0.03708413775804931,0.0063889440911499736,0.009402870946496538,-0.008848152305660677,-0.007756657392686774,-0.01774415351567693,0.007981734079163692,0.008264449782159266,38.62240474205816,0.6858670906659922,0,1.0025000601631864,13.520000457763672,-0.10285330248499569,24359.181653730182,0
2024-12-24,23727.650390625,23727.650390625,23867.650390625,23685.150390625,23769.099609375,177700,-0.0010861087115143775,-0.024997929379314554,0.0006588681281978292,0.007705249786897563,-0.004872509928046828,-0.005122200180467212,-0.005702237822349132,0.007981694189665213,0.008264304126695926,38.18227927328702,0.6483508464681844,1,-0.017907639510236623,13.18000030517578,-0.02514793942870408,24334.415721843703,1
2024-12-26,23750.19921875,23750.19921875,23854.5,23653.599609375,23775.80078125,177700,0.0009503186263191132,-0.018540153679503235,0.002029294507981483,0.008493438374824525,-0.00016419863051599892,-0.003781667238339561,0.003074813361829687,0.007932092455040519,0.008197617036197459,38.838311743422295,0.6625281956639263,3,0.25436284563906253,14.039999961853027,0.06525035180306693,24311.505270741985,1
2024-12-27,23813.400390625,23813.400390625,23938.849609375,23800.599609375,23801.400390625,176800,0.002661079652128029,-0.005774071679087278,0.002155820732424777,0.005808677187508489,0.0036651325461248474,-0.001164611941577525,-0.0015610848761149487,0.007259523560090117,0.008211159261467054,40.73669566867471,0.6833642547928263,4,0.39294977873763026,13.239999771118164,-0.05698007071997724,24291.97174603151,0
2024-12-30,23644.900390625,23644.900390625,23915.349609375,23599.30078125,23796.900390625,364900,-0.007075847935867907,0.0024335088765234936,-0.0006928871865983414,0.013392296282612981,-0.003918604981234287,0.0004820847899370558,0.022581750217382623,0.007072382949824618,0.008249427641516826,37.40339094958178,1.3881914327018186,0,-0.861907815034115,13.970000267028809,0.05513599007026215,24266.596398760663,0
2024-12-31,23644.80078125,23644.80078125,23689.849609375,23460.44921875,23560.599609375,193600,-4.212721278373799e-06,-0.004574006768424899,-0.0035652838395303426,0.009778175536453888,-0.0030101568767789094,-0.0009190010167526401,0.02142898711588337,0.006884356710563655,0.00817300668443427,37.40144261936684,0.7402875497093913,1,0.18778437280228633,14.449999809265137,0.03435930802157494,24242.212256897496,1
2025-01-02,24188.650390625,24188.650390625,24226.69921875,23751.55078125,23783.0,283200,0.018774033191665485,0.01846094712034496,0.001688909472527355,0.020004943756139607,0.016033983145204763,0.0036933244436145487,0.029855630139094202,0.008066562547725227,0.008618831867405224,52.776741779587205,1.1371210600281068,3,2.393114800889141,13.739999771118164,-0.0491349513853786,24221.29881081733,0
2025-01-03,24004.75,24004.75,24196.44921875,23976.0,24196.400390625,312300,-0.007602755327609123,0.008035375302820391,0.00032039819811541584,0.00919457869327661,0.006691057603262139,0.001582143743324809,0.03651356002950079,0.007824929943073463,0.008505708090389903,48.39191438339516,1.266474715114157,4,-0.790454910590565,13.539999961853027,-0.014556027117667125,24212.806700589197,0
2025-01-06,23616.05078125,23616.05078125,24089.94921875,23551.900390625,24045.80078125,278100,-0.016192595996625703,-0.0012201197255387042,0.001710110759328883,0.02284524047745948,-0.00937017718576871,-0.00024036583905262686,0.04180437866520559,0.00850192050278973,0.008798703164987815,40.69574481122941,1.1161502648900306,0,-1.6512779379885902,15.649999618530272,0.15583453933691738,24189.40450767393,1
2025-01-07,23707.900390625,23707.900390625,23795.19921875,23637.80078125,23679.900390625,262300,0.0038892874268343647,0.002668646268529251,0.0027036531199235688,0.00665875979565966,-0.006043505595504666,0.0005343790116262933,0.039676632351432706,0.008609497445113922,0.008821428846535497,43.00252274397806,1.0497458678512828,1,0.6669421778242529,14.65999984741211,-0.06325877285939097,24170.52199327985,0
2025-01-08,23688.94921875,23688.94921875,23751.849609375,23496.150390625,23746.650390625,266400,-0.0007993610384197103,-0.0022723075524632153,0.0016344762446919685,0.010882600532384419,-0.0063885439151197786,-0.0004551324325316373,0.035155553555477836,0.008605991515841536,0.00873743378133444,42.634037723689744,1.0650035979851282,2,0.12453695561183958,14.470000267028809,-0.012960408073731333,24151.63678643554,0
2025-01-09,23526.5,23526.5,23689.5,23503.05078125,23674.75,269200,-0.006857594959147506,-0.027374424779054052,-0.0005994026420876955,0.007932979445321344,-0.007690386979205153,-0.005590373676016792,0.01788609782441719,0.008640121454357606,0.00872589816284226,39.508780497282835,1.0588628630991013,3,-0.5303747708619585,14.65999984741211,0.013130585824260965,24127.121618340025,0
2025-01-10,23431.5,23431.5,23596.599609375,23344.349609375,23551.900390625,261000,-0.004037999702463213,-0.02388069028004869,0.0010796502082757742,0.010805612673770846,-0.006894923984912068,-0.004873228061972731,0.021628817527057254,0.008642652698832699,0.008696216804084963,37.76531607919731,1.0276399716513112,4,-0.20228400884069447,14.920000076293944,0.017735350040111397,24099.842339189436,0
2025-01-13,23085.94921875,23085.94921875,23340.94921875,23047.25,23195.400390625,316500,-0.014747275302477436,-0.022446664237395497,-0.010076162831018073,0.012743351972578074,-0.017123970157238027,-0.004524691654396735,0.04547691184310687,0.008650277050237675,0.008899684993829917,32.19936124944938,1.2445930003932364,0,-1.3045776947634964,16.0,0.07238605349754956,24060.081824662397,1
2025-01-14,23176.05078125,23176.05078125,23264.94921875,23134.150390625,23165.900390625,311200,0.003902874499386977,-0.02243343360702299,0.003463196211575527,0.00565392832312552,-0.008799115203534994,-0.004607561112913172,0.03805724646756681,0.00880557452380686,0.008902299930527258,34.893834032486,1.1947174447174447,1,0.7938399101432236,15.470000267028809,-0.03312498331069946,24025.413940607006,1
2025-01-15,23213.19921875,23213.19921875,23293.650390625,23146.44921875,23250.44921875,228000,0.0016028803979861728,-0.020083204012419476,0.00321014301367471,0.006359557376764221,-0.0031537665155975825,-0.004105531218329059,0.02605423768917492,0.008507029362737213,0.008881036441839034,36.02274203299743,0.8815512208324473,2,0.4621932036344767,15.260000228881836,-0.013574662865038611,23993.562382887118,1
2025-01-16,23311.80078125,23311.80078125,23391.650390625,23272.05078125,23377.25,299400,0.004247650725383689,-0.009125846120332404,0.00706713364685602,0.0051391951014201085,0.0029298597576977534,-0.0018498029222665155,0.027530806672837693,0.008592754513047415,0.008741770527049263,39.04395367256445,1.1434463794683776,3,0.7082511917632488,15.470000267028809,0.013761470183304203,23966.826633803306,0
2025-01-17,23203.19921875,23203.19921875,23292.099609375,23100.349609375,23277.099609375,272900,-0.004658651792672774,-0.009743327625205356,-0.0014885667649884272,0.008300740172442263,0.00022240564438849808,-0.0019586713475487952,0.021507064806829512,0.008393682509999606,0.0086483971644179,36.97296932224003,1.0418814186996526,4,-0.3704549179546988,15.75,0.018099529937821268,23936.880460663957,1
2025-01-20,23344.75,23344.75,23391.099609375,23170.650390625,23290.400390625,301500,0.006100485537167577,0.01121031579848597,0.0037581529621369897,0.009514157567160706,0.004083906098117004,0.002230733605397496,0.021501783737012725,0.007900330496612793,0.008534670259043491,41.34037178592105,1.1829560167928748,0,0.8341967227011234,16.420000076293945,0.042539687383742475,23913.659658284974,0
2025-01-21,23024.650390625,23024.650390625,23426.30078125,22976.849609375,23421.650390625,312900,-0.013711845677293555,-0.006532622492676166,0.0032941192612900116,0.019561044247406973,-0.008392487523672394,-0.001297082989751474,0.02414918802727628,0.008221150597999998,0.008593902465739519,35.371321822943074,1.198735753280337,1,-1.4837798425887903,17.059999465942383,0.03897682013853476,23878.796549749284,1
2025-01-22,23155.349609375,23155.349609375,23169.55078125,22981.30078125,23099.150390625,276000,0.0056764909144164655,-0.002492099810536774,0.003235662593614639,0.008191442329217044,-0.0022664815558892846,-0.0005025015224426065,0.02162747257983022,0.00837844406771177,0.008643429690519164,39.22961608322069,1.037828081522148,2,0.8199558298232856,16.770000457763672,-0.01699877006195971,23850.426081499307,1
2025-01-23,23205.349609375,23205.349609375,23270.80078125,23090.650390625,23128.30078125,275600,0.0021593282262408753,-0.004566407068844702,-0.0011681459611410329,0.0078018759791254125,0.0008060602061236463,-0.000919452080584411,0.018374436683946227,0.008399226026358944,0.008653522151745514,40.68840145121706,1.01759373788469,3,0.3915703604738472,16.700000762939453,-0.004174102141530467,23825.128964945412,0
2025-01-24,23092.19921875,23092.19921875,23347.30078125,23050.0,23183.900390625,264300,-0.004876047658393667,-0.004783823082047389,-0.0009243221546351743,0.01289808161605206,-0.0031194574622556955,-0.0009566759550578756,0.02550169515746148,0.008388162900678408,0.008555266963865533,38.439610262588396,0.9603575451473421,4,-0.4024505537757891,16.75,0.002993966154271277,23796.386621957357,0
2025-01-27,22829.150390625,22829.150390625,23007.44921875,22786.900390625,22940.150390625,257400,-0.011391241935562957,-0.022086319595412296,-0.0065844238863807325,0.009678755089294125,-0.010068341852562706,-0.0044655738891803435,0.012413720012427909,0.008594216254960162,0.008491964686253337,33.76722285951797,0.9539162821724387,0,-1.1266478185347504,18.1299991607666,0.08238800959800607,23758.455789356085,1
2025-01-28,22957.25,22957.25,23137.94921875,22857.650390625,22960.44921875,361900,0.005611229817278129,-0.0029273143991990214,0.005751367259769731,0.01226280143999244,-0.003931374389917954,-0.0005904765571362293,0.02615099281983313,0.008744180224821626,0.008537036449186129,37.736311781805085,1.30062893081761,1,0.8070566491605851,18.200000762939453,0.0038610924110982214,23727.035954479372,1
2025-01-29,23163.099609375,23163.099609375,23183.349609375,22976.5,23026.75,226300,0.008966649288351114,0.0003346958750674034,0.0030273660826100686,0.009002659646813049,0.004932440565985823,6.751679752596284e-05,0.024754660231188663,0.008968587244775436,0.00862923728098131,43.586719627282086,0.802994819388262,2,1.1343180297412452,18.63999938964844,0.02417574770683273,23704.920803690966,1
2025-01-30,23249.5,23249.5,23322.05078125,23139.19921875,23169.5,361900,0.003730087599762788,0.001902595365646409,0.0002763184000818921,0.007902242457545072,0.008294655513432008,0.0003812131482362631,0.04072867187089013,0.007774222615040175,0.008637200524723781,45.885082730260116,1.2664695280922469,3,0.7333575153484201,17.389999389648438,-0.06706008803273777,23687.061164330535,1
2025-01-31,23508.400390625,23508.400390625,23546.80078125,23277.400390625,23296.75,304900,0.011135740150325812,0.018023453198734662,0.0020323017699305362,0.011573474103813642,0.01585552485239862,0.0035803021301533365,0.0387005945717962,0.008173466108242072,0.008722556856918046,52.17306770466727,1.0683813094591517,4,1.491021955418172,16.25,-0.06555488382173447,23680.054859479336,0
2025-02-03,23361.05078125,23361.05078125,23381.599609375,23222.0,23319.349609375,329700,-0.005157091976693451,0.017589248766729515,-0.006932958802401525,0.006872776219748514,0.0003515866503859203,0.003439214676107397,0.03221937643135209,0.007350890861846375,0.007828993499193068,48.50054117517337,1.1412253374870198,0,-0.6061611455376934,14.350000381469728,-0.11692305344801668,23660.0882874197,1
2025-02-04,23739.25,23739.25,23762.75,23423.150390625,23509.900390625,376700,0.016189306820631133,0.024873630919059364,0.006371700090411574,0.01449846001547781,0.011555261420686951,0.004932572562938273,0.022750244998244185,0.008254457204407976,0.008180325772479308,56.97900432335311,1.2794864392099587,1,1.9454240072712363,14.020000457763672,-0.022996509751469274,23663.192668305204,0
2025-02-05,23696.30078125,23696.30078125,23807.30078125,23680.44921875,23801.75,267000,-0.001809207062143936,0.019217651186046902,0.002632770622492286,0.005356805579497195,0.005894968582597199,0.0037642367071411575,0.012000224826409944,0.0081050741357878,0.008165156069242837,55.85442173344421,0.9072220995226041,2,-0.27157159329347524,14.079999923706056,0.004279562338327825,23664.491025675587,0
2025-02-06,23603.349609375,23603.349609375,23773.55078125,23556.25,23761.94921875,307000,-0.003922602634608197,0.0040389485108422996,0.0027704086855592737,0.009224761209869993,0.001142213131512751,0.0008013843141720995,-0.0032951790258071156,0.008101800240268745,0.00791060436396184,53.398092766518026,1.03504661081236,3,-0.5333755391481672,14.18000030517578,0.007102299858777306,23662.093323075565,0
2025-02-07,23559.94921875,23559.94921875,23694.5,23443.19921875,23649.5,368100,-0.0018387386257991967,0.003313104925691146,0.0019552475131186277,0.010719560026986772,-0.0013577011878159887,0.0006592185381528534,-0.017218864347420926,0.007297492674411413,0.007798586111306507,52.242834319174975,1.2303424302688972,4,-0.39447935519027194,13.6899995803833,-0.03455576264082494,23658.08767192554,0
2025-02-10,23381.599609375,23381.599609375,23568.599609375,23316.30078125,23543.80078125,234200,-0.007570033692307909,0.0008796191711331058,-0.000685419028286716,0.010820705672483357,-0.009090075338555001,0.0001744386452975807,-0.007989399544138909,0.007508376292718643,0.007805340876739117,47.677907674858766,0.7929977821795589,0,-1.069831095499092,14.449999809265137,0.05551499285440853,23647.24500280591,0
2025-02-11,23071.80078125,23071.80078125,23390.05078125,22986.650390625,23383.55078125,268000,-0.013249684936046169,-0.02811585112208681,8.344903289754673e-05,0.01754933336392174,-0.01665626225354388,-0.005709183545187296,-0.022024556416538887,0.008106248607986173,0.007912912642603735,40.979573662485436,0.9013402391242201,1,-1.6006584528160979,14.869999885559082,0.029065749608152114,23624.67856274489,0
2025-02-12,23045.25,23045.25,23144.69921875,22798.349609375,23050.80078125,279700,-0.0011507892904301098,-0.027474785505978705,-0.0009102020340374249,0.015191872013076604,-0.012306490919828123,-0.005643692812908584,-0.016040628884994246,0.008036521024648156,0.007909599668598949,40.45500291853248,0.9438164332714696,2,-0.07547548683862464,14.899999618530272,0.0020174669268373524,23601.955874009796,0
2025-02-13,23031.400390625,23031.400390625,23235.5,22992.19921875,23055.75,265700,-0.0006009745771905495,-0.02423169711992179,0.0004556253457870928,0.010581883835261381,-0.00803685112305108,-0.004963705915535708,-0.01682759622394825,0.007978707217886283,0.007749624872723009,40.16617312560998,0.8976654616710024,3,-0.032547155708536966,14.960000038146973,0.004026873902874595,23579.581149171176,0
2025-02-14,22929.25,22929.25,23133.69921875,22774.849609375,23096.44921875,254500,-0.004435266153706374,-0.02676997360622757,0.0028243540132921454,0.015756398638403467,-0.007041882080945695,-0.005476863829840971,-0.008971539268742723,0.007877149883863975,0.007761472727478261,38.010605132317295,0.8667075330336467,4,-0.45277283346888364,15.020000457763672,0.004010723226183233,23554.077966850735,1
2025-02-17,22959.5,22959.5,22974.19921875,22725.44921875,22809.900390625,207400,0.0013192755977626813,-0.0180526403850384,-0.0052051248677998626,0.010945878235699067,-0.0020836839686048207,-0.003681756789908087,-0.01522304733933777,0.00727568876426841,0.007770225265614155,39.05368780989357,0.7192273680925216,0,0.19713325179756397,15.720000267028809,0.04660451317784853,23530.76118383698,0
2025-02-18,22945.30078125,22945.30078125,22992.5,22801.5,22963.650390625,210600,-0.0006184463402948426,-0.005482883681225403,0.00018077007883446938,0.008376641887595114,-0.0016029600702679424,-0.0011019403732659366,0.0035884035879574228,0.007146470742655399,0.007769617512101181,38.72429913969447,0.7387011347094828,1,-0.026163255790826314,15.670000076293944,-0.0031806736568406047,23507.80195236298,0
2025-02-19,22932.900390625,22932.900390625,23049.94921875,22814.849609375,22847.25,207000,-0.0005404326900405598,-0.004875174249574177,-0.004273240180408673,0.010304674955139466,-0.0011659541060754744,-0.00097928207998757,0.0068656192888231216,0.007119973197398543,0.00776099239705444,38.41954165138871,0.7349155912165161,2,0.0036208546190079098,15.420000076293944,-0.015954052251614725,23485.256793079137,0
2025-02-20,22913.150390625,22913.150390625,22923.849609375,22812.75,22821.099609375,240800,-0.0008612081186238907,-0.005134294832029984,-0.0048751261003036625,0.004870066492422001,-0.0009971181383431524,-0.001031269468630578,0.0026193550663140552,0.00704863203768093,0.007753952331854556,37.907840631392396,0.8584976291489893,3,-0.07024235182272628,14.68000030517578,-0.04798960878449077,23462.821247884855,0
2025-02-21,22795.900390625,22795.900390625,22921.0,22720.30078125,22857.19921875,242800,-0.005117148798882476,-0.005815698698169336,-0.002441880357835587,0.0088334754316117,-0.004952126449051428,-0.001163957003743671,-0.0043592275009909365,0.0066568918879854454,0.00762704856718293,34.933210082534615,0.8678867600800686,4,-0.7594238880840934,14.529999732971191,-0.010218022417322503,23436.667488776624,0
2025-02-24,22553.349609375,22553.349609375,22668.05078125,22518.80078125,22609.349609375,214300,-0.010640105330068539,-0.01768986217578783,-0.00818352326748719,0.006627795212091008,-0.012036501444866794,-0.003563363443999255,-9.627450195925924e-05,0.006918476003353589,0.00772685508282742,29.73507526032391,0.7867684852044937,0,-1.4109106891110674,14.4399995803833,-0.006194091826695947,23402.027571937346,0
2025-02-25,22547.55078125,22547.55078125,22625.30078125,22513.900390625,22516.44921875,250300,-0.00025711604818956513,-0.01733470412055027,-0.001636137924703708,0.004948071577654673,-0.008836578672354753,-0.003527192252051635,0.009239840672922162,0.0065264749764546385,0.0075401678321148176,29.621589949443177,0.914906060384531,1,0.1634772431584016,13.720000267028809,-0.04986144974218765,23368.518678184897,0
2025-02-27,22545.05078125,22545.05078125,22613.30078125,22508.400390625,22568.94921875,289200,-0.00011087678764998277,-0.01691236619741099,0.0009490360042916247,0.00466049958257772,-0.005555538229670788,-0.0034402815023043096,0.013387176534690792,0.0064252442896564396,0.007518991977293307,29.569194380891545,1.0713293448665469,3,0.21860614445672738,13.3100004196167,-0.02988337022101961,23336.225819481566,0
2025-02-28,22124.69921875,22124.69921875,22450.349609375,22104.849609375,22433.400390625,551300,-0.018644959666695105,-0.034410421894564,-0.004952323758696346,0.015630054314120654,-0.017261386033546815,-0.006994450174676166,0.024449438788547884,0.006802920905267711,0.007815970122386879,22.39598259118584,1.9531291516837015,4,-2.3035542471411548,13.90999984741211,0.04507884364234216,23288.714972394053,0
2025-03-03,22119.30078125,22119.30078125,22261.55078125,22004.69921875,22194.55078125,282400,-0.00024400049223838316,-0.02968075828464567,0.0031571756890056593,0.011672577750171616,-0.011559994906406974,-0.006116237809023953,0.028356925092048124,0.006818648265281484,0.007561952561509712,22.321091581515375,1.000230222962084,0,0.3995978179949349,13.760000228881836,-0.010783581608606596,23242.855592349184,0
2025-03-04,22082.650390625,22082.650390625,22105.05078125,21964.599609375,21974.44921875,253300,-0.0016569416451024388,-0.020870479414478615,-0.006548650155469073,0.006394433514510876,-0.009028960277199098,-0.004256004503985016,0.03385310312449974,0.006804735749128951,0.007466637168002593,21.788394870595127,0.9094662765021633,1,0.16657799947314267,13.829999923706056,0.00508718703923372,23197.357349144313,1
2025-03-05,22337.30078125,22337.30078125,22394.900390625,22067.80078125,22073.05078125,305900,0.011531695069225467,-0.009324737841364117,-0.00043471273625177853,0.014822483337484248,0.0042937347223587306,-0.0019042098324325797,0.0497314336362521,0.006183275929897185,0.0076871664681487754,33.63870834413679,1.1124647695245022,2,2.3643518974447346,13.670000076293944,-0.011569041814516345,23163.62964059944,1
2025-03-06,22544.69921875,22544.69921875,22556.44921875,22245.849609375,22476.349609375,372100,0.009284847776867,-1.559377725124378e-05,0.0062249610857959175,0.013962137424686398,0.013621653511701061,-3.1477617053453714e-06,0.0485827749356923,0.006765754150022911,0.007822911631154183,41.42319750114419,1.327837847482425,3,1.7429910053674007,13.729999542236328,0.004389134279994211,23139.357859350443,1
2025-03-07,22552.5,22552.5,22633.80078125,22464.75,22508.650390625,289800,0.00034601398645017767,0.01933589139541625,-0.001598993527268657,0.007525157468923536,0.010086748694575966,0.0037951340765211474,0.06385709820572483,0.0067854142034042934,0.007807418139950306,41.70021013694144,1.0373340015033825,4,0.38438174983490103,13.470000267028809,-0.01893658294799705,23116.343825650427,0
2025-03-10,22460.30078125,22460.30078125,22676.75,22429.05078125,22521.849609375,293900,-0.004088203913091726,0.015416400517011652,-0.0013590684236780845,0.011043678181738702,0.002893910613107358,0.0030240549828179017,0.06209088301652632,0.006796517070096637,0.007771675806406632,39.332650351402414,1.0661684684031052,0,-0.2544155404379973,13.989999771118164,0.03860426828366026,23090.616647438645,1
2025-03-11,22497.900390625,22497.900390625,22522.099609375,22314.69921875,22345.94921875,347900,0.0016740474556060647,0.018804355122892913,-0.0050912747613541046,0.00929433951100408,0.00086127284281541,0.00369763525470371,0.05659899849689354,0.006738476901255461,0.007779797610490869,40.80856868752832,1.2365600952567133,1,0.5328077240270008,14.06999969482422,0.005718364904566675,23067.37287266164,0
2025-03-12,22470.5,22470.5,22577.400390625,22329.55078125,22536.349609375,369700,-0.0012179087892316698,0.00596308479947627,0.001709013644936485,0.011099623624453651,-0.0015409820318970711,0.0011841035513296273,0.03202523690243064,0.006180019037489652,0.00774444864347264,40.04402357092675,1.2907167545299025,2,0.013558799207311619,13.6899995803833,-0.02700782677207214,23043.966093341576,0
2025-03-13,22397.19921875,22397.19921875,22558.05078125,22377.349609375,22541.5,287500,-0.003262089461738671,-0.0065425579010309765,0.0031596982710665094,0.008075182049231388,-0.003491812443592394,-0.0013128323802318596,0.02157823841274298,0.006195068493218032,0.007208020736021138,37.993352944622536,1.0023708249076075,3,-0.3004254035275405,13.279999732971191,-0.029948857558739994,23018.602686494847,1
2025-03-17,22508.75,22508.75,22577.0,22353.150390625,22353.150390625,251100,0.004980568336268254,-0.0019399179691830248,-0.001966711448819197,0.010014230900933025,0.0018613990309125305,-0.00039067384785660455,0.02075303086417346,0.006357156384161249,0.00721091527367192,42.79449669625264,0.8776958299835717,0,0.9639008887460782,13.420000076293944,0.010542194739293853,22998.60846349505,1
2025-03-18,22834.30078125,22834.30078125,22857.80078125,22599.19921875,22662.25,272600,0.01446329899483545,0.016651602471513538,0.0068195701671572165,0.011442952469105394,0.012979070466685949,0.003323152107513874,0.020792567341712087,0.007181047667100956,0.007210688696129369,53.99095131343237,0.9498423317479399,1,2.042116927132858,13.210000038146973,-0.015648288893673756,22992.16502497564,1
2025-03-19,22907.599609375,22907.599609375,22940.69921875,22807.94921875,22874.94921875,324000,0.0032100316461272094,0.01821055350217149,0.0017801481153028244,0.005820339160123552,0.012550116249064712,0.0035884542528791625,0.020471072704462467,0.007214457203313546,0.00720259360630153,56.075502151883626,1.1064629044651242,2,0.4577826985943245,13.300000190734863,0.006813031970325012,22988.848734167772,1
2025-03-20,23190.650390625,23190.650390625,23216.69921875,22973.94921875,23036.599609375,313700,0.012356195589090069,0.032048703438953385,0.005631318959634967,0.010566315686024133,0.018576772824000633,0.006287436509325753,0.02135589920360914,0.007725374349534248,0.007432287533535177,63.03950616692797,1.0527552184710383,3,1.5278177800512966,12.600000381469728,-0.052631563851613605,22996.762524617076,1
2025-03-21,23350.400390625,23350.400390625,23402.69921875,23132.80078125,23168.25,541000,0.0068885519512889015,0.04255894509689506,-0.0009659233461626213,0.011667348024661276,0.017077025266093875,0.008220564372444924,0.024353659551300755,0.00784777290006178,0.007442833129519707,66.28810828496115,1.7192068132706242,4,0.7595311219243503,12.579999923706056,-0.0015873378696944496,23010.630676225228,1
2025-03-24,23658.349609375,23658.349609375,23708.75,23433.5,23515.400390625,311900,0.013188177230298859,0.0510734540734159,0.007066259988682943,0.011746004651460517,0.020272734994233575,0.009846508754826792,0.018550679769324452,0.008291216373125954,0.007651803818683438,71.49017819078647,0.9800933272581582,0,1.3936994979162916,13.699999809265137,0.08903019812015467,23036.03141870169,1
2025-03-25,23668.650390625,23668.650390625,23869.599609375,23601.400390625,23751.5,338200,0.00043539728764163677,0.036539310634819744,0.003937315669225196,0.011363699369997328,0.013424044800917282,0.007053320482206242,-0.0017460821351418243,0.008145548504080918,0.00733713004765105,71.64777807768957,1.0470426154393895,1,-0.1812946657720526,13.640000343322754,-0.0043795231224605935,23060.840005835937,0
2025-03-26,23486.849609375,23486.849609375,23736.5,23451.69921875,23700.94921875,278600,-0.007681079328545448,0.025286368274174853,0.0013646248346206237,0.012144142673563599,0.0006761341536303795,0.004894660155438758,-0.016104379271899782,0.007927335601810699,0.0074106938790711695,64.83561129118522,0.8540248911777328,2,-1.2286947796639065,13.470000267028809,-0.012463348388196072,23077.54626479825,1
2025-03-27,23591.94921875,23591.94921875,23646.44921875,23412.19921875,23433.94921875,510300,0.004474827877002596,0.01730433693602773,-0.002252340841995442,0.010005467568907302,0.0017285448778953329,0.003417221422193786,-0.02901548057463943,0.007926017031460775,0.007432253064273602,66.80078267379496,1.5043334709038383,3,0.2748609467439586,13.300000190734863,-0.01262064386962658,23097.718929659106,0
2025-03-28,23519.349609375,23519.349609375,23649.19921875,23450.19921875,23600.400390625,295400,-0.0030773044101545244,0.007235388512559782,0.0003582227054084757,0.008486068631812995,-0.0027848206678242515,0.0014322616345385393,-0.03598025280838568,0.008000367353249578,0.007425660336539237,64.13449559532964,0.8700262127057992,4,-0.6531326118671541,12.720000267028809,-0.04360901619460866,23114.253466118553,0
2025-04-01,23165.69921875,23165.69921875,23565.150390625,23136.400390625,23341.099609375,314300,-0.015036571865236992,-0.0208235315970553,-0.007578866038410694,0.018531404745819144,-0.013658927296979963,-0.004189319847761531,-0.06787501870237089,0.007522692743064188,0.007707856204490839,53.03057738437465,0.95916748046875,1,-2.3049024220440697,13.779999732971191,0.08333328959826991,23116.270946613906,1
2025-04-02,23332.349609375,23332.349609375,23350.0,23158.44921875,23192.599609375,341000,0.0071938424586863725,-0.014208701201789076,0.0011612164334425612,0.008271312964035299,-0.0037101906713885593,-0.002903437345658133,-0.06904989352163282,0.0075732308321355725,0.007726946435738094,56.824101362189715,1.0314267566014337,2,0.5925167025108065,13.720000267028809,-0.004354097757986342,23124.74461966336,0
2025-04-03,23250.099609375,23250.099609375,23306.5,23145.80078125,23150.30078125,283200,-0.0035251486188494496,-0.010080108824194967,-0.00780242158088752,0.006942910304498066,-0.005210954124794411,-0.002029371271763097,-0.06294736878161522,0.007640846551218073,0.007485402331910056,54.48515606278791,0.8527423555803134,3,-0.8014356153587933,13.600000381469728,-0.008746347173728353,23129.660501612838,0
2025-04-04,22904.44921875,22904.44921875,23214.69921875,22857.44921875,23190.400390625,466800,-0.014866619775066536,-0.02914129704270474,-0.0025676973326139146,0.015629478013099874,-0.014200512350051191,-0.005913953157626761,-0.054531492709321006,0.008282577729622308,0.007742492292493144,45.92930540883512,1.3723357342348963,4,-1.9505080095896574,13.760000228881836,0.011764694332664138,23120.82868659861,0
2025-04-07,22161.599609375,22161.599609375,22254.0,21743.650390625,21758.400390625,647100,-0.03243254628305536,-0.05772906234867947,-0.05003607889365109,0.02347120194661714,-0.03489289054977742,-0.011855775155584334,-0.04073617166258936,0.011054368423462609,0.009012184716482463,33.68632486681098,1.8284826222096637,0,-2.8819441817658484,22.790000915527344,0.6562500389855954,23083.21186004082,1
2025-04-08,22535.849609375,22535.849609375,22697.19921875,22270.849609375,22446.75,468300,0.016887318902814252,-0.027188888339930162,0.01286686862190097,0.019143841247777387,-0.013181312853019655,-0.005684152953549165,-0.026450593666390687,0.011735598918645366,0.009331498135923546,42.065143844970315,1.2907048852752705,1,1.444814430547344,20.440000534057617,-0.10311541408796598,23061.746673740203,0
2025-04-09,22399.150390625,22399.150390625,22468.69921875,22353.25,22460.30078125,383800,-0.006065856008070525,-0.03999593844483784,-0.003352384287014917,0.005164762115128673,-0.01108506625933081,-0.008281908469621504,-0.0372733395259468,0.011780121625205938,0.009233031190888176,40.07343790123171,1.0448655123597952,2,-0.5118123077375746,21.43000030517578,0.048434429806819335,23035.7625057749,1
2025-04-11,22828.55078125,22828.55078125,22923.900390625,22695.400390625,22695.400390625,402200,0.019170387409190415,-0.01813105471406329,0.01322594807542313,0.010068119357541214,0.011638384798149104,-0.003763971586185095,-0.03282799909038314,0.012532410169916268,0.009597048840010718,48.346785658237444,1.086924209872039,4,1.4717483639746196,20.11000061035156,-0.06159587848934445,23027.63655579353,1
2025-04-15,23328.55078125,23328.55078125,23368.349609375,23207.0,23368.349609375,388300,0.02190239778210845,0.01851612140722514,0.023645777311819476,0.006952626766708321,0.02992443248483101,0.0037155364487554904,-0.01966953450830866,0.013362399393499468,0.010002461020925583,55.969472182238704,1.0467294758265604,1,1.4966828914450723,16.1299991607666,-0.1979115528985247,23039.43711365457,1
2025-04-16,23437.19921875,23437.19921875,23452.19921875,23273.05078125,23344.099609375,348400,0.004657316201027051,0.05755900439765127,0.0006665149614650369,0.0076976774202861045,0.02319664308065813,0.010935952441591436,0.01112462705240902,0.01331924989516251,0.010010056513279825,57.43927111816953,0.9315258950295446,2,0.17329942140315752,15.869999885559082,-0.016118988762251263,23055.035627579884,1
2025-04-17,23851.650390625,23851.650390625,23872.349609375,23298.55078125,23401.849609375,505300,0.017683476937954135,0.05838700577335332,-0.0015082693561234036,0.024628090970652848,0.02946305320284566,0.011228310763321463,-0.00127425443101159,0.013742609008305762,0.010193612520984476,62.57186388467556,1.3066301199834505,3,1.0718331031148103,15.470000267028809,-0.02520476505448832,23086.275422209106,1
2025-04-21,24125.55078125,24125.55078125,24189.55078125,23903.650390625,23949.150390625,406100,0.011483498464016417,0.07707436936302603,0.00408776744599287,0.011960532636351225,0.02599483635365567,0.014476150390864133,0.020525670439856647,0.01362874627542785,0.010311762713361077,65.53034405201471,1.032295784135538,0,0.6357564747982756,15.520000457763672,0.003232074329140744,23127.031318642083,1
2025-04-22,24167.25,24167.25,24242.599609375,24072.0,24185.400390625,440900,0.0017284255654137493,0.05864144559932072,0.002480756187399219,0.007087055889622798,0.01619750710320519,0.011097771245831247,0.0036531267835211434,0.013630158952585654,0.010279889023440162,65.97134066227866,1.1043482616972247,1,-0.07649084273447804,15.229999542236328,-0.01868562544933916,23167.824208107097,1
2025-04-23,24328.94921875,24328.94921875,24359.30078125,24119.94921875,24357.599609375,415000,0.006690840652122221,0.04288300833089287,0.007876345441661752,0.00992338583838877,0.014461994936429415,0.008278959645801713,-0.00620137735693449,0.013478967314476693,0.010076916380544362,67.69719155420327,1.0264528017214727,2,0.3128959220612084,15.960000038146973,0.04793174772502029,23213.358522249957,0
2025-04-24,24246.69921875,24246.69921875,24347.849609375,24216.150390625,24277.900390625,358800,-0.0033807460922566923,0.03453910991857723,-0.0020982750905516848,0.005438486985982124,0.004252783803494621,0.006654623615031578,-0.0038456206698052053,0.013494984276854258,0.010086719690610204,65.8672360069573,0.9079062235099128,3,-0.3976165944821099,16.25,0.018170423631571397,23253.881686818586,0
2025-04-25,24039.349609375,24039.349609375,24365.44921875,23847.849609375,24289.0,387700,-0.00855166336268387,0.007869443651739028,0.0017445995790341953,0.021704246624044573,-0.005880933969038523,0.001548245532776318,-0.008234807333250327,0.01341729687173951,0.010149406365978081,61.36389528963377,0.9717157286614785,4,-0.7049844072155913,17.15999984741211,0.05599999060997596,23284.68435044825,1
2025-04-28,24328.5,24328.5,24355.099609375,24054.05078125,24070.25,320500,0.012028211882747275,0.008412210796353348,0.0012854087621800422,0.012515514782219796,0.004390625619116753,0.0016884751213972339,-0.019466421845766524,0.013646239969512619,0.010274967805633608,64.96152009314287,0.805074101984426,0,0.7759972191854719,16.940000534057617,-0.012820472920206383,23325.618297489495,1
2025-04-29,24335.94921875,24335.94921875,24457.650390625,24290.75,24370.69921875,357600,0.0003061930965739812,0.006980488833028264,0.0017345590048708304,0.006870944315222873,0.003300632029170334,0.0013868443903241653,-0.029171639847357822,0.013482070347425018,0.010206165430907055,65.05180577924877,0.8894416117398334,1,-0.11580946220465493,17.3700008392334,0.025383724416730313,23365.239117931083,0
2025-04-30,24334.19921875,24334.19921875,24396.150390625,24198.75,24342.05078125,424500,-7.191007773188485e-05,0.0002157923037611198,0.0002507221906634716,0.008157462291440674,0.0031850582706156975,4.314604663911297e-05,-0.031246211667071755,0.013472606212045905,0.010001502306859941,65.0094256790006,1.0672264682220434,2,-0.12709710958926104,18.21999931335449,0.04893485509806128,23403.237553257317,1
2025-05-02,24346.69921875,24346.69921875,24589.150390625,24238.5,24311.900390625,421100,0.0005136803511647248,0.00412427271431115,-0.0009163575889449567,0.01446667040555315,0.0028734991805575523,0.0008218885618635682,-0.031053129004536162,0.013431485738811767,0.009996741231362415,65.18390314793311,1.0422106448539148,4,-0.09719036128952183,18.26000022888184,0.0021954400128891827,23440.236049943305,1
2025-05-05,24461.150390625,24461.150390625,24526.400390625,24400.650390625,24419.5,291500,0.004700890697612925,0.01754626427519912,0.002990170478383957,0.0051535511548624355,0.00409874607886574,0.0034649524969295577,-0.038374826629170355,0.01283880490527132,0.010006379315666874,66.81552010810762,0.7234956131097902,0,0.14825806934293287,18.34000015258789,0.004381156774549977,23480.271906440626,0
2025-05-06,24379.599609375,24379.599609375,24509.650390625,24331.80078125,24500.75,302400,-0.0033338898599493128,0.0021004011498859665,0.0016188776383214167,0.0073093484109096555,0.0003315377243769904,0.00041780217658594535,-0.042783634000145065,0.012862202013655967,0.00999485418000335,64.49617871491148,0.7541617307812207,1,-0.4372538283537817,19.0,0.03598690523014958,23515.539659496877,1
2025-05-07,24414.400390625,24414.400390625,24449.599609375,24220.0,24233.30078125,330100,0.0014274549954715887,0.003223674210108829,-0.006000870829262587,0.009479752657927333,0.0011149543248824565,0.0006435804782030613,-0.04685356420226028,0.012793616720663542,0.009994886093102109,65.05366541032495,0.8184568084895368,2,-0.08592348794290765,19.059999465942383,0.0031578666285465573,23550.789099933278,0
2025-05-08,24273.80078125,24273.80078125,24447.25,24150.19921875,24431.5,411400,-0.005758880297096702,-0.002482039246784029,0.0007003903065981566,0.01230013792264589,-0.004157077174572099,-0.000494777152284272,-0.062267435063201426,0.01228962497704232,0.010040840708869027,60.89350403072259,1.0270877543377857,3,-0.712765449361106,21.01000022888184,0.10230854237031028,23579.142499200603,0
2025-05-09,24008.0,24008.0,24164.25,23935.75,23935.75,335600,-0.0109501096942064,-0.01391150462355728,-0.013926569814774256,0.009546389814398964,-0.012316839919392501,-0.0027906566573753307,-0.09722680781331083,0.009603291619675313,0.010184445882677582,53.8787458150248,0.8717449185012014,4,-1.553351261875413,21.6299991607666,0.029509706098549637,23595.96044040842,1
2025-05-12,24924.69921875,24924.69921875,24944.80078125,24378.849609375,24420.099609375,368700,0.038183073090219954,0.018950409965291737,0.01716509535883872,0.023214843232691375,0.021499879867295686,0.00386161969447672,-0.08705178878834352,0.011895652980824492,0.011416246743315048,67.69893245502726,0.9702759246832195,0,2.7483902069940926,18.38999938964844,-0.14979195084736796,23648.06784348064,0
2025-05-13,24578.349609375,24578.349609375,24973.80078125,24547.5,24864.05078125,423000,-0.01389583907654357,0.008152307797687275,-0.0024332665749633702,0.017366362409614013,0.005666958241355879,0.0015948035982756186,-0.08913706169831315,0.01240537756998277,0.011591655442896058,60.34187534711952,1.107460302915265,1,-1.4861408643207663,18.200000762939453,-0.010331627678896838,23684.54948135885,1
2025-05-14,24666.900390625,24666.900390625,24767.55078125,24535.55078125,24613.80078125,345500,0.0036027960647213586,0.010342256863165034,0.0014423739770337445,0.009455667087665045,0.007208977847397096,0.0020546538234909647,-0.07018627195106486,0.011937095580999686,0.011460075427628362,61.49403508815213,0.9113209537877189,2,-0.028643039721032913,17.229999542236328,-0.053296768134116324,23723.07304642811,1
2025-05-15,25062.099609375,25062.099609375,25116.25,24494.44921875,24694.44921875,500800,0.01602143814146184,0.03247529446372943,0.0011168338011155353,0.025385375098535556,0.016800133060946146,0.006391551558092084,-0.04183488641207167,0.01154771458956743,0.011627561793274928,66.21196820845032,1.301641346866106,3,1.0601556031690056,16.889999389648438,-0.019733033175911574,23775.583892033872,0
2025-05-16,25019.80078125,25019.80078125,25070.0,24953.05078125,25064.650390625,432700,-0.0016877607536591732,0.04214431777949024,0.00010177843396033057,0.00468677035827126,0.006818041739726965,0.008074349691527987,-0.025380882127241877,0.01160379765766316,0.011635866161355136,65.28989232498522,1.1124537227478404,4,-0.4286241555300976,16.549999237060547,-0.0201302643501734,23824.376711218818,0
2025-05-19,24945.44921875,24945.44921875,25062.94921875,24916.650390625,25005.349609375,255300,-0.0029717088137536374,0.0008325075387225489,-0.0005775894061406676,0.005871528709976426,0.0036584612038703117,0.00016586862686404177,-0.04502590520050331,0.011175328453528217,0.011264783664041563,63.612934865248775,0.678159698241513,0,-0.46712201470212994,17.360000610351562,0.048942683421832056,23868.34033896514,0
2025-05-20,24683.900390625,24683.900390625,25010.349609375,24669.69921875,24996.19921875,414800,-0.010484831354666824,0.004294461708272745,0.0020344392099322975,0.01380845334206959,-0.007707530900638433,0.0008462528000551494,-0.018849035177565865,0.011304267517287084,0.011407308924664126,57.972110625960745,1.1005717772854509,1,-1.0234888637693553,17.389999389648438,0.0017280402213226687,23900.323086089054,1
2025-05-21,24813.44921875,24813.44921875,24946.19921875,24685.349609375,24744.25,332700,0.00524831270888626,0.005941112413973881,0.002444897622335282,0.010566980557404565,-0.003673593494864775,0.0011874041444491967,-0.020797520187997742,0.0113409384777006,0.011401452255777263,59.870253692862256,0.8955947077270953,2,0.337457125143288,17.549999237060547,0.009200681600216143,23936.13195403654,0
2025-05-22,24609.69921875,24609.69921875,24737.5,24462.400390625,24733.94921875,403300,-0.008211272774042211,-0.018051176783918432,-0.0032039076590741253,0.01124581418757374,-0.008251662490700347,-0.003646412771047871,-0.029590927123141153,0.011460381448252642,0.011419942245837478,55.61584948411546,1.0873550822324076,3,-0.7641804077061151,17.260000228881836,-0.016524160728526804,23962.546356574323,1
2025-05-23,24853.150390625,24853.150390625,24909.05078125,24614.05078125,24639.5,270500,0.009892488718005854,-0.006660740110684182,0.001210936427345481,0.011985024432659383,0.0029062719913583147,-0.0013543472363776795,-0.03167244031794492,0.01160074422699342,0.011428112944441734,59.33424377417408,0.7380929642413742,4,0.7333979176256574,17.280000686645508,0.0011587750578476719,23997.47200496847,1
2025-05-26,25001.150390625,25001.150390625,25079.19921875,24900.5,24919.349609375,302800,0.005954979456279652,0.0022329191744172583,0.0026636147816081856,0.007176531344752113,0.008425225661394548,0.00044824234352197417,-0.03777651522704062,0.011406425216792037,0.011439450574751433,61.44871101091153,0.8359098939929329,0,0.34105857465150335,18.020000457763672,0.04282405912692222,24036.831941660883,0
2025-05-27,24826.19921875,24826.19921875,25062.900390625,24704.099609375,24956.650390625,525700,-0.0069977248703164685,0.005764843718906176,-0.0017799180959563658,0.014523936792816286,0.00022036142042815307,0.001138338243654286,-0.014692612299755048,0.011320275704356727,0.01147900764879726,57.63376066380722,1.4112751677852349,1,-0.705804194228493,18.540000915527344,0.02885685041920394,24067.787521154572,0
2025-05-28,24752.44921875,24752.44921875,24864.25,24737.05078125,24832.5,684400,-0.0029706520659956714,-0.002458344241553778,0.0002537956452569402,0.005142052699605302,-0.0022605317387372295,-0.0004914163417647382,-0.019572942741747035,0.011354776447416092,0.011500535302551206,56.05392471943381,1.760106984878099,2,-0.33832534962073635,18.020000457763672,-0.028047488246247587,24094.63699949165,1
2025-05-29,24833.599609375,24833.599609375,24892.599609375,24677.30078125,24825.099609375,345400,0.003278479228775888,0.009098054739913763,0.002935078867668872,0.008724569596711553,-0.0007930596140261647,0.0018091170586496863,-0.011424518702330522,0.011365136510240889,0.011493138120960913,57.43649028891688,0.897410914948621,3,0.19165711328168916,16.420000076293945,-0.08879025198805635,24123.61592536943,0
2025-05-30,24750.69921875,24750.69921875,24863.94921875,24717.400390625,24812.599609375,853900,-0.00333823496911434,-0.004122260971536451,-0.0008456285166195654,0.005928974156221709,-0.003306926641844186,-0.0008251012618913561,-0.020715886101996372,0.011406761235083692,0.011493857728617453,55.51504944363494,2.1004858249800136,4,-0.36653472808932525,16.079999923706055,-0.02070646473861837,24148.20742707063,0
2025-06-02,24716.599609375,24716.599609375,24754.400390625,24526.150390625,24669.69921875,311100,-0.0013777230725331435,-0.011381507522817857,-0.0032726348166615873,0.009306393231905135,-0.0023938481824140622,-0.002299335293400013,-0.021824565787481598,0.011379162768298343,0.011495436691034878,54.70438932267897,0.763426215629256,0,-0.17040609932952724,17.15999984741211,0.06716417467849967,24170.49731657276,0
2025-06-03,24542.5,24542.5,24845.099609375,24502.150390625,24786.30078125,349300,-0.007043833380258491,-0.011427412478658305,0.0028200146046207086,0.013996698791026075,-0.007147065803592457,-0.0022956168990364034,-0.018109244552814263,0.01147586910769115,0.011419544752384585,50.6386175612061,0.852263023057216,1,-0.6417257210112118,16.559999465942383,-0.034965057506117225,24185.085657099316,1
2025-06-04,24620.19921875,24620.19921875,24644.25,24530.44921875,24560.44921875,280900,0.003165904807986175,-0.00534290561839923,0.0007313525007639808,0.0046391641765376095,-0.002936910712010569,-0.0010777223184272478,-0.013772308955457002,0.011491110863471519,0.011419407932535007,52.341046002107596,0.6895112791182896,2,0.2311270148566677,15.75,-0.04891301280584237,24202.148934026794,1
2025-06-05,24750.900390625,24750.900390625,24899.849609375,24613.099609375,24691.19921875,388400,0.005308696762106768,-0.0033301341751028612,0.0028838109460108895,0.011650300228370198,0.0030280498874325603,-0.0006717997528389,-0.02298505404836515,0.011443508333891378,0.011326449836511408,55.14359691077222,0.956085072863332,3,0.36962585071118564,15.079999923706056,-0.042539687383742475,24223.66859899143,1
2025-06-06,25003.05078125,25003.05078125,25029.5,24671.44921875,24748.69921875,335600,0.01018752395450262,0.01019573468489443,-8.893300204277606e-05,0.014512758374075804,0.01117825428232286,0.002039130363076339,-0.03125089898929745,0.01125333155577234,0.01136860352297057,60.02718057973716,0.8261126427727452,4,0.7119142993460118,14.630000114440918,-0.029840836309138807,24254.232606138823,1
2025-06-09,25103.19921875,25103.19921875,25160.099609375,25077.150390625,25160.099609375,279200,0.004005448710087123,0.015641294331942168,0.006281186623944797,0.0033077609480306126,0.0120637663171453,0.003092419503182415,0.008479723456666699,0.00760140467067374,0.011249105469290628,61.80579135541008,0.6949336054658818,0,0.4761374915880786,14.6899995803833,0.004101125459538446,24287.525414476513,1
2025-06-10,25104.25,25104.25,25199.30078125,25055.44921875,25196.05078125,307300,4.18584595869298e-05,0.02288886625241937,0.003698793993980162,0.005741328412996486,0.00754244923464831,0.0044755251719504376,0.0014919702450322259,0.006813958093763031,0.011249778601794462,61.82498459031922,0.7760492954189605,1,-0.15225196430492463,14.020000457763672,-0.0456091995750858,24319.553829595083,1
2025-06-11,25141.400390625,25141.400390625,25222.400390625,25081.30078125,25134.150390625,301200,0.0014798446727146697,0.021169656965166483,0.0011910489508748518,0.0056256894570827715,0.004829637450975026,0.004152294307736738,0.0019333527483489377,0.006788855394316956,0.011176428944833295,62.54168014306887,0.7649232410193897,2,0.07421417792918075,13.670000076293944,-0.024964363055773875,24351.783106498217,0
2025-06-12,24888.19921875,24888.19921875,25196.19921875,24825.900390625,25164.44921875,328300,-0.010071084662786611,0.005547225594144667,0.0009167678715937676,0.014915826709142677,-0.0063805723415855135,0.0010922130509180622,0.012486005398529065,0.006245986917419151,0.01128363762549278,54.96730297548737,0.8524173027989822,3,-1.5603299929680199,14.020000457763672,0.02560353910141422,24372.819032468877,0
2025-06-13,24718.599609375,24718.599609375,24754.349609375,24473.0,24473.0,318700,-0.006814458847919758,-0.011376658567134212,-0.01668257374110063,0.01149632694704368,-0.01090507238099421,-0.0022858316857307407,0.0006618534301604528,0.006408162046827338,0.0113242678492355,50.551073937068594,0.839921990301497,4,-0.9724388126382499,15.079999923706056,0.07560623618634787,24386.379055092646,1
2025-06-16,24946.5,24946.5,24967.099609375,24703.599609375,24732.349609375,305800,0.00921979376770854,-0.006242201138767944,0.0005562612857236885,0.010666461737017545,-0.0005324501461428987,-0.001267864856636691,-0.006284324302828326,0.006739243889354309,0.011137508871747389,55.70147800480522,0.8005969133297554,0,1.364897751375332,14.84000015258789,-0.015915104266073787,24408.344582343914,0
2025-06-17,24853.400390625,24853.400390625,24982.05078125,24813.69921875,24977.849609375,242400,-0.0037319707924959866,-0.009992316415547209,0.0012566736566251779,0.00678462171302489,-0.002256940548523992,-0.0020111006303489467,-0.0168591404311057,0.0063389918793272555,0.01113066315044926,53.260965990923815,0.6492654247411911,1,-0.6455505308836145,14.399999618530272,-0.029649631370178176,24425.79775129611,0
2025-06-18,24812.05078125,24812.05078125,24947.55078125,24750.44921875,24788.349609375,237600,-0.0016637405234334324,-0.013099891185767487,-0.002617379522624113,0.007963554954416073,-0.001275943396226415,-0.002650338418072066,-0.013043533140270847,0.006245784638671066,0.011117378729675309,52.167704147410134,0.6446186820043951,2,-0.26879555119286935,14.279999732971191,-0.008333325606804998,24440.944928941364,0
2025-06-19,24793.25,24793.25,24863.099609375,24733.400390625,24803.25,274600,-0.0007577278241026608,-0.0038150296819573493,-0.0003546978574076829,0.005243889505753583,-0.0012693035522466226,-0.0007653476094104935,-0.011273502848104466,0.005942787552482244,0.010871614568045616,51.64859008825798,0.7582388756195552,3,-0.19273695578403058,14.260000228881836,-0.0014005255226425817,24454.76081408092,1
2025-06-20,25112.400390625,25112.400390625,25136.19921875,24783.650390625,24787.650390625,574700,0.01287247095983779,0.015931354828881306,-0.00022585217246629628,0.014225056542048378,0.008387572339327248,0.0031766773718654145,0.005500081693472492,0.006220021585366039,0.009774025779367677,59.09057245226435,1.5229287294794165,4,1.9806140326055695,13.670000076293944,-0.041374484089623076,24480.55060139637,0
2025-06-23,24971.900390625,24971.900390625,25057.0,24824.849609375,24939.75,248500,-0.0055948454872697395,0.0010181945613612076,-0.006875105045292847,0.009351532608573363,0.002541290919895438,0.00020229360976963806,0.002188140725557286,0.006226543854697792,0.009619150892199578,55.071964062988286,0.6632857333511277,0,-0.8909552903227314,14.050000190734863,0.027798106241411213,24499.81922058181,1
2025-06-24,25044.349609375,25044.349609375,25317.69921875,24999.69921875,25179.900390625,450200,0.0029012296868362597,0.007683021870199536,0.008329362072823572,0.012720153039341254,0.003910698494011886,0.001529312673549501,-0.0011040819753316278,0.006034760617406691,0.00954768945385741,56.7069634822824,1.213886080215706,1,0.4048177809887783,13.640000343322754,-0.02918148340542226,24521.17335347566,1
2025-06-25,25244.75,25244.75,25266.80078125,25125.05078125,25150.349609375,260600,0.008001820520425307,0.017439075172173357,0.0042324916259881785,0.005641779641925475,0.008445537258334884,0.003455463811190599,-0.0024498973048243666,0.0062029390617591275,0.009276338173550667,60.941142761338696,0.7452421465032816,2,1.1266697564843609,12.960000038146973,-0.049853393552784175,24549.548908241322,1
2025-06-26,25549.0,25549.0,25565.30078125,25259.900390625,25268.94921875,428900,0.012052010814129765,0.030482086858318214,0.0009585842105784371,0.01209032442338319,0.014473990360103446,0.005987383515384444,0.0016743263291145727,0.006660651614176027,0.008953028460584728,66.32587616044496,1.2120612671678064,3,1.5898972033205248,12.59000015258789,-0.028549373801698308,24588.743068702446,1
2025-06-27,25637.80078125,25637.80078125,25654.19921875,25523.55078125,25576.650390625,564000,0.003475704773181043,0.02092195020995069,0.0010822494275705508,0.005118740672868149,0.013770133717170846,0.004112884188226545,-0.01491952459686896,0.006577901271137635,0.008946986802642441,67.72446175241916,1.6619274232758239,4,0.2568901506144091,12.390000343322754,-0.015885608168481724,24629.882586841562,0
2025-06-30,25517.05078125,25517.05078125,25669.349609375,25473.30078125,25661.650390625,271000,-0.004709842354665206,0.02183055282527313,0.0009302517629531711,0.007696247526323901,0.004664059925447138,0.004252707907955013,-0.010554612793196139,0.006703120931641388,0.008698315439526129,63.84160323498923,0.8032961821199905,0,-0.9421015347273176,12.789999961853027,0.03228406839761244,24664.673496426207,1
2025-07-01,25541.80078125,25541.80078125,25593.400390625,25501.80078125,25551.349609375,260700,0.0009699396772837598,0.01986281055942407,0.0013441533043545486,0.0035918878890446003,0.0017146511304482039,0.0038989707403061526,-0.020854344630552468,0.006390071868848,0.008576149404724806,64.29348643788433,0.7830474874598264,1,-0.16352188728303396,12.529999732971191,-0.02032839950408938,24699.07064485067,0
2025-07-02,25453.400390625,25453.400390625,25608.099609375,25378.75,25588.30078125,309800,-0.0034610085397696055,0.008265100293130212,0.0018205450899192364,0.00903707272324287,-0.0033833514971227134,0.0016337954587616673,-0.025577078012253285,0.006497415629698564,0.008600327996006261,61.34460656020463,0.9265046728971963,2,-0.7904797083841334,12.449999809265137,-0.006384670822900729,24728.65220350849,0
2025-07-03,25405.30078125,25405.30078125,25587.5,25384.349609375,25505.099609375,293400,-0.00188971251922454,-0.0056244557027672615,0.002031132106382213,0.008002977966785176,-0.004146040090039897,-0.0011291160830749717,-0.032063913673874844,0.006484764340096467,0.008571086845503983,59.73906851786323,0.8901023890784983,3,-0.49476099376877897,12.390000343322754,-0.004819234286070562,24755.187441851293,1
2025-07-04,25461.0,25461.0,25470.25,25331.650390625,25428.849609375,193500,0.0021924250859925998,-0.006896097787736255,0.0009269257753633784,0.005471400687982587,-0.0005774342131864871,-0.0013918416693611485,-0.025211831445863253,0.006150002742238698,0.008550883179181653,61.0116094494705,0.5999627930050849,4,0.20552920077888556,12.31999969482422,-0.005649769698049978,24782.86636570026,1
2025-07-07,25461.30078125,25461.30078125,25489.80078125,25407.25,25450.44921875,196100,1.1813410706551508e-05,-0.002184813616507908,-0.00041438990023958213,0.0032491033563254584,-0.00012801185471076338,-0.0004379246691018206,-0.0164499899145365,0.006109045748986802,0.00844032021175934,61.01877467340441,0.6159596689334569,0,-0.11670060293749414,12.5600004196167,0.019480578793626524,24809.47163689829,1
2025-07-08,25522.5,25522.5,25548.05078125,25424.150390625,25427.849609375,210400,0.0024036171315751087,-0.0007556546781998241,-0.0013138045130684697,0.004873334554797454,0.00242725488407052,-0.00015160876041507635,-0.017416180286413563,0.0061182673395002805,0.008297599443764023,62.52775632585916,0.6710895636642,1,0.2543462254535397,12.199999809265137,-0.028662468019451603,24837.433533490515,0
2025-07-09,25476.099609375,25476.099609375,25548.69921875,25424.349609375,25514.599609375,239100,-0.00181801902732881,0.000891795139417173,-0.00030954611127436576,0.004890965207981061,0.0004264391342886746,0.00017787613870117456,-0.012420876929351454,0.006144151307513801,0.00830645047871854,60.61196895138957,0.7702591691767473,2,-0.40563047916677897,11.9399995803833,-0.0213114945038263,24862.47926195657,0
2025-07-10,25355.25,25355.25,25524.05078125,25340.44921875,25511.650390625,219600,-0.004743646446198069,-0.001970092056022388,0.0013954562038577365,0.0072453949381508535,-0.003927683144805653,-0.00039292342248163013,-0.020736045235075107,0.005753143620147038,0.008344130470412799,55.81533787047571,0.7200472162108991,3,-0.9859593999710553,11.670000076293944,-0.02261302458778558,24881.80360462494,0
2025-07-11,25149.849609375,25149.849609375,25322.44921875,25129.0,25255.5,250000,-0.008100901810276007,-0.012220666534111024,-0.003934096488892833,0.0076982458016634165,-0.009575488938880794,-0.002454327136391929,-0.029667043222717626,0.005851698947997922,0.008439725690427486,48.75340513349062,0.8290636555074699,4,-1.5307742115039256,11.81999969482422,0.012853437664921863,24892.315212654354,0
2025-07-14,25082.30078125,25082.30078125,25151.099609375,25001.94921875,25149.5,259500,-0.002685854157148504,-0.014885335327372573,-1.3901052309659842e-05,0.005965550498484571,-0.009278246360182039,-0.0030139345235584885,-0.020329016054127846,0.005558752408601373,0.008432140614131136,46.66247728261689,0.8672258797580457,0,-0.5331995354569399,11.979999542236328,0.013536366458805293,24899.765627109085,1
2025-07-15,25195.80078125,25195.80078125,25245.19921875,25088.44921875,25089.5,241300,0.004525103218794291,-0.012800439563130595,0.0002870238584883607,0.006247895142233501,-0.0022200097201997876,-0.0026050179495034236,-0.026577242143197677,0.005551728579265225,0.008432286012982211,50.503700541232284,0.806551349544581,1,0.6873389688405978,11.479999542236328,-0.04173622863984383,24911.374848840103,1
2025-07-16,25212.05078125,25212.05078125,25255.30078125,25121.05078125,25196.599609375,228800,0.0006449487413033861,-0.010364570408094687,3.1704811922249566e-05,0.00534412358658987,0.0005159079577790432,-0.0020959748842076416,-0.02648576907589162,0.005524242501647587,0.008431557994083683,51.04727094755348,0.765896195624885,2,-0.030607401441275193,11.239999771118164,-0.02090590424112604,24923.166061875785,0
2025-07-17,25111.44921875,25111.44921875,25238.349609375,25101.0,25230.75,243400,-0.003990217351728331,-0.00961539646621512,0.0007416778155907277,0.005471877987928767,-0.001544356556645697,-0.001934001984728062,-0.022449503279561522,0.0056190270260240574,0.00840765866421003,47.564670806663734,0.8190460166568521,3,-0.8242003474115807,11.239999771118164,0.0,24930.54971508654,0
2025-07-18,24968.400390625,24968.400390625,25144.599609375,24918.650390625,25108.55078125,317000,-0.0056965580472427835,-0.007214723808223522,-0.00011542294810431808,0.009067474169267512,-0.0057975630220325515,-0.0014451513106182713,-0.0014805049458260777,0.005002198072795736,0.008289903382586615,43.06557167403083,1.1150585669562771,4,-1.0822237060598083,11.390000343322754,0.013345246909170383,24932.034055303735,1
2025-07-21,25090.69921875,25090.69921875,25111.400390625,24882.30078125,24999.0,305200,0.004898144302865282,0.00033483521201849165,0.001225533430106695,0.00920733220730285,-0.0009946320106520277,6.727253142859243e-05,-0.004422465044136681,0.0049648317301059924,0.006415868443964313,47.62671342785274,1.06295167609926,0,0.935052892881192,11.199999809265137,-0.016681345770898304,24938.256218576138,0
2025-07-22,25060.900390625,25060.900390625,25182.0,25035.55078125,25166.650390625,483700,-0.0011876443882732346,-0.0053540822852270464,0.0030270647785790895,0.005849650364380277,-0.0011080530029455781,-0.001075301963081041,-0.0060149411818702925,0.00493358703089661,0.006087668613901786,46.64614935509851,1.6748614958448753,1,-0.249383493011139,10.75,-0.040178555082909684,24943.065793950605,1
2025-07-23,25219.900390625,25219.900390625,25233.5,25085.5,25139.349609375,271500,0.006344544590244583,0.0003113435492854144,0.0031303431850895095,0.005899822606685137,0.00516656333924024,6.264427257310783e-05,0.0012956911611651245,0.00480634168655735,0.006129089126345062,52.290486816458596,0.9383262195648793,2,1.3261715537119152,10.520000457763672,-0.021395306254542112,24953.92205264372,0
2025-07-24,25062.099609375,25062.099609375,25246.25,25018.69921875,25243.30078125,338700,-0.006256994627491075,-0.0019652234701831306,0.0009278542049158383,0.0090952283034549,-0.0007296690094656167,-0.00039135451457476963,0.017092289177082942,0.004080319546921606,0.005780535476035818,46.97865309389378,1.189109484438359,3,-1.3006860875200215,10.720000267028809,0.01901138788616108,24958.164309770436,0
2025-07-25,24837.0,24837.0,25010.349609375,24806.349609375,25010.349609375,278100,-0.008981674037030651,-0.00526266755455973,-0.0020648708929654814,0.008223700915789028,-0.008666036665907038,-0.0010485984229018912,0.025972491345483628,0.0043155460367806904,0.005915712628835525,40.63711089796766,1.0279441117764472,4,-1.7181531490445257,11.279999732971191,0.05223875485010554,24953.412768210812,0
2025-07-28,24680.900390625,24680.900390625,24889.19921875,24646.599609375,24782.44921875,262100,-0.006284962329387578,-0.01633269860485842,-0.0021963514615291704,0.009843126971670392,-0.011663378890836717,-0.0032999060121995704,0.016435602002961236,0.004389978276115753,0.005966714218771311,36.915625531516795,0.9703993039486106,0,-1.0560429270908083,12.0600004196167,0.06914899867998958,24942.726008305486,1
2025-07-29,24821.099609375,24821.099609375,24847.150390625,24598.599609375,24609.650390625,284700,0.005680474234370125,-0.009568721694441118,-0.0028868476786634654,0.010104265494661433,-0.004136557667848947,-0.0019432093437003158,0.01864781550461414,0.004655793937373062,0.005832931118364357,42.04878219312465,1.0494111575959748,1,1.5266729492428741,11.529999732971191,-0.04394698741331826,24937.956345602328,1
2025-07-30,24855.05078125,24855.05078125,24902.30078125,24771.94921875,24890.400390625,243900,0.001367835124523431,-0.014466734750095411,0.0027920109237958538,0.005262063204995443,0.0001537430184738289,-0.0029398343757275898,0.009040914530249244,0.0046699915143018494,0.0057890766768031576,43.252984900841085,0.9100746268656716,2,0.5458561506429381,11.210000038146973,-0.027753660211209508,24934.705147000277,0
2025-07-31,24768.349609375,24768.349609375,24956.5,24635.0,24642.25,346300,-0.0034882717656889994,-0.011720885503547995,-0.008561671554118543,0.013050537852648671,-0.000973297898151478,-0.0023637046859030946,0.01335070004308303,0.004696353671231091,0.005688540340226602,40.91483312731572,1.2795359234421475,3,-0.47536918917902343,11.539999961853027,0.029437994878062756,24928.181400426736,0
2025-08-01,24565.349609375,24565.349609375,24784.150390625,24535.05078125,24734.900390625,263400,-0.008195943742782208,-0.010937326997020547,-0.0013504823404680638,0.010152805942646148,-0.00698517838338766,-0.002193528393366818,0.02424001837924117,0.004867212892008528,0.005632547287094675,36.00690532484156,0.9608229371853797,4,-1.3203770107175798,11.979999542236328,0.03812821333082983,24913.952702738432,1
2025-08-04,24722.75,24722.75,24736.25,24554.0,24596.05078125,259300,0.006407415043054421,0.0016956273358201823,0.0012497754912180591,0.007422415899649751,-0.0009605359440454826,0.00034072064953648507,0.030702424262467276,0.005189547754740942,0.005642949377325662,41.83313364666909,0.9350883519653804,0,1.5171072899892106,11.970000267028809,-0.0008346640725874765,24906.454557533005,0
2025-08-05,24649.55078125,24649.55078125,24733.099609375,24590.30078125,24720.25,251800,-0.0029608040671041946,-0.006911411292197744,-0.00010112143673337311,0.005807120026522144,-0.0025355633755061767,-0.0013877811175940895,0.027291712177289984,0.005117004021819715,0.00557192016035503,40.00883628523377,0.9013136700433118,1,-0.24150127581756525,11.710000038146973,-0.021720987726124186,24896.379899639556,0
2025-08-06,24574.19921875,24574.19921875,24671.400390625,24539.19921875,24641.349609375,225100,-0.003056914228121266,-0.011299577094884383,-0.00033271080466254694,0.005387346616184087,-0.0033192931840895896,-0.0022787560308289764,0.02410224674996775,0.005125549043037064,0.005572831080063923,38.16383067098533,0.8077654573509886,2,-0.24776394387528267,11.960000038146973,0.02134927405513154,24883.745363134083,1
2025-08-07,24596.150390625,24596.150390625,24634.19921875,24344.150390625,24464.19921875,616700,0.0008932609229541644,-0.006952389701606165,-0.00447623945019826,0.011914518414933002,-0.0010336293894384826,-0.0014014635204765795,0.02298616777169815,0.005109863851447913,0.0055531721862405485,39.045684014607296,2.0658236328615693,3,0.4700367533721679,11.6899995803833,-0.02257528903867001,24872.46712891804,0
2025-08-08,24363.30078125,24363.30078125,24585.5,24337.5,24544.25,312600,-0.009466912735407229,-0.0082249522737462,-0.0021101021826888085,0.010190035952747816,-0.008864072530560308,-0.0016429304986035657,0.023049542021114422,0.005212019025939098,0.005691408013546915,33.575750972947816,1.0362831711723657,4,-1.5160245222797404,12.029999732971191,0.029084701864184437,24852.499821166355,1
2025-08-11,24585.05078125,24585.05078125,24600.849609375,24347.44921875,24371.5,241100,0.009101804471857822,-0.005569737134825226,0.0003365397334137138,0.010407677138920001,0.001278848160067849,-0.0011303822908591843,0.014254999213592745,0.005718994386408408,0.005841121669483372,41.92035488205784,0.8017024955525629,0,1.764747921585384,12.220000267028809,0.01579389345594695,24842.01162352258,0
2025-08-12,24487.400390625,24487.400390625,24702.599609375,24465.650390625,24563.349609375,237000,-0.003971941790719136,-0.006578229034029381,-0.0008826978666056116,0.00968497525987687,-0.0013792103918156685,-0.0013190974634769363,0.02153758267504602,0.0056020116299671276,0.005782021425075443,39.56331573504213,0.7886330360708106,1,-0.45754428000373676,12.229999542236328,0.0008182712756970023,24828.105300663854,1
2025-08-13,24619.349609375,24619.349609375,24664.55078125,24535.25,24586.19921875,236000,0.005388453516712133,0.0018373087246135178,0.004034680143622968,0.005270000560418174,0.003632218070796925,0.00036876426165899807,0.02534595453123656,0.005790650724329347,0.005815437332109164,44.134250238544794,0.7843658601435788,2,1.133566939832606,12.140000343322754,-0.007358888166983268,24819.91880296625,1
2025-08-14,24631.30078125,24631.30078125,24673.650390625,24596.900390625,24607.25,270200,0.00048543816407109475,0.0014291013051537238,-0.0004914674663213886,0.0031203118596704535,0.003831733211826078,0.00028555092788981265,0.02054979933087686,0.005762911985136686,0.005765625061595625,44.54336601487869,0.8940506915492026,3,0.2490461177009678,12.359999656677246,0.01812185396481447,24812.522017800908,1
2025-08-18,24876.94921875,24876.94921875,25022.0,24852.849609375,24938.19921875,363100,0.009973019276634965,0.021082875514770283,0.012459692657954111,0.006806076296425704,0.009616029417094265,0.004170696806162988,0.02474555195556216,0.006133669370872743,0.005758006317088098,52.27903702577672,1.1923487398407355,0,1.652907423368447,12.34000015258789,-0.0016180829000712604,24815.04857470087,1
2025-08-19,24980.650390625,24980.650390625,25012.650390625,24873.94921875,24891.349609375,252300,0.004168564680625764,0.016091063341496348,0.0005788648157124622,0.005576162058353281,0.01057967297689942,0.003180451154973909,0.020477104047877392,0.0061041537343617235,0.005760411525633693,55.124840049693425,0.8357625546574798,1,0.7160035780986701,11.789999961853027,-0.044570517336624205,24821.542763560643,1
2025-08-20,25050.55078125,25050.55078125,25088.69921875,24929.69921875,24965.80078125,287100,0.0027981813736617234,0.02299755717804164,-0.0005944444657282789,0.006377934952396607,0.008810918904793514,0.004508692782765507,0.02341053553132022,0.006135773126971717,0.005774907350214922,56.986831551326105,0.9830508474576272,2,0.4565297723954454,11.789999961853027,0.0,24830.523470136694,1
2025-08-21,25083.75,25083.75,25153.650390625,25054.900390625,25142.0,226500,0.0013252889742787488,0.018863227420441664,0.0036505871487044713,0.003941344745355687,0.006383633389643119,0.0037077060275466037,0.02426175749059256,0.005963064718610985,0.0057741186380062,57.88072452069734,0.7815734989648033,3,0.2648378278612887,11.369999885559082,-0.03562341625554455,24840.453922288198,0
2025-08-22,24870.099609375,24870.099609375,25084.849609375,24859.150390625,25064.150390625,210200,-0.008517482060098724,0.00969493370430441,-0.0007813667962326208,0.009079120372316375,-0.004096538203176365,0.001904012184182987,0.017355903973857445,0.006103866563452828,0.005722296559698919,50.59383482021025,0.7417732686369651,4,-1.3357877639264162,11.729999542236328,0.03166223925248035,24841.616498252388,1
2025-08-25,24967.75,24967.75,25021.55078125,24894.349609375,24949.150390625,213000,0.003926417350905487,0.003649996647561604,0.003178547030032848,0.005109640294723631,-0.0009127508990348405,0.0007302003825973569,-0.0016143267409314266,0.005819299651742712,0.005662424192552487,53.476758720416846,0.7603884049692988,0,0.6269023247263241,11.760000228881836,0.0025576033943977006,24846.562910085628,0
2025-08-26,24712.05078125,24712.05078125,24919.650390625,24689.599609375,24899.5,750500,-0.010241179872034878,-0.010752306492220143,-0.0027335262488610308,0.009317720209713177,-0.009014351899128352,-0.002151572403400503,-0.012014431865767339,0.006116996054830271,0.005701872860717023,45.92062070464328,2.464372496223813,1,-1.6884281744814664,12.1899995803833,0.036564569994260054,24841.287924641092,0
2025-08-28,24500.900390625,24500.900390625,24702.650390625,24481.599609375,24695.80078125,326600,-0.008544430103923584,-0.021941648925196677,-0.000657573915813151,0.009029262171469819,-0.013131306456310244,-0.004448440119280056,-0.009041365545766511,0.006258198012649695,0.005803613880577537,40.79455491107537,1.0651099841831493,3,-1.26553501755169,12.18000030517578,-0.0008202851149898827,24827.939393895365,0
2025-08-29,24426.849609375,24426.849609375,24572.44921875,24404.69921875,24466.69921875,325500,-0.0030223697933294824,-0.026188284870683254,-0.0013959148982168306,0.0068736761922932686,-0.010879720657949942,-0.005362255102072511,-0.008960350973319264,0.006260819825102527,0.005813406935421855,39.14424033865326,1.0475837986579342,4,-0.3472188627889625,11.75,-0.035303800854015965,24812.210382737703,1
2025-09-01,24625.05078125,24625.05078125,24635.599609375,24432.69921875,24432.69921875,229300,0.008114070174605414,-0.009853150247642217,0.00023947457279775144,0.0083044607068748,-0.0008710978660590884,-0.0020063891336273712,-0.004067588012572676,0.006534415590926127,0.005932773226711724,45.49940798875656,0.7521361914289931,0,1.2836890094657476,11.289999961853027,-0.03914893941676367,24804.870790522502,0
2025-09-02,24579.599609375,24579.599609375,24756.099609375,24522.349609375,24653.0,271600,-0.0018457290617897026,-0.015546070055371453,0.0011349913142628355,0.00953212084989753,0.0004358916865123508,-0.003152483981235415,-0.01612615542873652,0.0062770447037331445,0.00563560429534079,44.35548649233296,0.8896896241094095,1,-0.30175268423537976,11.399999618530272,0.009743105141622133,24796.036626555935,1
2025-09-03,24715.05078125,24715.05078125,24737.05078125,24533.19921875,24616.5,340300,0.0055107151470170646,0.00012139826138080068,0.0015012608509263788,0.008309212373093285,0.0059244430994073805,2.4410487132983912e-05,0.00043282068607064517,0.006232531395810332,0.005646065623053873,48.51013770913215,1.1001373959427787,2,0.8840829717011676,10.93000030517578,-0.041228011322958835,24792.86071105374,1
2025-09-04,24734.30078125,24734.30078125,24980.75,24708.19921875,24980.75,314100,0.0007788776228048189,0.009526196462326997,0.010750502643173687,0.011030782892634799,0.004798897117234164,0.0018887308198618895,0.0060879999307916766,0.006195389255322684,0.005630225182919419,49.09188171325081,1.0053130200998592,3,0.09512027401305496,10.850000381469728,-0.007319297481461873,24790.5642432183,1
2025-09-05,24741.0,24741.0,24832.349609375,24621.599609375,24818.849609375,210100,0.00027084730671167456,0.012860863993874538,0.0034182825248528065,0.008559557597539444,0.0025122415168222826,0.0025402002943470613,0.00607322547246425,0.0061484916911641535,0.005504734894921275,49.30653634290071,0.6740671821360967,4,-0.013896875189666444,10.779999732971191,-0.0064516724458451025,24788.62054740582,1
2025-09-08,24773.150390625,24773.150390625,24885.5,24751.55078125,24802.599609375,213200,0.0012994782193525012,0.006014184932676914,0.0024897784800533528,0.005411750557927478,0.002611642305756554,0.0011971998656077252,-0.0011820631463503872,0.006151087087262095,0.005213946011254399,50.38769492255239,0.7313517314717939,0,0.15012691305368484,10.84000015258789,0.0055659017720737225,24788.013874590888,1
2025-09-09,24868.599609375,24868.599609375,24891.80078125,24814.0,24864.099609375,226900,0.003852930178235292,0.011757717969082426,0.003671281904638914,0.003135358315870073,0.004125719243464102,0.0023331711586376497,-0.008982444977716497,0.005733980700443175,0.005220224819807099,53.554708558654085,0.7899592660933746,1,0.4902458490583926,10.6899995803833,-0.013837690968000582,24791.174099484382,1
2025-09-10,24973.099609375,24973.099609375,25035.69921875,24915.05078125,24991.0,244100,0.0042020862308871365,0.010440958847665716,0.004921885130148516,0.004842391795998058,0.00624826107317357,0.0020752984259534363,-0.0053429755268343815,0.005472360493708818,0.00522914752405533,56.80569817314366,0.8493980096040086,2,0.622550179010912,10.539999961853027,-0.014031770291696777,24798.308433205584,1
2025-09-11,25005.5,25005.5,25037.30078125,24940.150390625,24945.5,224600,0.0012974116602184615,0.010964499103834902,-0.0011051735590178401,0.0038953410105144683,0.005356570933955106,0.002171930781457179,-0.010193304546623372,0.005356621494733883,0.005231139538415621,57.79217192425278,0.783233365880876,3,0.04416298709060552,10.359999656677246,-0.017077827877348017,24806.433592687717,1
2025-09-12,25114.0,25114.0,25139.44921875,25038.05078125,25074.44921875,225700,0.004339045410009845,0.015076189321369338,0.002757362130331327,0.004049773617997981,0.006699440797518609,0.002983343664393921,-0.005015746431337842,0.0053171652215363895,0.005254743677367256,61.00393865631343,0.7884853883910636,4,0.6268751537123043,10.119999885559082,-0.02316600184088602,24818.495020425456,0
2025-09-15,25069.19921875,25069.19921875,25138.44921875,25048.75,25118.900390625,185400,-0.0017838966811339896,0.01195039078425153,0.00019512585111889784,0.0035809858276361095,0.0025241674040393717,0.002357639787568716,-0.005827738003544303,0.005352739337093569,0.005254096794241949,59.007309823263896,0.6574351518590096,0,-0.500866298804227,10.399999618530272,0.02766795811635725,24828.326557614655,1
2025-09-16,25239.099609375,25239.099609375,25261.400390625,25070.44921875,25073.599609375,240100,0.006777256391098607,0.014898305727690797,0.00017552976409828107,0.007616583580488421,0.006336474612827671,0.002955818387073846,0.0003406368013079142,0.005112475992795182,0.0053366495443545325,63.84071075378266,0.8703848036105926,1,1.1834329266331596,10.270000457763672,-0.012499919762975042,24844.435304742514,1
2025-09-17,25330.25,25330.25,25346.5,25275.349609375,25276.599609375,268900,0.003611475529465391,0.014301404159334785,0.001485789928340816,0.002815011136329021,0.007102536817311438,0.0028301357508992127,0.0003065880153083622,0.005094312979783541,0.00536334336511167,66.14689374967335,0.971863310262573,2,0.570847818587485,10.25,-0.0019474641550334404,24863.48686141928,1
2025-09-18,25423.599609375,25423.599609375,25448.94921875,25329.75,25441.05078125,272200,0.0036853015416349333,0.01672030590770035,0.004374247441300421,0.004705897955960876,0.0074645614170220035,0.0033011881791534126,0.0018284645512931519,0.005117277523065793,0.005378540684782342,68.37168175556903,0.9864463289120823,3,0.5740449618759618,9.890000343322754,-0.035121917724609375,24885.45206722146,0
2025-09-19,25327.05078125,25327.05078125,25428.75,25286.30078125,25410.19921875,380400,-0.0037976065391384095,0.008483347186827972,-0.0005270847099109672,0.005633454255816939,0.0019468015385882551,0.0016760079966917098,-0.0012161906115475407,0.005214016449800186,0.005398950655012714,63.708256549619215,1.3411602940398752,4,-0.8244508290188656,9.970000267028809,0.008088970771377824,24902.76966385003,0
2025-09-22,25202.349609375,25202.349609375,25331.69921875,25151.05078125,25238.099609375,254500,-0.004923635718664832,0.0053113140736227304,-0.003512101454025271,0.007182540366650312,-0.004035662980306856,0.0010514480487682333,-0.008048101659266171,0.004939518877802156,0.005402180843611097,58.18787074992008,0.8903270946300508,0,-1.1345658043124702,10.5600004196167,0.05917754631753058,24914.517897007874,0
2025-09-23,25169.5,25169.5,25261.900390625,25084.650390625,25209.0,299200,-0.0013034343973540308,-0.0027576106300221115,0.0002638797861341518,0.007066074162478439,-0.004786372775601925,-0.0005523263541198532,-0.010838034376655314,0.00489624054866143,0.0052804120019855644,56.79181169085924,1.0311552247036118,1,-0.3510446518340522,10.630000114440918,0.006628758716162864,24924.51719516443,0
2025-09-24,25056.900390625,25056.900390625,25149.849609375,25027.44921875,25108.75,244400,-0.00447365300760838,-0.010791429590114587,-0.002413635550964461,0.004890645848690821,-0.007092270487334527,-0.0021720702387810643,-0.024746143928782605,0.004372543559512979,0.005305208648620032,52.17125828213856,0.9227690623171169,2,-1.1835223278947373,10.520000457763672,-0.010348039086830352,24929.70869302563,0
2025-09-25,24890.849609375,24890.849609375,25092.69921875,24878.30078125,25034.5,342500,-0.006626948212322681,-0.02095493982699237,-0.0008939809104792974,0.00861788911490231,-0.009490124408752005,-0.004252321649483221,-0.03687064955736652,0.004173680570222499,0.005345218290271408,46.20154475689294,1.2892904197252024,3,-1.7778171627951707,10.779999732971191,0.024714758925285185,24928.184807392274,0
2025-09-26,24654.69921875,24654.69921875,24868.599609375,24629.44921875,24818.55078125,291500,-0.009487437927231501,-0.02654677673713801,-0.0029046348059476863,0.009709936608851923,-0.013609220058230353,-0.005402399460456905,-0.035874611190564676,0.00470632130980995,0.005502179397224402,39.31214549350087,1.1043758287554462,4,-2.1175773198958736,11.43000030517578,0.060296900584934754,24917.45988234748,0
2025-09-29,24634.900390625,24634.900390625,24791.30078125,24606.19921875,24728.55078125,394400,-0.0008030448049409777,-0.022515726809016035,0.0029954355494158933,0.0075225580697953565,-0.009905786217715916,-0.004603172918195178,-0.02291571012123328,0.004355755255860777,0.005478599091121933,38.789894877388086,1.4489079921382781,0,-0.1911955660191211,11.369999885559082,-0.005249380403737014,24906.379117966208,0
2025-09-30,24611.099609375,24611.099609375,24731.80078125,24587.69921875,24691.94921875,303000,-0.0009661407544825362,-0.022185597275472313,0.002315772632338727,0.005860717638440588,-0.006402592659633756,-0.0045334089585969215,-0.02346714784995707,0.004340305422587752,0.005425228315527792,38.13404936736562,1.1067482421696648,1,-0.23963426490242473,11.06999969482422,-0.026385241315251773,24894.799529394004,1
2025-10-01,24836.30078125,24836.30078125,24867.94921875,24605.94921875,24620.55078125,308900,0.009150390492475902,-0.008803946455306022,0.00038402070712028675,0.010647831452092617,0.004478394622444422,-0.00179268389366035,-0.013709863949596057,0.004642932653729513,0.0055390910096379635,47.226178718824734,1.1348064877573887,2,1.9162525346093184,10.289999961853027,-0.07046068242765013,24892.505460839337,1
2025-10-03,24894.25,24894.25,24904.80078125,24747.55078125,24759.55078125,365900,0.0023332467769816567,0.00013661207545601073,-0.0030902347606428533,0.006354164151029466,0.0067943986653859765,2.738242425828428e-05,-0.006330084523917812,0.004665240408895519,0.005548673113705897,49.29135689589164,1.3315380556414782,4,0.4289108976613629,10.0600004196167,-0.022351753458598633,24892.573874139754,1
2025-10-06,25077.650390625,25077.650390625,25095.94921875,24881.650390625,24916.55078125,268800,0.007367178791287232,0.01715499216284666,0.0008958205710153951,0.008612725633575508,0.01075377350100141,0.0033979828424233927,0.0035480081838239474,0.004921884990612432,0.005574596424908076,55.25874763461642,0.96784646959277,0,1.3570733316568988,10.1899995803833,0.0129223812469339,24899.83177674702,1
2025-10-07,25108.30078125,25108.30078125,25220.900390625,25076.30078125,25085.30078125,288000,0.0012222193924698033,0.01921665535961159,0.00030506807878061867,0.0057663851872091,0.008141988852496465,0.0037754764361974387,0.005687879836905774,0.0049214012657157104,0.005505837022634951,56.1867067151653,1.0231996305112445,1,0.10943132561046937,10.050000190734863,-0.013738900433121648,24908.007031825568,0
2025-10-08,25046.150390625,25046.150390625,25192.5,25008.5,25079.75,227400,-0.0024752925801897474,0.017677015174254018,-0.001137105274416687,0.007357498450526821,0.0021454378916150835,0.0034653940546615835,0.01053745830177677,0.004909905826333956,0.005361998781697986,53.75220810365313,0.8078296239720066,2,-0.5788564708895323,10.3100004196167,0.025870669049492312,24913.424418445153,1
2025-10-09,25181.80078125,25181.80078125,25199.25,25024.30078125,25074.30078125,286300,0.005416017571936882,0.013911089378529029,0.001123940812698184,0.006991173111261694,0.004794991796317563,0.002758907014543318,0.005554050198792959,0.004966707145392907,0.0053290845320232705,58.02693619124629,1.0095026533382698,3,1.0041172799008657,10.119999885559082,-0.018428761040213515,24923.9489816924,1
2025-10-10,25285.349609375,25285.349609375,25330.75,25156.849609375,25167.650390625,232900,0.0041120501676790155,0.015710439534229792,-0.0005619292578764333,0.006912645793302908,0.005787592865081566,0.0031062084302263516,0.004518917294122682,0.005032127937297279,0.005302132497649612,60.99102273468494,0.8200126751637209,4,0.704031179868267,10.100000381469728,-0.0019762356042999363,24938.12155532701,0
2025-10-13,25227.349609375,25227.349609375,25267.30078125,25152.30078125,25177.30078125,234300,-0.0022938183927065925,0.005969427614556988,-0.004273179125233014,0.004572146341607354,0.0022868436512192493,0.0011840786942846069,0.0014560243584049726,0.00498857031623365,0.005313383478036007,58.49908729206813,0.8236948497099666,0,-0.507197060189727,11.010000228881836,0.09009899139030386,24949.46383195634,0
2025-10-14,25145.5,25145.5,25310.349609375,25060.55078125,25277.55078125,292100,-0.003244479132464395,0.0014815506263881062,0.0019899502980822137,0.009967810775806909,-0.0012602688233194419,0.00029491182645827304,-0.0015620560155398255,0.005030203301849772,0.0053099324754676625,55.079051695103004,1.0079886812636956,1,-0.6774267211103704,11.15999984741211,0.013623943270844707,24957.151524820794,1
2025-10-15,25323.55078125,25323.55078125,25365.150390625,25159.349609375,25181.94921875,289900,0.007080820872521931,0.011075569949816844,0.0014495324710186712,0.008179892741476652,0.003600113679326674,0.0022063620975919275,0.007729524600257998,0.005051436764707158,0.00524835800355929,60.4902973842534,0.9918740911812506,2,1.3658821986131373,10.529999732971191,-0.05645162392963732,24971.520123112135,1
2025-10-16,25585.30078125,25585.30078125,25625.400390625,25376.849609375,25394.900390625,372800,0.010336228211479837,0.016023476776150236,0.002817519943839333,0.009794390756769808,0.010740971813822126,0.0031867568927084434,0.005954457273776637,0.00549214932479375,0.005363571372676502,66.81839556675563,1.2532356203986956,3,1.7864176927992717,10.869999885559082,0.03228871426494839,24995.58995284303,1
2025-10-17,25709.849609375,25709.849609375,25781.5,25508.599609375,25546.849609375,422100,0.004867983737610659,0.01678837771903341,-0.0015028618269431744,0.010698368189710532,0.012266148858267057,0.0033183115854639395,0.005529153832639189,0.005534162083823488,0.0053689668972870105,69.33518796509603,1.3840932566032167,4,0.7750484944201729,11.630000114440918,0.0699172251042528,25023.60013545213,1
2025-10-20,25843.150390625,25843.150390625,25926.19921875,25788.5,25824.599609375,301100,0.005184813729964155,0.024410046667017182,0.004463269981873284,0.005339559057331756,0.012604292550004255,0.004790388046653144,0.004032640160726464,0.0055255392522037625,0.005373042164416721,71.80048567853984,1.0003322259136214,0,0.7523912249280069,11.359999656677246,-0.023215860284335976,25055.739361145184,1
2025-10-21,25868.599609375,25868.599609375,25934.349609375,25825.80078125,25901.19921875,42500,0.0009847568259027106,0.028756620841701386,0.0022461978221532198,0.004203115676622442,0.007890152849567149,0.005596063935280127,0.002320593632866741,0.005345987871845049,0.005373018097587577,72.25902567129566,0.14634986225895316,1,-0.062476489010867144,11.300000190734863,-0.005281643288353122,25087.616233624783,1
2025-10-23,25891.400390625,25891.400390625,26104.19921875,25862.44921875,26057.19921875,448400,0.0008814076368377499,0.022423775175930194,0.007290677200270629,0.009347529228775974,0.004334433956760667,0.004390261691392168,-0.006257779508310746,0.0053120833732048225,0.005154283918619009,72.68753127418799,1.5054052239307056,3,-0.10286195203236118,11.729999542236328,0.0380530393135774,25119.13718095813,0
2025-10-24,25795.150390625,25795.150390625,25944.150390625,25718.19921875,25935.099609375,284900,-0.0037174505259611745,0.008201959835030914,0.001687788921831475,0.008785652912676288,-0.001025484735854525,0.0016209985262209353,-0.021260982048882937,0.00527026351351715,0.005073706289886199,67.91820855540553,0.9500308451573103,4,-0.9826214220859676,11.59000015258789,-0.011935157298543775,25145.64750290585,1
2025-10-27,25966.05078125,25966.05078125,26005.94921875,25827.0,25843.19921875,266300,0.006625291500029773,0.009965098037040931,0.0018627078112505554,0.00692876519727417,0.0036014739618967714,0.001986428983706285,-0.03323154606103884,0.005025572648597282,0.005084125276130124,71.494643054077,0.8994342649666469,0,0.8936141830169954,11.859999656677246,0.02329590168547746,25177.82018048797,0
2025-10-28,25936.19921875,25936.19921875,26041.69921875,25810.05078125,25939.94921875,395200,-0.001149638146805021,0.003600521868214468,-0.0010052188035790121,0.008975125212395305,0.0017271759084479886,0.000716696034440487,-0.048377398796314086,0.0043003008893127935,0.00505775088950799,70.02618737966469,1.311823673902941,1,-0.8568048788381691,11.949999809265137,0.007588545969073435,25207.56053492962,1
2025-10-29,26053.900390625,26053.900390625,26097.849609375,25960.30078125,25982.0,321900,0.0045381040946781415,0.007163154714523001,0.001765901814051819,0.0052984296786093305,0.004834832779510022,0.001428896961248123,-0.050438052414368384,0.004247473835608094,0.005080925858331238,72.43062066172783,1.081526030204781,2,0.4050648992071406,11.970000267028809,0.0016736785006612465,25240.750333192183,0
2025-10-30,25877.849609375,25877.849609375,26032.05078125,25845.25,25984.400390625,257400,-0.0067571756478100875,-0.0005233699624415111,-0.0026675468531770488,0.007227663932444066,-0.0018506820651610946,-0.00010402113347199526,-0.05199404864424506,0.0046942455921832145,0.00503944075165096,64.14245920648966,0.8714936263140965,3,-1.9729886693257535,12.06999969482422,0.008354170890944701,25265.734618532686,0
2025-10-31,25722.099609375,25722.099609375,25953.75,25711.19921875,25863.80078125,334400,-0.006018660837397216,-0.0028319579511562054,-0.0005428900908331427,0.00943366270808243,-0.007298780723957287,-0.0005645815425369725,-0.03849744758774998,0.004794199780131867,0.0051061191454852975,57.837002412913726,1.127330344199845,4,-1.62126221399239,12.149999618530272,0.006627997160626009,25283.63128484023,1
2025-11-03,25763.349609375,25763.349609375,25803.099609375,25645.5,25696.849609375,23300,0.0016036793506921665,-0.00780639203021849,-0.0009816461479994062,0.006145312408609697,-0.0041487150481345466,-0.0015760857391370752,-0.04271805272997842,0.0047923412707857865,0.005098370939635844,58.98693853744321,0.08336314847942755,0,-0.02594750877848825,12.670000076293944,0.04279839292921506,25302.44376815532,0
2025-11-04,25597.650390625,25597.650390625,25787.400390625,25578.400390625,25744.75,305100,-0.006431586779760301,-0.01305313956257148,-0.0007219406504592014,0.008170956619969196,-0.007957205386498373,-0.002628142949252293,-0.03378873448076192,0.004930772319944512,0.0051923667976243905,52.7618767800577,1.0845493485949913,1,-1.513461314380577,12.649999618530272,-0.0015785680854961681,25314.020498448248,0
2025-11-06,25509.69921875,25509.69921875,25679.150390625,25491.55078125,25593.349609375,371900,-0.0034359080045569534,-0.020887512568782962,-0.00016801468823775863,0.007359285866318757,-0.007177922389008753,-0.0042519619072092915,-0.03687419525978164,0.005030304872433452,0.005061013710210509,49.76012274075014,1.3025813456621484,3,-0.8422950681448724,12.40999984741211,-0.01897231449450798,25321.6941737542,0
2025-11-07,25492.30078125,25492.30078125,25551.25,25318.44921875,25433.80078125,305600,-0.0006820322478444663,-0.014898796999937902,-0.0029752776326038978,0.009194906814339777,-0.0048686045841927865,-0.0030227626348618562,-0.03271192930437383,0.004984653481486818,0.005039513297377304,49.16424448426641,1.0559049132748255,4,-0.3160657704694098,12.5600004196167,0.01208707284842303,25328.384628950113,1
2025-11-10,25574.349609375,25574.349609375,25653.44921875,25503.5,25503.5,243600,0.0032185728871263475,-0.005744087856115354,0.000439317692275042,0.005879554521928363,-0.000512763182137933,-0.001159173518842747,-0.021332680250082947,0.0049036145665514,0.004810522897900718,52.07866251233541,0.8479384583253563,0,0.495770107132313,12.300000190734863,-0.020700654474163693,25338.03031445697,1
2025-11-11,25694.94921875,25694.94921875,25715.80078125,25449.25,25617.0,297700,0.0047156471705849246,-0.0026549494402742235,0.0016677018683347198,0.01047381676277297,0.0047376386425420445,-0.0005349140186925311,-0.01885403767527072,0.004926880573051114,0.004652527750508534,56.065650816614166,1.0246966698218742,1,0.7908660897578057,12.489999771118164,0.015447120116828916,25352.027134233165,1
2025-11-12,25875.80078125,25875.80078125,25934.55078125,25781.150390625,25834.30078125,312600,0.0070384090258497345,0.010866246955496761,0.005423305619857502,0.005950098746593642,0.009613204673614605,0.002165019967597568,-0.014838045485672913,0.005056694977499706,0.004693802795917027,61.269557892682926,1.0616764026626817,2,1.1372333966657018,12.109999656677246,-0.03042434919171333,25372.567277253434,1
2025-11-13,25879.150390625,25879.150390625,26010.69921875,25808.400390625,25906.099609375,385200,0.00012944949620363744,0.014482772560620694,0.0011709329647859629,0.00783848766537603,0.006841151326660599,0.002855572857422192,-0.01469343752170027,0.004953158480567294,0.004587762957086425,61.36084501925217,1.287885120112339,3,-0.26646553783827065,12.15999984741211,0.004128835024969968,25392.43328169938,1
2025-11-14,25910.05078125,25910.05078125,25940.19921875,25740.80078125,25767.900390625,518900,0.001194026471448284,0.016387300761305124,-0.004298827369553117,0.007746396050166587,0.004777263468819075,0.0032284676559654816,-0.006772958440348864,0.004773401988414488,0.004569453073117518,62.244915756743175,1.6709333590944953,4,0.007897033585411268,11.9399995803833,-0.018092127449790163,25412.732007171955,1
2025-11-17,26013.44921875,26013.44921875,26024.19921875,25906.349609375,25948.19921875,281800,0.0039906690408659795,0.0171695318192584,0.0014723412864789287,0.004549062726010327,0.005363124885254903,0.0033894152742668243,0.00043537492344558615,0.0043254522456426595,0.004544384291178567,65.12073392769265,0.9209300805568719,0,0.7286384859530496,11.789999961853027,-0.012562782562967056,25436.2895448809,0
2025-11-18,25910.05078125,25910.05078125,26029.849609375,25876.5,26021.80078125,280000,-0.003974806902018679,0.008371355812722747,0.0003210478714210783,0.005926211403203679,-0.0002951500040399535,0.001653771944590589,0.0005844113180339949,0.004343921069130477,0.004599187884503025,60.183874026005356,0.9367994914517046,1,-1.0064203553258297,12.100000381469728,0.026293504717533445,25454.868416895377,1
2025-11-19,26052.650390625,26052.650390625,26074.650390625,25856.19921875,25918.099609375,250100,0.005503640675154298,0.006834555995776093,0.000310645015440286,0.0084486961918435,0.003836928614840549,0.0013651043054148096,-0.0012720407942190537,0.004362839204501152,0.004642940258311795,64.21329191694599,0.8439630154552203,2,1.1668604825720226,11.970000267028809,-0.010743810772105844,25478.310847237713,1
2025-11-20,26192.150390625,26192.150390625,26246.650390625,26063.19921875,26132.099609375,240400,0.005354541588221684,0.012094678352090993,0.003049563770240807,0.00703870504673211,0.006783606803327546,0.002402826547832732,-0.000412793491600949,0.004499922749953079,0.004682668384721898,67.66114321397333,0.7850180417000017,3,1.0495510874265388,12.140000343322754,0.0142021781538475,25506.304554821527,0
2025-11-21,26068.150390625,26068.150390625,26179.19921875,26052.19921875,26109.55078125,235600,-0.0047342428227803435,0.0061018641263879125,-0.0031536016761939873,0.004874828375663463,0.000800857058922439,0.0012072289370451423,-0.000724726839468115,0.004656014968426023,0.004737686005702459,61.94786611713221,0.7970364857321673,4,-1.092019886215334,13.630000114440918,0.12273473879576069,25528.337724853034,0
2025-11-24,25959.5,25959.5,26142.80078125,25912.150390625,26122.80078125,464700,-0.004167936312968079,-0.002073897171279926,0.0020964429699106752,0.008901244672786754,-0.0029574017041370197,-0.00041390906482882364,-0.008445234685742875,0.00467784188419043,0.004768239194342572,57.37622414405274,1.5256824860055485,0,-0.9610710279932784,13.239999771118164,-0.02861337784653062,25545.2460493686,0
2025-11-25,25884.80078125,25884.80078125,26032.599609375,25857.5,25998.5,260500,-0.002877529180069005,-0.0009745252995904119,0.001502340183747761,0.006771714565406555,-0.005633555071822423,-0.0001945337930237205,0.002154560470305378,0.004483808699753143,0.004795442786461669,54.4035808585839,0.856077161964541,1,-0.6090105602401341,12.239999771118164,-0.07552870221202024,25558.561921207085,1
2025-11-26,26205.30078125,26205.30078125,26215.150390625,25842.94921875,25842.94921875,275300,0.012381783530362567,0.005859303692185236,-0.0016168392738921805,0.014402426314600135,0.005499210340973524,0.0011794596521336024,-0.0045162166464101094,0.005267869636437174,0.005045111646829036,63.21062053612769,0.9228964130070398,2,2.246826726367087,11.970000267028809,-0.02205878342632439,25583.924229444063,1
2025-11-27,26215.55078125,26215.55078125,26310.44921875,26141.900390625,26261.25,240300,0.0003911422381892571,0.0008934123497310598,0.002135034404567182,0.006447458891911505,0.0057119029154983625,0.00017859280319145048,-0.0053110479499316465,0.005182584876902015,0.005031272277032731,63.45374163541803,0.8167357759499694,3,0.013305717643072467,11.789999961853027,-0.015037619144553371,25608.693898142337,0
2025-11-28,26202.94921875,26202.94921875,26280.75,26172.400390625,26237.44921875,202500,-0.0004806903583736144,0.005171016205794077,0.0008353224268575084,0.004139842267345529,0.004189871123311599,0.0010283882970821658,-0.007391836360488124,0.004913490937618247,0.004962870204288819,62.90336588751481,0.6947422591989021,4,-0.22684143529160541,11.619999885559082,-0.014419005669549345,25631.998028362246,0
2025-12-01,26175.75,26175.75,26325.80078125,26124.19921875,26325.80078125,213800,-0.0010380212747401751,0.008330283711165398,0.004688463175438714,0.007717042762225816,0.0014875418148823448,0.001650577560523289,-0.009306316625288247,0.004678344675092262,0.004951781046948642,61.66021511635801,0.749005938096656,0,-0.41015136419464066,11.630000114440918,0.0008606049036423702,25653.32163509314,0
2025-12-02,26032.19921875,26032.19921875,26154.599609375,25997.849609375,26087.94921875,254800,-0.005484113396941881,0.00569440107905983,-0.0033542794857835973,0.006029344824868704,-0.00512684349364732,0.0011262213117102383,-0.004740950435836666,0.004885094826180263,0.00500727109675195,55.43353819450387,0.8578546899198707,1,-1.2288426220014357,11.229999542236328,-0.034393857976657394,25668.17957955027,0
2025-12-03,25986.0,25986.0,26066.44921875,25891.0,26004.900390625,265700,-0.0017746951904364927,-0.008368565699002017,-0.0010486562389756795,0.006776455863041211,-0.005224993657434904,-0.00168484252449967,-0.023539864761561002,0.004639608780500454,0.0049800458094324575,53.55898658277614,0.9005253346890357,2,-0.5457517566030876,11.210000038146973,-0.0017808998134093423,25680.64312545026,1
2025-12-04,26033.75,26033.75,26098.25,25938.94921875,25981.849609375,248100,0.0018375278996383138,-0.006934844999710199,-0.0001597164097975833,0.006141373727461915,-0.0020079516634888203,-0.0013992209747556656,-0.027478042187422114,0.004537435635224853,0.004920544031099634,55.24361167031109,0.8588935816658589,3,0.1781864956171818,10.81999969482422,-0.034790396252953104,25694.490453863975,1
2025-12-05,26186.44921875,26186.44921875,26202.599609375,25985.349609375,25999.80078125,249300,0.005865433091659877,-0.0006297001097950172,-0.001304046430114755,0.008360480165393676,0.00397271049542824,-0.00012675853459448878,-0.027859428938765918,0.004642497599920686,0.004966352594245959,60.21389476078801,0.8715411910713349,4,0.9694146885738072,10.31999969482422,-0.0462107221906094,25713.78295444774,0
2025-12-08,25960.55078125,25960.55078125,26178.69921875,25892.25,26159.80078125,320700,-0.00862653945989178,-0.008221320067237858,-0.0010176422651803898,0.011063125790535778,-0.003042999308960225,-0.001643592202610783,-0.023322434182508456,0.005125256616231416,0.005090612851771264,51.162084924763676,1.1062435322525008,0,-1.8292058396765927,11.130000114440918,0.07848841507456017,25723.460124126257,0
2025-12-09,25839.650390625,25839.650390625,25923.650390625,25728.0,25867.099609375,276000,-0.004657081109092687,-0.007396564020849761,-0.0035997376427966653,0.007604570531133396,-0.006216220394317453,-0.001483395554643381,-0.01302806656413602,0.005172850782133569,0.005039633274088976,47.08266078945259,0.9556290358880252,1,-0.955650783445468,10.949999809265137,-0.0161725339914629,25728.016605165423,0
2025-12-10,25758.0,25758.0,25947.650390625,25734.55078125,25864.05078125,207900,-0.0031598875909956137,-0.008773955206649697,0.0009443003390577148,0.008280681142888368,-0.0076160623620723355,-0.0017647297587488461,-0.004221408901093016,0.004972391552946266,0.004851469502023505,44.50191867731431,0.7331264546159814,2,-0.5911220425734692,10.90999984741211,-0.003652964616417842,25729.1924245707,1
2025-12-11,25898.55078125,25898.55078125,25922.80078125,25693.25,25771.400390625,206100,0.0054565875164998,-0.005193228741537381,0.0005202418908688563,0.008934283566695534,-0.0011604716966649967,-0.0010497648788724704,-0.005942882046694797,0.005131829238937824,0.004887619568891631,49.62100861097864,0.7504779244424215,3,1.0520833166487409,10.399999618530272,-0.04674612612417328,25735.833928754204,1
2025-12-12,26046.94921875,26046.94921875,26057.599609375,25938.44921875,25971.19921875,216300,0.005729990019651465,-0.005327182728543267,0.0028051159353903276,0.004593581891506079,0.0056449731958221816,-0.0010772803557873385,-0.010610786325301547,0.005282737467329106,0.004923920423930884,54.40322939801253,0.8335420721015819,4,1.0308576543466017,10.109999656677246,-0.02788461273943854,25748.03452836188,0
2025-12-15,26027.30078125,26027.30078125,26047.150390625,25904.75,25930.05078125,181600,-0.0007543469807149705,0.0025712089301359597,-0.004487989611307346,0.0054970764290332855,0.004368686913223288,0.0005125360320658395,0.002038731964720153,0.005212942667013621,0.004793767076062751,53.67670636273644,0.7135980509656757,0,-0.1520681808597308,10.25,0.01384770999772389,25758.986146122203,0
2025-12-16,25860.099609375,25860.099609375,25980.75,25834.349609375,25951.5,264400,-0.006424068837574293,0.0007913891419142338,-0.002912356601519228,0.005666888961349076,-0.0022409161667573483,0.00015713668445197795,0.0027192576859290662,0.005340125445218433,0.0049011350679937895,47.823881718165346,1.0421552590607202,1,-1.18594614440122,10.0600004196167,-0.01853654442763908,25762.951379975253,0
2025-12-17,25818.55078125,25818.55078125,25929.150390625,25770.349609375,25902.400390625,206500,-0.001606677033445636,0.0023507563184252955,0.001635754768503088,0.006162150830589812,-0.0043092249301887745,0.0004682950349352275,0.011336391402187895,0.005182946541996978,0.004818682540942771,46.46795154093237,0.8209919491104264,2,-0.2250942264351886,9.84000015258789,-0.02186881290778231,25765.131748652697,0
2025-12-18,25815.55078125,25815.55078125,25902.349609375,25726.30078125,25764.69921875,197600,-0.00011619552256891819,-0.0032048125279693362,-0.002085770148613771,0.006843145838258603,-0.0037871662521772715,-0.0006429485582147325,0.011173526163526404,0.005002510616163322,0.004818774955559659,46.36573132921675,0.7923491789802916,3,0.11892740006679381,9.710000038146973,-0.013211393539127925,25767.108965617295,1
2025-12-19,25966.400390625,25966.400390625,25993.349609375,25880.44921875,25911.5,382900,0.005843362036054733,-0.0030924476969846904,0.003716721737337037,0.004362381412730864,0.002657388089132297,-0.0006240333883057342,0.000810782815165223,0.005112557453251694,0.004855054323690874,52.07467706330196,1.491333982473223,4,1.177092758217286,9.520000457763672,-0.01956741293891484,25774.924315617594,1
2025-12-22,26172.400390625,26172.400390625,26180.69921875,26047.80078125,26055.849609375,253000,0.00793332910611566,0.005574900393802151,0.0034448062651878026,0.005102098200768809,0.009480610504139987,0.0011175951013017436,-0.002626351195211596,0.0053264650027820635,0.004916732433076669,58.56141280256768,1.027765929356326,0,1.4080388901356247,9.68000030517578,0.01680670585279498,25790.511612676706,1
2025-12-23,26177.150390625,26177.150390625,26233.55078125,26119.05078125,26205.19921875,216600,0.00018148889399149937,0.012260230472393774,0.0012531837980267412,0.004383773398158702,0.0072004527821363535,0.0024227871843468217,0.0009659728172695115,0.005270629457980795,0.004893722510566823,58.70022254291742,0.8878140755010862,1,-0.07453244530705802,9.380000114440918,-0.030991754264145577,25805.673917694283,0
2025-12-24,26142.099609375,26142.099609375,26236.400390625,26123.0,26170.650390625,188800,-0.0013389838361685946,0.01253164172018395,-0.0002483081581839362,0.004341017135283084,0.003353683932391993,0.0024719942644397105,0.014943412239537102,0.004496723896949776,0.004883655592451043,57.17815503262558,0.787832001502222,2,-0.27303279072087266,9.1899995803833,-0.02025592022809286,25818.867082073917,0
2025-12-26,26042.30078125,26042.30078125,26144.19921875,26008.599609375,26121.25,142200,-0.0038175521330050532,0.00878346551353415,-0.0007975491520016616,0.0052136451562783135,-0.002213386039130043,0.0017347497208577412,0.015392138413281575,0.004569693533785155,0.004893844311030855,52.96690356380303,0.6057766039021897,4,-0.7649450063319092,9.149999618530272,-0.004352553175128726,25827.629187923958,0
2025-12-29,25942.099609375,25942.099609375,26106.80078125,25920.30078125,26063.349609375,234300,-0.003847631310177624,-0.0009358548310289816,0.0008082553189829827,0.007195132555518366,-0.00586738125342624,-0.00018662545567018238,0.009019116542511862,0.00463728328451745,0.004847732935740743,49.05993390282125,0.9914103160834427,0,-0.7239699785253608,9.720000267028809,0.06229515543849762,25832.118224059293,0
2025-12-30,25938.849609375,25938.849609375,25976.75,25878.0,25940.900390625,396900,-0.00012527898855285713,-0.008923552206302698,-4.6226742170345546e-05,0.003815982687997527,-0.004209470434957867,-0.0018005541938910402,0.0001268242155763044,0.004636199847179607,0.004637200316261429,48.93385566382872,1.6167993971118397,1,0.06879551419815627,9.68000030517578,-0.004115222299809318,25836.303768581474,1
2025-12-31,26129.599609375,26129.599609375,26187.94921875,25969.0,25971.05078125,246300,0.0073538342244390265,-0.0018164995249838611,0.0012414263685526603,0.008431176354499595,0.0034797726858343207,-0.00036663754920577966,-0.005558034760118513,0.004786333128470513,0.0046997627488668215,56.06966955158195,1.00505998530972,2,1.4944656981773599,9.479999542236328,-0.0206612351894776,25847.805566259653,0
